customer_id,recency_days,frequency_annual,aov_inr,ltv_inr,discount_code_usage_rate,cart_abandonment_rate,app_channel_weight,web_channel_weight,desktop_channel_weight,social_engagement_score,marketplace_purchase_share,city_tier,browsing_search_interest,ground_truth_segment_id,cluster_id
CUST00001,54,1,1120.0,647.0,0.6299600067532561,0.535920883702492,0.3277797794118995,0.3356737026791488,0.3365465179089516,0.6964797232071769,0.6136745656706915,Metro,"try first order, referral code, influencer recommended, trending",6,4
CUST00002,47,1,1310.0,1281.0,0.5463075489444933,0.5198637344077273,0.5638552117267883,0.3412337643578411,0.0949110239153706,0.7058375693408674,0.7085346525214864,Tier3,"compare, size guide, return policy",3,6
CUST00003,10,9,590.0,4196.0,0.7737096680787073,0.3888537357351571,0.6622662400347628,0.3359168495924622,0.0018169103727749,0.695383194881521,0.784474929784092,Tier2,"lowest price, cashback, clearance",0,3
CUST00004,75,1,1230.0,2353.0,0.5396022527930164,0.815360496865287,0.5756569620809665,0.2486325718189485,0.1757104661000849,0.7232557887323309,0.3420649261416047,Tier3,"compare, size guide, delivery time, wishlist, cod available",3,6
CUST00005,10,2,1370.0,1384.0,0.3957638547063712,0.2926034561583923,0.515822931897791,0.2341855750548513,0.2499914930473575,0.7268685500509918,0.2285163965872304,Tier2,"drop alert, oversized fit, hype, kurta",2,0
CUST00006,59,2,1460.0,3423.0,0.3001176479328891,0.5924337506832017,0.4984089290276819,0.4561513007945229,0.045439770177795,0.7490478464862316,0.3281023602405886,Metro,"festive, reviews, fit check, cod available, return policy",3,4
CUST00007,73,1,1340.0,2498.0,0.4523302819903172,0.3914870723376635,0.242088056606636,0.4223369757041346,0.3355749676892294,0.5581471504569268,0.4435549308959015,Tier3,"try first order, referral code, order history, reels",6,6
CUST00008,6,8,1090.0,11737.0,0.7503985052021768,0.3042599065002211,0.7278574864594071,0.1120189860767807,0.1601235274638121,0.7961330412828924,0.4741172745259738,Tier2,"cotton, t-shirt, jeans, restock alert",2,3
CUST00009,11,12,1540.0,30734.0,0.5136427505740561,0.3196038079156,0.8418195372033354,0.1299950359413212,0.0281854268553434,0.863255845080817,0.2632433900333009,Tier2,"exchange, restock alert, collab, order tracking, hype",2,0
CUST00010,87,4,3030.0,27738.0,0.4054755451010576,0.3516111933788315,0.3334495250125489,0.3690551558402174,0.2974953191472337,0.4191247587776652,0.594560691373638,Metro,"kurta set, saree, exchange, gifting",5,5
CUST00011,52,6,1050.0,3961.0,0.4899167069018121,0.683176158583617,0.3646326429636318,0.3036166369659949,0.3317507200703734,0.7212967659757147,0.4329277942467019,Tier2,"drop alert, compare, cod available, kurta",3,4
CUST00012,20,3,710.0,2920.0,0.6105573736197675,0.0809941864146349,0.6356921277273954,0.1925759079258771,0.1717319643467273,0.6887036940147366,0.5685558211793865,Tier3,"coupon, combo offer, budget, clearance, flat 50% off",0,1
CUST00013,50,5,4180.0,12179.0,0.0752587234482135,0.2817119668690762,0.3210963175665911,0.3937877022610313,0.2851159801723776,0.2763160099006477,0.0567304665657542,Metro,"designer drop, cotton, capsule collection",1,5
CUST00014,10,7,480.0,2267.0,0.7913364767309584,0.4494116440289789,0.949026457485732,0.0341642490627685,0.0168092934514996,0.6807193423408621,0.588823785706371,Tier2,"sale, discount, cotton, coupon, clearance",0,3
CUST00015,52,3,1880.0,6308.0,0.2501840722667268,0.1821597056332431,0.4258411970051036,0.3913566010735531,0.1828022019213431,0.3300104013459698,0.4109843728269164,Metro,"new arrivals, order history, streetwear",4,5
CUST00016,37,7,2320.0,20179.0,0.450116001575927,0.1144265663309249,0.4183749068798608,0.3722772741118333,0.2093478190083058,0.1962033294899621,0.1394694003881203,Tier3,"usual size, favorite brand, restock, order history",4,6
CUST00017,13,17,470.0,11935.0,0.8123136894018538,0.1827044154599829,0.4974355402855179,0.306599028118649,0.1959654315958332,0.6082407030036174,0.7930565103024957,Tier3,"clearance, exchange, my orders, bogo offer, sale",0,1
CUST00018,18,10,730.0,11817.0,0.6208961083515384,0.2349861889676172,0.8148997351273345,0.0635398852510595,0.1215603796216058,0.3709288561706901,0.709383044033863,Tier3,"sherwani, cashback, cotton, bogo offer, discount",0,1
CUST00019,13,12,770.0,7648.0,0.6886665057543886,0.3571817490747353,0.4780876707698309,0.3615112067744844,0.1604011224556844,0.4002406254011705,0.4914314652203559,Tier2,"cotton, kurta set, ethnic wear",0,3
CUST00020,61,1,1270.0,2376.0,0.2583107702042493,0.6975127621258013,0.2912258190933241,0.5436433849591932,0.1651307959474828,0.8090653312755681,0.4060052816645363,Metro,"premium, fit check, still deciding",3,4
CUST00021,16,12,490.0,5164.0,0.736845436847249,0.3521183985669723,0.4059675364073502,0.4090335926525574,0.1849988709400923,0.5777136619269401,0.8698943702583859,Tier2,"bogo offer, combo offer, free shipping, made to order",0,3
CUST00022,11,5,1620.0,10831.0,0.292784185760169,0.3651584912760592,0.5958182453169043,0.3763829790662237,0.027798775616872,0.8508683713933081,0.3041584057698326,Metro,"streetwear, hype, collab",2,0
CUST00023,56,1,1240.0,2303.0,0.3576620653740772,0.5080626586818944,0.5188147087070026,0.3041581345991679,0.1770271566938295,0.723345828184654,0.3390428227545044,Tier2,"new user offer, reels, unboxing, size medium",6,4
CUST00024,63,3,1630.0,9010.0,0.1320734355570153,0.1176626528479857,0.3732085480036517,0.5101649494129216,0.1166265025834267,0.4123397470567986,0.3355297236919272,Tier3,"my orders, jeans, order history, new arrivals",4,6
CUST00025,76,2,2750.0,3119.0,0.4276543406589474,0.4453456794554584,0.2862980352865944,0.3873787280263273,0.3263232366870784,0.4669131970491436,0.6945274086681282,Tier2,"wedding collection, family pack, kurta set, cotton",5,2
CUST00026,39,2,1070.0,3141.0,0.4934448977031521,0.5019067547583955,0.4799261614624276,0.0639304299009612,0.4561434086366112,0.4984591019141828,0.4245403391413424,Tier3,"delivery time, jeans, membership",3,6
CUST00027,52,3,2550.0,6842.0,0.4011759951045999,0.2846613149374113,0.4548441457324101,0.3362147917690343,0.2089410624985557,0.5560767808932472,0.7339203276745677,Tier3,"saree, family pack, gifting",5,6
CUST00028,22,9,700.0,6830.0,0.7363354548819817,0.5213185778865671,0.7142556799747606,0.2575383195124128,0.0282060005128266,0.613544914213058,0.6431594666875048,Tier3,"budget, clearance, cashback, lowest price",0,1
CUST00029,14,6,630.0,8493.0,0.7538745757192141,0.4568972926342006,0.943795690608298,0.0360480801351453,0.0201562292565566,0.6636026858706523,0.6365920964076943,Tier2,"sale, size medium, discount, restock, combo offer",0,3
CUST00030,55,1,870.0,1280.0,0.4111620700739261,0.3782652870157901,0.6882734023208229,0.234363109198156,0.077363488481021,0.5909910722715822,0.394041267849785,Tier3,"referral code, free shipping, first order discount, reels",6,6
CUST00031,4,6,890.0,9788.0,0.4485163578576076,0.121135340293765,0.6379217697893672,0.1318336886174083,0.2302445415932244,0.8938919304728841,0.4432908527228672,Tier2,"restock alert, new drop, hype, streetwear",2,0
CUST00032,78,3,2560.0,17372.0,0.2747482350287168,0.2686161855656268,0.2936705677008407,0.6186009744534536,0.0877284578457057,0.2450688186453568,0.7011916252587914,Tier3,"family pack, festive, occasion wear, saree",5,6
CUST00033,12,2,1770.0,4658.0,0.1902935808631169,0.4094639837990727,0.7233324640354291,0.2334359564393268,0.0432315795252442,0.7302304460136226,0.269085770370354,Metro,"collab, t-shirt, kurta, restock, free shipping",2,0
CUST00034,29,14,1340.0,11409.0,0.2135023107925885,0.1905607494696359,0.4111647065145211,0.2523614306658465,0.3364738628196323,0.4094666589834423,0.1803878833260376,Tier3,"repeat order, order history, membership, size guide, size medium",4,6
CUST00035,10,8,470.0,3636.0,0.7942834913692567,0.4330464759503509,0.5031411281551305,0.3491293274507086,0.1477295443941607,0.8434167393403127,0.7904931331369346,Tier3,"bogo offer, cashback, size medium, budget",0,1
CUST00036,67,1,1370.0,874.0,0.6191107323354678,0.4628810593783547,0.4212027364356464,0.4313248522581935,0.14747241130616,0.6413045933588291,0.4718913156083581,Tier2,"new user offer, unboxing, first order discount",6,4
CUST00037,6,3,1090.0,6498.0,0.4206792494421299,0.324438419002657,0.8940165285400966,0.0572992133107431,0.0486842581491602,0.8363739968457424,0.4820651574604664,Metro,"trending now, hype, diwali sale",2,0
CUST00038,36,1,820.0,1431.0,0.4601365988556452,0.3023809426816298,0.7016052255084975,0.241990388968192,0.0564043855233104,0.7668401277473109,0.3281223251030598,Tier3,"try first order, trending, size medium",6,6
CUST00039,13,22,540.0,17310.0,0.8991015208964335,0.2498866598123076,0.7370576043353874,0.1875987915719098,0.0753436040927026,0.5274859037741078,0.795358677240234,Tier2,"kurta, diwali sale, flat 50% off",0,3
CUST00040,9,6,1260.0,11783.0,0.6412813163630926,0.3250284924526429,0.5861532278322212,0.3626715656204773,0.0511752065473014,0.8750546338475775,0.4730662783347049,Metro,"new drop, collab, fit check, hype, cotton",2,0
CUST00041,13,10,1520.0,9979.0,0.2916963229718526,0.284774273866589,0.7142484103315067,0.0712130269231045,0.2145385627453889,0.8333357933681855,0.17990320719978,Tier2,"drop alert, trending now, t-shirt, sneaker match, collab",2,0
CUST00042,32,1,1020.0,1435.0,0.6660711565152173,0.3854352408310476,0.4786058776312857,0.3235339456133751,0.1978601767553391,0.7528230003715976,0.5161752750404061,Tier3,"limited edition, welcome offer, try first order, influencer recommended",6,6
CUST00043,63,1,1120.0,2596.0,0.5000086465827654,0.6003618188772315,0.4548868570400092,0.3708578614709721,0.1742552814890186,0.6661745319461796,0.5410661731979068,Tier2,"try first order, wishlist, size medium, cotton, influencer recommended",6,4
CUST00044,56,1,1130.0,2018.0,0.3939940885034982,0.8387504946252503,0.1261910535799901,0.3908917203621054,0.4829172260579045,0.3590890067370677,0.3963890330718279,Tier2,"order tracking, cod available, compare, size guide",3,4
CUST00045,33,6,1770.0,18226.0,0.2795090913741416,0.1941935330122493,0.6777207923899827,0.1046259036370619,0.2176533039729553,0.5326997261501407,0.1588766518176847,Tier3,"new arrivals, favorite brand, reviews, usual size, loyalty points",4,6
CUST00046,65,5,2180.0,19041.0,0.253089645764569,0.1971182735967763,0.5871525944019937,0.2928217151417792,0.120025690456227,0.3009259189383326,0.3133577412359368,Tier3,"early access, reels, usual size, order history",4,6
CUST00047,16,4,550.0,1955.0,0.7903801438021743,0.2526333546702263,0.5253323388638306,0.0159854152647265,0.458682245871443,0.3619521314193583,0.8297468534755399,Tier2,"combo offer, discount, flat 50% off, clearance",0,3
CUST00048,15,2,720.0,3208.0,0.9008454998965316,0.408574705065985,0.6642578654181304,0.0606242323881346,0.275117902193735,0.5403355202218348,0.490558734546116,Metro,"budget, clearance, discount, combo offer, t-shirt",0,3
CUST00049,64,3,920.0,2303.0,0.2707130205408429,0.5195723370516684,0.5789983539952086,0.2252846785597136,0.1957169674450777,0.3708657342337726,0.1355554458614581,Tier2,"size medium, cotton, compare",3,2
CUST00050,12,20,1060.0,19153.0,0.2139339757454025,0.1336355510853823,0.7894757886078096,0.1242447101753011,0.0862795012168893,0.6961966338521142,0.3473135200766329,Metro,"cotton, new drop, streetwear, premium fabric",2,0
CUST00051,40,3,880.0,2240.0,0.7018873512230401,0.3605565820193868,0.2748742397298397,0.5817905704478893,0.1433351898222711,0.877619135845164,0.6167774710550574,Metro,"wedding collection, cotton, trending",6,4
CUST00052,16,3,700.0,1307.0,0.6380146858241603,0.369709342936055,0.5360962654552546,0.1618998052713158,0.3020039292734296,0.5017295224123154,0.5809577191796881,Tier3,"sale, streetwear, order tracking",0,1
CUST00053,53,1,980.0,1887.0,0.4955876360423163,0.6788695394387562,0.6417602990227375,0.2130075244934852,0.1452321764837774,0.6779441775505123,0.4536613286624615,Tier2,"size chart, free shipping, still deciding, return policy, wishlist",3,4
CUST00054,30,12,1860.0,41432.0,0.2244042996714748,0.2026229722727822,0.2305262070936271,0.5233057758960427,0.2461680170103302,0.2576180184008787,0.2635834447413923,Tier2,"order history, jeans, exchange, restock",4,2
CUST00055,70,1,1190.0,2548.0,0.2607549639755823,0.744618415480342,0.6050956536573207,0.1423609567248903,0.2525433896177889,0.5272684851289632,0.4553166268744403,Tier2,"compare, wishlist, return policy, size guide",3,4
CUST00056,7,3,1200.0,3052.0,0.3444981778503584,0.262888376748037,0.7088291862445765,0.193759470689291,0.0974113430661325,0.8400877704371488,0.4113664435912887,Metro,"trending now, restock alert, oversized fit",2,0
CUST00057,12,2,1310.0,5138.0,0.2235216638902515,0.4021336574033189,0.8434682085126807,0.1485797761030371,0.007952015384282,0.5697578585621235,0.2793400173684246,Metro,"drop alert, new drop, size medium, sneaker match",2,0
CUST00058,21,14,870.0,25395.0,0.5505992230732686,0.3268547753170495,0.7338089920379903,0.1516586503431804,0.1145323576188292,0.3972914655787245,0.7640796948304003,Metro,"cashback, lowest price, flat 50% off, budget, size medium",0,3
CUST00059,62,10,2370.0,20332.0,0.273137484133801,0.2232758760555996,0.4556551551185848,0.4803917774599806,0.0639530674214345,0.5020301861774725,0.3528231458244532,Metro,"occasion wear, wedding collection, gifting, bogo offer",5,5
CUST00060,75,2,3060.0,6061.0,0.5954741481611519,0.39827817806698,0.3949896853142803,0.4084521384812211,0.1965581762044985,0.4066712009483331,0.5878309366730684,Metro,"jeans, family pack, sherwani",5,5
CUST00061,30,1,4410.0,8336.0,0.0535374595874136,0.3341353809392663,0.0236208384455809,0.6467841508458232,0.3295950107085958,0.2280010224794632,0.1330291487087395,Metro,"premium, designer drop, ethnic wear, luxury",1,5
CUST00062,43,1,4200.0,9379.0,0.0474617883843707,0.3272503461029755,0.0392428773162037,0.5915192380487739,0.3692378846350221,0.3732514829255152,0.1093311495712574,Metro,"luxury, size medium, curated",1,5
CUST00063,36,4,1400.0,4508.0,0.4588230593451574,0.1870321060499312,0.4849287608104536,0.2778629606876474,0.2372082785018989,0.4997803721419642,0.2018660012505525,Tier3,"usual size, new arrivals, favorite brand, jeans",4,6
CUST00064,65,1,2560.0,3899.0,0.2757084343041984,0.4508699075489735,0.2191838412552862,0.5963529544763723,0.1844632042683414,0.5824257421000935,0.614684765755897,Tier2,"sherwani, size medium, ethnic wear, wedding collection",5,2
CUST00065,26,1,3080.0,3823.0,0.1193140829357853,0.2047946402280841,0.0326253631297927,0.3516865201347363,0.615688116735471,0.4743327649655995,0.0800695443705871,Metro,"premium fabric, made to order, curated",1,5
CUST00066,48,4,2080.0,19333.0,0.3498965100589624,0.0072202710229366,0.5844018134469131,0.1332210126483585,0.2823771739047285,0.3093288629970026,0.0531731611769924,Tier3,"my orders, free shipping, order history, membership",4,6
CUST00067,70,3,1200.0,8000.0,0.4690862555122553,0.9062960323264296,0.3411454054944265,0.1995993863509389,0.4592552081546346,0.4870312539043394,0.3638878410695343,Metro,"curated, compare, kurta, return policy, cod available",3,4
CUST00068,42,1,1670.0,1823.0,0.1887048941382219,0.1388219968349716,0.5835141986484996,0.2134502419531401,0.2030355593983603,0.4572927227224679,0.1862293429621695,Metro,"restock, premium fabric, membership, order history",4,5
CUST00069,17,5,610.0,4625.0,0.9026466954428404,0.2518917428376174,0.6549558182763668,0.3120260473169063,0.0330181344067268,0.6441267256336471,0.5880786691295594,Tier3,"clearance, sale, order tracking, flat 50% off",0,1
CUST00070,83,1,3020.0,4820.0,0.4766438926337332,0.3215111918119241,0.2042423474346757,0.6125036474006027,0.1832540051647216,0.6671604697621749,0.3333127830590241,Metro,"sherwani, ethnic wear, diwali sale, occasion wear, festive",5,5
CUST00071,84,2,3630.0,14749.0,0.3039750125819547,0.3677041954023383,0.1888609442882032,0.6543250886212361,0.1568139670905608,0.5719913517166478,0.5983645213426987,Tier3,"t-shirt, occasion wear, wedding collection, ethnic wear, limited edition",5,6
CUST00072,7,10,1370.0,35116.0,0.549173245712862,0.4867093215201142,0.7247530874598272,0.1718808976569009,0.1033660148832717,0.7734897762726627,0.4371712273750715,Metro,"new drop, drop alert, cotton, sherwani, oversized fit",2,0
CUST00073,18,9,670.0,7142.0,0.7165558911033566,0.2785373426052689,0.596196134190079,0.2841321854090651,0.1196716804008558,0.5567567774668457,0.7423871326711565,Tier3,"discount, cashback, curated, flat 50% off",0,1
CUST00074,57,3,2150.0,14571.0,0.1291306069033306,0.0806049538277723,0.5641431706080285,0.384528495046382,0.0513283343455894,0.2141597681295944,0.1189177167981323,Tier3,"membership, exchange, new arrivals, my orders",4,6
CUST00075,61,1,4640.0,8895.0,0.0323021670171683,0.0777719758747928,0.2979149503185773,0.4222754887183104,0.2798095609631123,0.0781521180857338,0.0452503926697872,Metro,"designer drop, made to order, limited edition, size medium, t-shirt",1,5
CUST00076,84,1,2360.0,4355.0,0.5187103043680221,0.464373064081417,0.2199749697067008,0.5495319865734115,0.2304930437198875,0.3612223074890208,0.5172258685511016,Metro,"exchange, festive, kurta set, saree",5,4
CUST00077,36,6,1470.0,5788.0,0.4668644720495889,0.0951757331322087,0.3202239020542928,0.5697219896777096,0.1100541082679977,0.515057045495689,0.2112730860460431,Tier3,"repeat order, favorite brand, oversized fit",4,6
CUST00078,18,12,590.0,11165.0,0.7703230729377891,0.4643113227652352,0.6909537573452345,0.2986783260793085,0.010367916575457,0.5185997330577649,0.5115339482282031,Tier2,"flat 50% off, cod available, bogo offer, sale, budget",0,3
CUST00079,13,14,660.0,7254.0,0.7842225953183788,0.3001501107439419,0.8394095840607558,0.1365140071764029,0.0240764087628412,0.6177102374703881,0.60371683323494,Tier3,"flat 50% off, coupon, clearance, cashback",0,1
CUST00080,8,16,1200.0,13139.0,0.5034431880404495,0.3564142528887202,0.550289684269007,0.3497812605937337,0.0999290551372592,0.8957871472564799,0.5164030771388038,Tier2,"size guide, collab, delivery time, reviews",2,0
CUST00081,44,4,4360.0,16813.0,0.0400807182705231,0.1811064234929498,0.0484089477891001,0.6292869474060948,0.322304104804805,0.3656934277831926,0.1666419670619706,Metro,"limited edition, free shipping, size medium, luxury, sherwani",1,5
CUST00082,9,16,1410.0,50703.0,0.173524925630605,0.2784964699606195,0.8412708660799887,0.1022472511217124,0.0564818827982988,0.7034232529007247,0.2846928625518347,Metro,"trending now, hype, premium fabric",2,0
CUST00083,67,2,1130.0,4019.0,0.5007016892271062,0.6534045840743272,0.5684737935323451,0.1832274919201976,0.2482987145474572,0.6207280703868149,0.5296835447570026,Tier3,"cod available, fit check, size chart, t-shirt",3,6
CUST00084,36,5,890.0,10314.0,0.6537375361976336,0.3743213445362719,0.4799374268037482,0.3512885500731472,0.1687740231231046,0.8428096933005081,0.4899992671021542,Metro,"trending, saree, first order discount, sherwani",6,4
CUST00085,9,6,1360.0,21251.0,0.3652021066607431,0.298168218624249,0.6793359702461628,0.2182561798998158,0.1024078498540213,0.8416148899287619,0.3104388648182922,Metro,"streetwear, trending now, hype, reels",2,0
CUST00086,60,1,2780.0,1523.0,0.3899496684071175,0.3736902345675413,0.3459802575794884,0.4279030725385107,0.2261166698820007,0.4777051881398746,0.2611384474961524,Tier2,"order tracking, cotton, festive, sherwani, limited stock",5,2
CUST00087,11,3,1480.0,2879.0,0.535335953488201,0.3240578650950642,0.7012362055330418,0.2717451103597468,0.0270186841072114,0.8623149089757827,0.2588854973906299,Tier2,"collab, oversized fit, jeans, new drop, order tracking",2,0
CUST00088,108,4,3300.0,15427.0,0.2124292375480423,0.5605494951278741,0.7063987693486086,0.2351218690535118,0.0584793615978794,0.2240390403801213,0.5748846224558468,Metro,"wedding collection, diwali sale, ethnic wear",5,5
CUST00089,64,7,2350.0,25641.0,0.2730855806591352,0.2175112258965589,0.376844602573234,0.2159445963029244,0.4072108011238415,0.1374474447532033,0.1904173599041509,Tier2,"my orders, favorite brand, loyalty points, order tracking",4,2
CUST00090,17,1,700.0,769.0,0.6451228734776424,0.3914944352413483,0.9023303811973072,0.093933288517788,0.0037363302849046,0.5187791756230438,0.6719062564689912,Tier2,"loyalty points, bogo offer, order tracking, order history",0,3
CUST00091,19,1,1750.0,3182.0,0.2602517166901803,0.2683699878987464,0.8567285805784327,0.1259460907297206,0.0173253286918465,0.5899485978747661,0.2465799599931547,Metro,"drop alert, try first order, new drop, trending now",2,0
CUST00092,70,2,1160.0,3723.0,0.4568941895491453,0.5721565234151469,0.5153944161661282,0.2716979886234043,0.2129075952104673,0.620693436944,0.40203749410264,Tier3,"first order discount, insta finds, new user offer",6,6
CUST00093,6,7,1310.0,13966.0,0.2897960983466031,0.420427600968158,0.4172259751604019,0.5275344051399002,0.0552396196996979,0.8556677291245073,0.5881006681181752,Tier2,"new drop, drop alert, sneaker match, oversized fit",2,0
CUST00094,16,9,530.0,8684.0,0.7844685036824108,0.1370933533576524,0.9111559065139394,0.0506376509916614,0.038206442494399,0.6720874059513735,0.4944151530176797,Tier3,"flat 50% off, discount, cashback, lowest price",0,1
CUST00095,56,1,1240.0,1618.0,0.5974497599113442,0.3485580825179428,0.3159591971174877,0.085755454450717,0.5982853484317953,0.7230676934865364,0.5794966140001726,Metro,"referral code, still deciding, order tracking, free shipping, size guide",6,4
CUST00096,11,8,570.0,8171.0,0.7550846710696295,0.506065278526518,0.8755233700480028,0.0587507483406374,0.0657258816113598,0.5646893591331731,0.729897204887718,Metro,"lowest price, budget, coupon, cashback, sale",0,3
CUST00097,71,5,3050.0,8628.0,0.2844013283025711,0.2474486297222334,0.5719409308461727,0.3894276265509334,0.0386314426028938,0.2985710818023707,0.5123944606690722,Tier3,"festive, occasion wear, t-shirt, sherwani, wedding collection",5,6
CUST00098,7,2,1260.0,3423.0,0.5230701331153593,0.2171316273303744,0.7719303128105209,0.1791267145577172,0.0489429726317617,0.8673354247863057,0.3685098293325297,Tier2,"jeans, oversized fit, size medium",2,0
CUST00099,19,2,830.0,1249.0,0.8443397313350268,0.398381553212471,0.6592093104809165,0.1466383262784564,0.194152363240627,0.5702627203315479,0.6174408857493114,Tier2,"unboxing, sale, combo offer, jeans",0,3
CUST00100,78,1,2540.0,1311.0,0.1770659863158452,0.3218590508952609,0.4663362472772618,0.3106649463406098,0.2229988063821282,0.581206037544446,0.5696863504372133,Tier3,"ethnic wear, wedding collection, occasion wear, festive",5,6
CUST00101,49,1,1290.0,2670.0,0.4718869267401803,0.4117914491739772,0.5885382711493761,0.2722421428110384,0.1392195860395855,0.7113211191843111,0.4970388674103156,Tier3,"trending, saree, new user offer",6,6
CUST00102,13,7,1760.0,28779.0,0.2514721572558089,0.4631932798250622,0.9053187433801676,0.0089855595969648,0.0856956970228675,0.7645704589223382,0.235502990368346,Tier2,"sneaker match, drop alert, new drop, hype",2,0
CUST00103,43,8,1730.0,26738.0,0.1424202347129983,0.074834380566482,0.6391594854631566,0.2723425384162281,0.0884979761206153,0.3036605245813428,0.0939449327104434,Tier2,"restock, loyalty points, new arrivals, order history",4,2
CUST00104,11,5,1500.0,20926.0,0.5903070288789433,0.214038960292159,0.7613316632040817,0.0884691514569043,0.1501991853390138,0.7727537148464936,0.3143629909482118,Metro,"exchange, hype, collab, trending now, oversized fit",2,0
CUST00105,54,1,1270.0,2162.0,0.5248954323540062,0.5351255710523148,0.2445718998796993,0.3860539927984379,0.3693741073218626,0.695566297868205,0.6175886049411251,Tier3,"welcome offer, free shipping, jeans, first order discount, referral code",6,6
CUST00106,8,1,1370.0,2350.0,0.1351119710498879,0.2984855380346955,0.8439081752618596,0.1228013176053973,0.0332905071327432,0.6179315821959955,0.3786301210715487,Tier2,"restock alert, collab, new drop, t-shirt",2,0
CUST00107,47,4,1700.0,4332.0,0.0791654379205377,0.3281647706120764,0.316948858783779,0.3875820909867896,0.2954690502294314,0.3541314537975751,0.2205488509193253,Tier2,"repeat order, usual size, my orders, favorite brand",4,2
CUST00108,79,1,1200.0,2638.0,0.3858806243248746,0.2832752733445625,0.7343422589235018,0.2173969277941303,0.0482608132823678,0.6773882763627341,0.4724609176573068,Tier2,"welcome offer, reels, trending, new user offer",6,4
CUST00109,66,1,1360.0,2504.0,0.2922510425502055,0.7000281020334433,0.5310286468836104,0.3863207183472965,0.0826506347690931,0.6843543956142925,0.2820982797428521,Tier3,"still deciding, reviews, cotton, delivery time, fit check",3,6
CUST00110,41,4,2150.0,9013.0,0.4099917818421952,0.2593586607457889,0.3580540624476412,0.473720147980904,0.1682257895714547,0.5249514837800776,0.7163379701832711,Tier3,"family pack, sneaker match, gifting, wedding collection, diwali sale",5,6
CUST00111,48,6,1590.0,6362.0,0.2566326281155107,0.2851120498438581,0.4248053772250464,0.3462705003569438,0.2289241224180097,0.4064406164253782,0.1828024283249823,Metro,"kurta set, order history, new arrivals, favorite brand, t-shirt",4,5
CUST00112,13,6,660.0,2086.0,0.8599630260582818,0.3773735237501119,0.7439242128102921,0.2502729536729746,0.0058028335167333,0.4851521577057628,0.7245344469619993,Tier3,"flat 50% off, sale, lowest price, occasion wear, family pack",0,1
CUST00113,11,1,1470.0,2898.0,0.4954748930696341,0.3590023206665295,0.8405290845507934,0.0514414695770981,0.1080294458721085,0.8472327863878564,0.3137802715376586,Metro,"trending now, free shipping, collab, limited stock, exchange",2,0
CUST00114,59,1,1200.0,2685.0,0.3466713693183272,0.8594970572354341,0.2868042458772724,0.5328969262665608,0.1802988278561668,0.5387033187432949,0.4195878129524674,Tier3,"cod available, early access, wishlist, delivery time",3,6
CUST00115,38,1,1580.0,3325.0,0.4009979662819563,0.0565317518597483,0.5518210058795339,0.3469617348006706,0.1012172593197956,0.2466203066534561,0.2406326030818842,Tier3,"my orders, occasion wear, loyalty points, usual size",4,6
CUST00116,58,3,2650.0,7666.0,0.4635577618413596,0.349435075299542,0.558832731564727,0.2748415290281246,0.1663257394071483,0.3197501688557015,0.4555184540541248,Tier2,"ethnic wear, jeans, exchange, gifting, diwali sale",5,2
CUST00117,55,4,1150.0,8792.0,0.535104518067184,0.6863384974561515,0.4572069132847201,0.1158860657009672,0.4269070210143126,0.6751797838077931,0.2603954900604727,Tier3,"size chart, return policy, exchange, drop alert",3,6
CUST00118,58,4,2740.0,16488.0,0.3247867148368742,0.3412760307506634,0.1651537248393387,0.7705383872967021,0.064307887863959,0.5576035113330734,0.342455079690767,Metro,"t-shirt, family pack, festive, kurta, gifting",5,5
CUST00119,52,3,1180.0,4979.0,0.3506725994846325,0.7723237985283651,0.2497747241806824,0.4176977451707912,0.3325275306485263,0.3937707135455269,0.4623921890839169,Tier2,"cod available, wishlist, return policy, reviews, size chart",3,4
CUST00120,15,2,490.0,1268.0,0.8037866088339459,0.264946319423555,0.8811212174553942,0.1016577104860884,0.0172210720585171,0.5225018664686735,0.7312293931207292,Tier2,"combo offer, clearance, cashback, size medium, t-shirt",0,3
CUST00121,51,3,2560.0,12631.0,0.3995013242419422,0.1921783539269241,0.2279788881173577,0.7223055291160849,0.0497155827665573,0.5189892569467331,0.5687394872650294,Metro,"order tracking, sherwani, family pack, festive",5,5
CUST00122,10,8,570.0,5665.0,0.8545031865192657,0.4355193817277202,0.7384002612507216,0.0765575311517192,0.185042207597559,0.4915775294784166,0.5545213051147657,Tier2,"cotton, bogo offer, discount",0,3
CUST00123,32,6,820.0,7984.0,0.5207868431962812,0.5641938333524802,0.1233061279488509,0.5134291606717394,0.3632647113794098,0.5682398293762441,0.546606625244402,Metro,"size guide, fit check, return policy, still deciding",3,4
CUST00124,10,4,570.0,5852.0,0.8401264542709783,0.3860491291230237,0.5931754062249697,0.3047764212289129,0.1020481725461174,0.5225605713036573,0.7006240159203233,Tier3,"welcome offer, combo offer, budget, lowest price, discount",0,1
CUST00125,31,3,3100.0,8916.0,0.1350599052395862,0.2493649656858935,0.2944754905776092,0.336600935396757,0.3689235740256338,0.357979581645548,0.2732284198875754,Metro,"capsule collection, luxury, made to order, curated",1,5
CUST00126,14,17,630.0,10686.0,0.80809017835756,0.337212081878714,0.7876846411976526,0.1644276899799855,0.0478876688223619,0.5863952510828113,0.70094466897659,Tier2,"coupon, combo offer, bogo offer, budget",0,3
CUST00127,77,5,2870.0,9513.0,0.2936622483665113,0.1972087948452043,0.3622141914127073,0.4515737613171383,0.1862120472701542,0.524803307720245,0.4934016877869993,Tier2,"wedding collection, sherwani, favorite brand, occasion wear",5,2
CUST00128,16,7,690.0,10460.0,0.6990983069329223,0.1789195579940735,0.8408813737472753,0.0447793853052787,0.1143392409474457,0.5765949455417213,0.5762316923936114,Tier2,"budget, combo offer, flat 50% off, clearance",0,3
CUST00129,77,1,1150.0,2423.0,0.4824902362480139,0.3986252326091221,0.2422663373282975,0.4930751846348874,0.2646584780368149,0.7507719339686844,0.6383528147470956,Tier2,"trending, made to order, cotton, new user offer, order tracking",6,4
CUST00130,74,1,2500.0,5066.0,0.4744335052490585,0.517046730372176,0.2205307925996281,0.7161908040081962,0.0632784033921756,0.1439330135094791,0.7476505289950237,Tier3,"kurta set, free shipping, wedding collection, occasion wear, jeans",5,6
CUST00131,19,7,650.0,7358.0,0.8109028674038972,0.2537456848696131,0.8085674644182177,0.0284659369740881,0.1629665986076942,0.7457252891387375,0.6815689267863231,Tier3,"exchange, cashback, cotton, kurta",0,1
CUST00132,31,3,3590.0,18167.0,0.0332095616538608,0.09563362909217,0.2114996314792885,0.3711223834263983,0.4173779850943132,0.2633490113021627,0.1526532243134514,Tier2,"luxury, designer drop, premium",1,2
CUST00133,50,1,1160.0,2796.0,0.4619743440909579,0.5911404089664523,0.4239823074131779,0.5408357161264568,0.0351819764603653,0.5089192163478228,0.2691958014663835,Tier3,"fit check, kurta, wishlist, delivery time, return policy",3,6
CUST00134,46,2,3750.0,6396.0,0.0747131873464019,0.2883287010008082,0.1148808032526703,0.6536920884119157,0.2314271083354141,0.2809302672785294,0.0911090234155367,Metro,"discount, cotton, premium fabric, capsule collection",1,5
CUST00135,14,2,1810.0,3798.0,0.1585885974770822,0.1963350689000238,0.613682283071969,0.2611087811546935,0.1252089357733373,0.8898190896271934,0.2354117621304848,Tier2,"t-shirt, trending now, limited stock, oversized fit",2,0
CUST00136,20,7,590.0,4494.0,0.6620157271989093,0.4845904338367895,0.7875888835054451,0.1957162161613987,0.0166949003331562,0.367333794840437,0.6289501519144782,Tier3,"discount, flat 50% off, budget",0,1
CUST00137,95,6,2910.0,29815.0,0.1436652887931236,0.4216327968119751,0.1877046344985707,0.6158941105094543,0.1964012549919751,0.4744544535902094,0.4192625372859941,Tier2,"saree, reviews, occasion wear, size guide, size chart",5,2
CUST00138,55,2,980.0,2261.0,0.4117053683504884,0.6039911330309404,0.3713075879386665,0.4436911239846692,0.1850012880766642,0.6644846811504967,0.6761850293748677,Metro,"compare, new arrivals, delivery time, still deciding",3,4
CUST00139,101,1,1630.0,929.0,0.304186124648681,0.660636260939566,0.3511468829861286,0.2119637786467922,0.4368893383670791,0.6630436403451894,0.4195614020209582,Tier2,"wishlist, size guide, kurta, size chart, free shipping",3,4
CUST00140,23,7,2840.0,13098.0,0.1705533938104651,0.1875977593556236,0.1409646878935394,0.5954348103919326,0.2636005017145279,0.4066665433310802,0.1308328945589174,Tier3,"capsule collection, premium, exclusive collection, luxury, curated",1,5
CUST00141,6,7,910.0,4044.0,0.3556012132900665,0.2983185132007912,0.6784115359911649,0.1363076985974673,0.1852807654113677,0.9013386403908336,0.6103567230477479,Metro,"trending now, limited stock, drop alert, new drop, free shipping",2,0
CUST00142,51,3,1570.0,11168.0,0.3077714099890055,0.589881102841458,0.3428641721304065,0.3690904440256756,0.2880453838439179,0.7385839062515831,0.3041473464385309,Tier2,"return policy, bogo offer, size guide, exchange, cotton",3,4
CUST00143,12,14,690.0,24456.0,0.6242720932654502,0.5318279633815255,0.652487434042394,0.2813983184420631,0.0661142475155428,0.5108100487351667,0.4678180550499062,Tier2,"sale, flat 50% off, bogo offer, budget",0,3
CUST00144,66,3,1230.0,3685.0,0.4171689018196903,0.6101205413024052,0.5226774436545937,0.3725843003338819,0.1047382560115244,0.642746011942821,0.3519487937463946,Tier3,"size chart, cod available, reviews, discount, return policy",3,6
CUST00145,11,8,680.0,8873.0,0.765253896870517,0.3704006163486522,0.6718423130443408,0.2958782567577219,0.0322794301979372,0.7334854416123635,0.850260319543849,Tier2,"lowest price, sale, cashback",0,3
CUST00146,8,12,1510.0,16877.0,0.2921540155479235,0.2326146987040633,0.8180403742522394,0.0700036813792389,0.1119559443685216,0.8513637303980467,0.3836558055977782,Tier2,"kurta set, drop alert, trending now",2,0
CUST00147,72,5,1440.0,10819.0,0.5549832798327117,0.7134088152959189,0.4548468544733289,0.2903309710038062,0.2548221745228649,0.4596832770299645,0.5035597690293938,Metro,"referral code, try first order, kurta, hype",6,4
CUST00148,50,2,4410.0,16339.0,0.1440771380463905,0.136448755427053,0.2580259134665221,0.3408785791545975,0.4010955073788805,0.2682110766253575,0.0553488974549372,Tier2,"premium, capsule collection, curated, cotton, exclusive collection",1,2
CUST00149,10,1,1440.0,3104.0,0.3721812432336319,0.3723066561163899,0.7534178819790066,0.081134152221379,0.1654479657996143,0.8677005114005837,0.4115031997720891,Tier2,"limited stock, cotton, exchange, collab, hype",2,0
CUST00150,16,1,1380.0,2816.0,0.2991810549154581,0.2554296811217635,0.7483686660740647,0.1338276918806354,0.1178036420452997,0.7489147206001091,0.3333308327609742,Metro,"sneaker match, t-shirt, bogo offer",2,0
CUST00151,45,5,1860.0,13485.0,0.2107869619400027,0.1288213292328878,0.4482289687102261,0.4577144606936617,0.094056570596112,0.3749537510791572,0.1415364027150707,Metro,"cotton, restock, usual size, early access, new arrivals",4,5
CUST00152,27,8,2540.0,49738.0,0.2447030654927879,0.271044861476469,0.1751175164226986,0.2255682510452359,0.5993142325320655,0.4969910717477949,0.2759921321152784,Metro,"designer drop, premium fabric, made to order, luxury, exclusive collection",1,5
CUST00153,49,1,1230.0,2884.0,0.5120895716008345,0.7797743928932807,0.1787485611759274,0.6203015743665398,0.2009498644575328,0.517676099421901,0.4689913161230806,Metro,"wishlist, delivery time, reviews, my orders",3,4
CUST00154,53,12,1900.0,44493.0,0.1572673558227484,0.0361341334600419,0.5353928475545121,0.3213474075107059,0.1432597449347821,0.4475954548221812,0.2322854541599919,Tier3,"loyalty points, repeat order, restock, t-shirt",4,6
CUST00155,9,10,1170.0,9354.0,0.2867256259172319,0.2107321171745255,0.5875058959747824,0.3866967252572482,0.0257973787679693,0.7246672861549315,0.2654068033012729,Metro,"my orders, repeat order, restock alert",2,0
CUST00156,18,7,630.0,10164.0,0.8358824034399405,0.4211550327231324,0.6461711412305406,0.3285841045828457,0.0252447541866136,0.6264179739936244,0.7163093432792079,Tier2,"discount, bogo offer, clearance",0,3
CUST00157,30,1,670.0,1050.0,0.8369824343937804,0.1497324745416009,0.4318323112084504,0.0662203282059166,0.5019473605856328,0.859354506504946,0.4900808305340594,Tier3,"exchange, reels, trending",6,1
CUST00158,6,9,1250.0,17934.0,0.3260242794286146,0.2513098710923858,0.8397306091556165,0.0420242676576558,0.1182451231867277,0.6280489722104377,0.2988128750119311,Tier2,"discount, hype, new drop, drop alert",2,0
CUST00159,7,8,1350.0,6013.0,0.4662400901976223,0.216547780851245,0.4779775503869299,0.3185718074300074,0.2034506421830626,0.8500075154345685,0.3175629252942399,Tier3,"streetwear, sneaker match, reels, hype, trending now",2,1
CUST00160,10,28,1330.0,61662.0,0.4144582418655494,0.172900541721951,0.663618569594288,0.1300832441931294,0.2062981862125825,0.8014613524286386,0.2985447235137504,Metro,"oversized fit, early access, collab, drop alert, hype",2,0
CUST00161,54,2,1380.0,3342.0,0.3383932543216411,0.7585488601398747,0.2289121541057918,0.4599959514006546,0.3110918944935537,0.4660735243695442,0.3507868990754558,Metro,"first order discount, cotton, size chart",3,4
CUST00162,16,3,1610.0,4616.0,0.2236424644809358,0.1721856171236902,0.8540154917350838,0.0457570695657891,0.100227438699127,0.8700070109119484,0.4519096790148138,Tier2,"collab, sneaker match, new drop",2,0
CUST00163,13,1,560.0,698.0,0.7382373543679206,0.2549172665939692,0.5338910875782427,0.2006655254296595,0.2654433869920978,0.4118368710154391,0.786003339789564,Tier2,"coupon, flat 50% off, ethnic wear, clearance, lowest price",0,3
CUST00164,66,1,1240.0,1628.0,0.4652837492317203,0.6807247114162341,0.447593048554825,0.3764548588362844,0.1759520926088904,0.7750361719970295,0.5787052075848502,Metro,"first order discount, insta finds, full price, new user offer, welcome offer",6,4
CUST00165,40,3,1900.0,5299.0,0.4823369471679511,0.0813699977170354,0.1917605209381787,0.3317858991292693,0.4764535799325519,0.4532225511871739,0.1106717727484699,Tier2,"return policy, usual size, membership",4,2
CUST00166,18,8,830.0,9890.0,0.4855232129797242,0.1984107810371287,0.4536901943351145,0.3580830988591377,0.1882267068057478,0.5502300830714754,0.6463480544751922,Tier3,"budget, cashback, lowest price",0,1
CUST00167,53,4,2510.0,14754.0,0.2205370038667882,0.1392838545733136,0.4354108547279517,0.2754919152468675,0.2890972300251808,0.2647962887271982,0.1937819531898017,Tier2,"membership, my orders, repeat order, restock",4,2
CUST00168,29,2,1480.0,3173.0,0.2097725937661552,0.1341256224785209,0.5710767044984383,0.2209610642285726,0.207962231272989,0.519627518876272,0.185341808345137,Tier2,"new arrivals, repeat order, capsule collection, restock",4,2
CUST00169,65,2,1630.0,2860.0,0.1928561684671604,0.6261456088039417,0.1049760328018176,0.8698809581712027,0.0251430090269796,0.4552776684085975,0.3973704973677083,Metro,"exchange, cod available, return policy",3,4
CUST00170,16,7,600.0,10015.0,0.7856468383395735,0.355869876247255,0.6990136495762588,0.2674730348354658,0.0335133155882754,0.4500149663994143,0.6662310577764067,Tier3,"cashback, combo offer, size medium, flat 50% off",0,1
CUST00171,55,1,970.0,1565.0,0.5703893430622959,0.8610189972075545,0.5528769934260224,0.2024450635392611,0.2446779430347165,0.8012441156573404,0.5338666807465483,Tier2,"size guide, return policy, delivery time, compare",3,4
CUST00172,18,4,860.0,2696.0,0.6115476678658158,0.5013585726549041,0.6021332590604127,0.2431911759773684,0.1546755649622188,0.5720113250018466,0.7756219954541533,Tier2,"combo offer, bogo offer, lowest price, clearance, order tracking",0,3
CUST00173,16,10,720.0,10337.0,0.7215569974501376,0.3645221506392757,0.6085560773165029,0.0663404439115995,0.3251034787718977,0.4064957354713139,0.6149808612800937,Tier2,"discount, free shipping, reels",0,3
CUST00174,25,8,820.0,10475.0,0.6910309658621351,0.3454322844356023,0.7972872843322144,0.0513267428786741,0.1513859727891114,0.4715195393956414,0.802713119731805,Tier3,"bogo offer, discount, combo offer",0,1
CUST00175,55,1,1110.0,2496.0,0.2329463994902792,0.5302915334527268,0.3047481344717678,0.5187779119918812,0.1764739535363511,0.5250879207035157,0.2061776135805305,Metro,"jeans, made to order, limited edition, cod available",3,4
CUST00176,20,3,820.0,4421.0,0.8289502269089664,0.323140380743792,0.7221581032888932,0.2745709939081878,0.003270902802919,0.5788779695637355,0.4946021258151759,Tier2,"sale, lowest price, jeans, combo offer, clearance",0,3
CUST00177,55,5,1870.0,6395.0,0.1638832935180225,0.0253911906333692,0.1109287086046693,0.4355105972795047,0.453560694115826,0.3441977056712034,0.157674673747254,Tier3,"usual size, restock, membership, loyalty points, new arrivals",4,6
CUST00178,13,4,580.0,5764.0,0.920334791233159,0.2641237548892709,0.7491763289094591,0.2177720547061948,0.0330516163843462,0.8219916237385733,0.6964179514449657,Tier3,"free shipping, sale, budget, cotton, lowest price",0,1
CUST00179,8,8,1150.0,10756.0,0.404439650512806,0.3376919361500973,0.8729124394320286,0.0213996779715892,0.1056878825963821,0.7368708638090163,0.1467895890074644,Metro,"exclusive collection, drop alert, capsule collection",2,0
CUST00180,78,1,1520.0,1790.0,0.4395992302759303,0.7361419646823905,0.318857130997774,0.5566376051430135,0.1245052638592124,0.4265136081343444,0.3264412338805306,Metro,"return policy, cashback, wishlist, fit check, jeans",3,4
CUST00181,35,12,1530.0,23852.0,0.390228350341597,0.0626561365955546,0.6354638928968812,0.304314848265256,0.0602212588378628,0.377078260146241,0.2837507773040469,Tier3,"early access, order history, kurta, usual size, repeat order",4,6
CUST00182,41,6,1470.0,10959.0,0.229143276025012,0.1944991521750836,0.4717888063676982,0.4539498577114239,0.0742613359208779,0.34686248244814,0.0537362343048389,Metro,"size medium, usual size, new arrivals",4,5
CUST00183,62,3,1140.0,3081.0,0.2167785660184445,0.6326926738659706,0.6673578423579014,0.199113450069484,0.1335287075726146,0.7195216825354721,0.3966875372680454,Tier2,"order tracking, reviews, discount",3,4
CUST00184,36,3,3400.0,7335.0,0.109801017001397,0.0870350534772495,0.1794559164787791,0.4724090068390156,0.3481350766822052,0.337992677447742,0.2174117570339178,Tier2,"full price, exclusive collection, designer drop, curated, made to order",1,2
CUST00185,46,6,900.0,9748.0,0.5870064813759539,0.71084318816051,0.3365661666798021,0.4909735345740685,0.1724602987461294,0.6206623265764507,0.4392678113054212,Tier3,"wishlist, size guide, size medium",3,6
CUST00186,15,15,630.0,7181.0,0.8109666166484641,0.2121687649771033,0.3359557336438294,0.1478166175403295,0.5162276488158412,0.5199366047452061,0.843254945711396,Tier3,"lowest price, combo offer, coupon",0,1
CUST00187,44,5,1540.0,11883.0,0.2037179261473754,0.194953790420084,0.5592598318273041,0.1855605548852361,0.2551796132874596,0.3919520207017011,0.1874403795704587,Tier3,"my orders, early access, kurta",4,6
CUST00188,28,6,850.0,6367.0,0.6746072651739399,0.5569229234400579,0.3187240127994404,0.459615293068494,0.2216606941320655,0.4743098121358937,0.5534491804333271,Tier2,"usual size, budget, combo offer",0,3
CUST00189,9,15,1470.0,35829.0,0.5879259147985126,0.1621441684602831,0.7618871080558486,0.2254448675993819,0.0126680243447694,0.7594135965629476,0.4643214685229374,Metro,"streetwear, oversized fit, jeans, sneaker match",2,0
CUST00190,63,1,1140.0,1987.0,0.6166924616275985,0.4451240965938404,0.7382057703696333,0.1985407034055586,0.063253526224808,0.6192906704097728,0.6335676872045581,Tier2,"referral code, try first order, trending",6,3
CUST00191,67,6,1220.0,5192.0,0.2151092495884102,0.6624571890418869,0.3649099910765798,0.3296055274048027,0.3054844815186174,0.2874036224799181,0.3944300621446631,Metro,"reviews, return policy, delivery time, still deciding",3,4
CUST00192,79,2,1010.0,4459.0,0.6331938696779745,0.2683077521427222,0.297948901753417,0.1480673426996061,0.5539837555469768,0.774940641960067,0.3837657936580392,Metro,"curated, insta finds, new user offer",6,4
CUST00193,39,3,1010.0,3559.0,0.4621368394148757,0.7361016175808512,0.3952957496163179,0.429217777497233,0.175486472886449,0.7069395478559187,0.4166927457886548,Tier2,"size guide, compare, wishlist, exchange",3,4
CUST00194,13,5,490.0,3118.0,0.7929727843517023,0.3201486270679087,0.7952658957956423,0.1828352851151179,0.0218988190892398,0.6861368335493506,0.6978984816938405,Tier2,"budget, collab, flat 50% off, bogo offer, sneaker match",0,3
CUST00195,15,7,620.0,11049.0,0.7820511450580034,0.4531996454704863,0.792074579918423,0.1870165201048407,0.0209088999767362,0.4202295597947221,0.6400629134059215,Tier3,"order tracking, sale, lowest price",0,1
CUST00196,57,2,3540.0,4323.0,0.3505260760586121,0.3230332436596931,0.2253553616763775,0.5275459523120787,0.2470986860115437,0.7051858050808217,0.5181145765922068,Tier2,"saree, gifting, wedding collection, occasion wear",5,2
CUST00197,29,4,3360.0,33710.0,0.0756750173949145,0.3766655933067318,0.123659413471551,0.3470499534254638,0.5292906331029852,0.3854254547852562,0.0605996180981399,Tier3,"capsule collection, limited edition, made to order",1,5
CUST00198,78,1,1290.0,1634.0,0.4775351448674456,0.394781988332853,0.3937512724307237,0.4532983667822378,0.1529503607870383,0.6347600449829198,0.5971761098975799,Tier2,"referral code, welcome offer, first order discount",6,4
CUST00199,18,11,590.0,7536.0,0.801912792702445,0.1785978974738097,0.4822583670228034,0.3568717443728176,0.1608698886043791,0.7006298163120958,0.7496745845952095,Tier3,"flat 50% off, sale, combo offer, restock",0,1
CUST00200,31,4,1450.0,4586.0,0.2437113281709062,0.199231076781436,0.4773153448783999,0.2320501987113255,0.2906344564102744,0.4512154397096345,0.3548671557181511,Metro,"order history, usual size, streetwear, hype, favorite brand",4,5
CUST00201,12,14,450.0,13115.0,0.8193803122103993,0.2906798435219365,0.4259843686324827,0.4767021542968866,0.0973134770706306,0.6102673188709473,0.7647796075612373,Tier2,"sale, discount, lowest price",0,3
CUST00202,18,12,760.0,20801.0,0.7008500646529758,0.4762013668694659,0.7989128455336703,0.1247410913169585,0.0763460631493711,0.546514442368455,0.5510734745341694,Tier3,"discount, free shipping, clearance, exchange, flat 50% off",0,1
CUST00203,39,3,3850.0,21296.0,0.0254121255095903,0.270552853460246,0.1382455008728692,0.358620001294906,0.5031344978322247,0.0687246296543856,0.1797213556828282,Metro,"premium fabric, full price, exclusive collection, exchange",1,5
CUST00204,60,1,1520.0,3789.0,0.348467295565237,0.6723873290694029,0.3995627486076385,0.3652827764964291,0.2351544748959323,0.753486056531483,0.5291609721629096,Tier2,"size guide, still deciding, compare",3,4
CUST00205,10,1,1400.0,2384.0,0.5345300397985905,0.3518312870418695,0.8124961719960366,0.1167237008590771,0.0707801271448859,0.853484795105126,0.2600705859073504,Tier2,"new drop, drop alert, trending now, exclusive collection, limited stock",2,0
CUST00206,86,1,3040.0,5940.0,0.2250410642135793,0.2727429910382421,0.1356604203757733,0.5598914566184724,0.3044481230057544,0.4316435748691734,0.6227444459918654,Tier3,"saree, sherwani, ethnic wear, exchange",5,6
CUST00207,8,6,1190.0,14752.0,0.4857697828539752,0.1908279138924373,0.8748577671628378,0.0828072947854274,0.0423349380517346,0.7307945564352982,0.4601038677550632,Tier2,"collab, drop alert, sneaker match, hype",2,0
CUST00208,59,1,1520.0,2803.0,0.4032258147137782,0.6073516132397754,0.2819936141436247,0.5765929823659492,0.141413403490426,0.5770806867885745,0.1918407045067912,Metro,"fit check, reviews, wishlist",3,4
CUST00209,9,30,420.0,12331.0,0.7435276060976214,0.2422549794897849,0.8766067256960024,0.1151245074701918,0.0082687668338057,0.7543297111158737,0.8647824768389377,Tier3,"jeans, clearance, budget",0,1
CUST00210,64,7,3070.0,45487.0,0.2294814374728519,0.3198639187918964,0.3459040675007258,0.3936537070858519,0.2604422254134222,0.5993560679074033,0.3679615443046508,Metro,"diwali sale, family pack, sherwani, gifting",5,5
CUST00211,16,6,660.0,5578.0,0.7784464960398847,0.5919990671719804,0.9232400217943002,0.0586739807787689,0.0180859974269308,0.6370690446263153,0.5233638091188882,Tier2,"coupon, flat 50% off, cashback",0,3
CUST00212,55,1,2570.0,4006.0,0.4916388379466524,0.2162475233310433,0.0607057827891868,0.7788195927703239,0.1604746244404893,0.4697637003821337,0.4151843861333432,Tier2,"order tracking, sherwani, gifting",5,2
CUST00213,52,1,1150.0,2936.0,0.4336093800900455,0.4681709690149502,0.1769750504243541,0.5936659536943965,0.2293589958812494,0.7766632098960236,0.5662740044918511,Tier3,"flat 50% off, trending, insta finds, reels, sale",6,6
CUST00214,89,1,3000.0,7083.0,0.2093148312076701,0.2686818929849057,0.358793275414705,0.6032448489351235,0.0379618756501714,0.4450543371231248,0.5573761642228602,Tier2,"gifting, sherwani, kurta, saree, festive",5,2
CUST00215,56,6,2250.0,31546.0,0.1428097945906964,0.0541518834720694,0.4131614237704866,0.4375459846678092,0.149292591561704,0.504931258288956,0.2302425104862881,Metro,"order history, usual size, kurta",4,5
CUST00216,36,4,3770.0,29151.0,0.1715285902239465,0.2501438322511296,0.1932439678906281,0.241778517996288,0.5649775141130838,0.0907705057016631,0.2566014968753084,Metro,"made to order, premium fabric, capsule collection, full price, limited edition",1,5
CUST00217,84,1,2450.0,6080.0,0.1460150893044078,0.3973262861543095,0.2144881060533386,0.5616775413717051,0.2238343525749563,0.3618390598319738,0.4736742326419351,Tier2,"saree, diwali sale, kurta set, gifting, family pack",5,2
CUST00218,6,4,1390.0,10132.0,0.2372303934046329,0.4597444244176903,0.7836948153896968,0.0577358539139264,0.1585693306963768,0.8448877493782964,0.3337254464864058,Metro,"restock alert, trending now, drop alert",2,0
CUST00219,42,2,1060.0,4013.0,0.4811996589141264,0.6050318581875346,0.2255290946838873,0.2278514463716058,0.5466194589445068,0.61045011482366,0.559814141212365,Tier3,"size chart, free shipping, still deciding, loyalty points, reviews",3,6
CUST00220,61,2,1030.0,3621.0,0.5085747585448719,0.5157082167555131,0.4443478310100638,0.4912666085250076,0.0643855604649284,0.5062842947892393,0.3427016792024048,Tier3,"fit check, compare, reviews",6,6
CUST00221,47,6,2610.0,34858.0,0.3728136417469033,0.2559135271355728,0.3088563833055661,0.374123628202295,0.3170199884921389,0.433980485906659,0.1548118157798145,Tier2,"early access, new arrivals, family pack, ethnic wear, usual size",4,2
CUST00222,58,1,970.0,983.0,0.3569353461042262,0.4082976505747193,0.6017253837909339,0.1189550667440755,0.2793195494649906,0.6460839266867632,0.519963453337444,Tier2,"welcome offer, order tracking, sneaker match",6,4
CUST00223,24,6,830.0,7669.0,0.7256579404885474,0.4603540013237316,0.8651827020423438,0.0359112854986853,0.0989060124589707,0.5947915050225135,0.6486344143037646,Tier3,"new drop, streetwear, jeans, discount, sale",0,1
CUST00224,37,14,1240.0,39996.0,0.2843638014856501,0.0394391394541728,0.4610870467012885,0.395931516836955,0.1429814364617565,0.3387656192420306,0.2578148614353042,Tier3,"favorite brand, occasion wear, restock, exchange, saree",4,6
CUST00225,77,1,1070.0,1457.0,0.2740915927745702,0.5456085284729798,0.1048559602879563,0.755470450655867,0.1396735890561766,0.6190970372813992,0.4978301341444344,Tier3,"cod available, compare, drop alert, fit check, wishlist",3,6
CUST00226,31,8,1270.0,7734.0,0.199330997595502,0.1510217292009783,0.3852151939442709,0.2486606622114223,0.3661241438443067,0.3211952728023834,0.370994783579177,Tier2,"early access, usual size, t-shirt, order history, collab",4,2
CUST00227,56,6,2610.0,24383.0,0.5563167996193624,0.3880405303210458,0.2927666185987033,0.4172942587794521,0.2899391226218447,0.4957958996389724,0.530671965036664,Tier2,"kurta set, ethnic wear, gifting, exchange",5,2
CUST00228,55,2,1340.0,2952.0,0.5896886974709239,0.4232004782473695,0.4389417740074174,0.2696523519268642,0.2914058740657184,0.9233606674626056,0.6379245640058234,Tier3,"trending, free shipping, new user offer",6,6
CUST00229,42,2,3560.0,4733.0,0.3200923244797978,0.3341518612301415,0.4809411764703848,0.348780520127119,0.170278303402496,0.5137703584290446,0.1401061554488989,Tier2,"premium fabric, capsule collection, limited edition, made to order",1,2
CUST00230,11,4,1480.0,8601.0,0.0648348888124391,0.3610244920664774,0.6568153026774924,0.1856613757064365,0.157523321616071,0.7575816046766312,0.3213372336597236,Metro,"new drop, collab, hype",2,0
CUST00231,42,1,1120.0,1970.0,0.5451604040322714,0.7197009513253867,0.3453357236936694,0.2780667825139576,0.3765974937923729,0.568498028305974,0.4776114397688117,Metro,"reviews, wishlist, fit check, return policy, curated",3,4
CUST00232,15,30,460.0,13761.0,0.6567728244819769,0.3807988776824459,0.7215295684270718,0.2392472257308448,0.0392232058420834,0.6405279392449987,0.6672837927316253,Tier3,"coupon, sale, kurta, lowest price",0,1
CUST00233,14,14,610.0,17062.0,0.8051294044387105,0.4459887048740876,0.9531968289115388,0.0078954969225157,0.0389076741659453,0.594253229430428,0.6249809917307403,Tier2,"size medium, combo offer, sale, coupon, budget",0,3
CUST00234,10,6,700.0,5518.0,0.8151985251747464,0.3701528930833668,0.4154405757157187,0.4622664376240238,0.1222929866602574,0.6156188663138893,0.6597677764546395,Tier3,"sale, delivery time, clearance, flat 50% off, bogo offer",0,1
CUST00235,10,9,1290.0,24841.0,0.2859846074501163,0.4133864875638407,0.9501400672933216,0.0467163122741756,0.0031436204325027,0.8013678053591489,0.4095769498838522,Tier2,"sneaker match, size medium, jeans, restock alert",2,0
CUST00236,39,5,1530.0,6363.0,0.2588778282118454,0.2894893241726888,0.3032941871504454,0.2397496169666586,0.4569561958828959,0.3719001777291293,0.5359273955937285,Metro,"compare, cotton, restock",4,5
CUST00237,13,9,610.0,12617.0,0.6580735942577796,0.503412310374,0.3529725433897468,0.2341123191920779,0.4129151374181752,0.5311916850748346,0.5312236464931522,Tier2,"cashback, restock, bogo offer",0,3
CUST00238,38,1,3450.0,3705.0,0.1551748537959149,0.0764789394380243,0.4533700170086153,0.4142287651726984,0.1324012178186862,0.3566838778152274,0.2875600310073048,Metro,"designer drop, premium fabric, made to order, curated",1,5
CUST00239,59,9,2700.0,24916.0,0.3019765025473522,0.5110403173821056,0.4052520828134486,0.3206769819689596,0.2740709352175918,0.5327847383116977,0.4176607560017674,Metro,"ethnic wear, wishlist, size guide, diwali sale, family pack",5,5
CUST00240,44,1,3460.0,2635.0,0.1281613501367997,0.279661463221321,0.3602765057679164,0.2677295099814288,0.3719939842506548,0.3187292979756508,0.2023035761790629,Metro,"premium, designer drop, premium fabric",1,5
CUST00241,44,1,840.0,408.0,0.454830178460987,0.7690398579082872,0.2668526130128075,0.3090791540074377,0.4240682329797549,0.5741778860463327,0.3589064467106994,Tier3,"delivery time, size guide, cod available, still deciding, compare",3,6
CUST00242,41,6,2060.0,19841.0,0.120709900871895,0.1797418281153465,0.2832735552595491,0.3724826021839651,0.3442438425564857,0.2501509695885351,0.5134695629225942,Metro,"my orders, favorite brand, new arrivals, diwali sale, repeat order",4,5
CUST00243,62,6,1840.0,22287.0,0.0742013833101219,0.1956984424345092,0.1469796995186712,0.5649183243104846,0.2881019761708441,0.2786678143856291,0.2023642322816828,Metro,"order history, curated, restock, repeat order, early access",4,5
CUST00244,55,1,1270.0,2404.0,0.2445549054805237,0.6917567459890757,0.3347795841466764,0.6056178980306854,0.059602517822638,0.6843767594234977,0.5588924787930533,Tier2,"compare, size chart, jeans, return policy, size guide",3,4
CUST00245,11,8,1440.0,19205.0,0.3362089586563727,0.3092946394284683,0.7185738359403767,0.1884507166362332,0.0929754474233901,0.707854801460222,0.4183459096252608,Tier2,"sneaker match, collab, hype, restock alert, cotton",2,0
CUST00246,8,2,1450.0,6266.0,0.5563497846362683,0.3795106492796779,0.6681164560297608,0.3027735300465105,0.0291100139237287,0.8627716749479277,0.1698450671563605,Tier2,"sneaker match, kurta, streetwear, limited stock, my orders",2,0
CUST00247,14,8,720.0,12234.0,0.796404622824612,0.3840682914806336,0.4976095132977131,0.2061697741598377,0.2962207125424491,0.5164976161067967,0.5715915478509896,Tier2,"combo offer, coupon, bogo offer, sale",0,3
CUST00248,36,2,1440.0,1907.0,0.2515335342169159,0.2019395187684261,0.3979125895249893,0.5550447360372421,0.0470426744377687,0.3139895334514102,0.2234387901311241,Tier2,"favorite brand, cashback, my orders, order history, jeans",4,2
CUST00249,63,1,1830.0,2958.0,0.2076375232216718,0.201023997142138,0.6742861171637046,0.1815776772187868,0.1441362056175084,0.4856293982092612,0.1750538404366855,Tier2,"limited edition, usual size, early access",4,2
CUST00250,8,7,1330.0,5837.0,0.4583140365972465,0.3572220896711482,0.5887679903476628,0.3518353502724253,0.0593966593799118,0.9340986512694144,0.3340149749715293,Metro,"oversized fit, try first order, restock alert, sneaker match",2,0
CUST00251,55,1,2900.0,6494.0,0.4056218042739802,0.2983695496432411,0.6132335495177954,0.3354202936032338,0.0513461568789706,0.3564907701022796,0.588250523315259,Tier3,"kurta set, occasion wear, diwali sale, gifting",5,6
CUST00252,11,16,610.0,12000.0,0.6590490257135657,0.3281992148960883,0.5580557250166212,0.398899029788352,0.0430452451950268,0.8066736607851287,0.7297947778964995,Tier3,"size medium, discount, referral code",0,1
CUST00253,11,5,1370.0,10184.0,0.2465727822654433,0.1727718467301864,0.7766103960019654,0.1392928118771963,0.0840967921208384,0.7876034403195599,0.454671554820963,Tier2,"sneaker match, oversized fit, hype, order history",2,0
CUST00254,77,1,1470.0,1839.0,0.2537711233870674,0.844941812665797,0.3573272661461737,0.2592773800123631,0.383395353841463,0.5437996249924033,0.1815395380769479,Metro,"free shipping, cod available, first order discount, delivery time, size chart",3,4
CUST00255,35,3,1840.0,4773.0,0.470410792807881,0.2946876051239013,0.3979247688061613,0.3951950607046175,0.2068801704892212,0.4177134256449268,0.3288896009394655,Tier2,"membership, order history, restock, order tracking, usual size",4,2
CUST00256,13,4,1710.0,6677.0,0.2845303810425189,0.4140911813466898,0.7160066030455094,0.0735771450284496,0.2104162519260407,0.7600402633008672,0.2644103900179672,Metro,"restock alert, order tracking, sneaker match, hype",2,0
CUST00257,21,14,820.0,18931.0,0.7771650246831303,0.3516204741353273,0.7594584746436523,0.207348670036257,0.0331928553200906,0.3774325900144342,0.7131378988261633,Tier2,"cashback, cotton, clearance, made to order",0,3
CUST00258,63,1,1420.0,1533.0,0.4199628609882535,0.443414425538632,0.5561832771289605,0.3724227857397078,0.0713939371313315,0.6044790133046789,0.4851633033358891,Tier2,"try first order, reviews, trending",6,4
CUST00259,50,1,2550.0,3568.0,0.3235994082768063,0.191254650785445,0.5286959385857002,0.3219391855812647,0.1493648758330351,0.6125802306393374,0.0876026742712575,Metro,"usual size, repeat order, restock, loyalty points, membership",4,5
CUST00260,62,2,1140.0,3101.0,0.5042567919898495,0.6173646011911416,0.4758439814958345,0.2002051821838696,0.3239508363202958,0.5665280892680068,0.3312560871755063,Tier2,"fit check, delivery time, membership, wishlist, my orders",3,4
CUST00261,25,7,640.0,3671.0,0.7444407984832219,0.3816840869795676,0.5617149818271371,0.2703502291988049,0.167934788974058,0.5141618657530239,0.56667755857731,Tier2,"discount, kurta, budget, free shipping, jeans",0,3
CUST00262,14,5,1580.0,7747.0,0.2748175331986675,0.1440653125806117,0.8267995150560487,0.0634201121190506,0.1097803728249006,0.7294131718446633,0.3251622149747344,Tier2,"restock alert, collab, sneaker match",2,0
CUST00263,9,4,1440.0,5816.0,0.4336907738988621,0.3727344946170006,0.4115795559157336,0.5633131150807159,0.0251073290035505,0.9332042215787923,0.2977527133032569,Metro,"collab, size medium, combo offer, limited stock",2,0
CUST00264,13,14,1710.0,20884.0,0.3711124092643975,0.2967013215059015,0.8483061621978297,0.1423491904635544,0.0093446473386159,0.7698763455723303,0.3722605219929407,Tier3,"streetwear, free shipping, new drop, restock alert, collab",2,0
CUST00265,105,2,3600.0,8578.0,0.3161222307337886,0.1385666003254686,0.2263454041233277,0.4158742488226054,0.3577803470540669,0.3989867019753265,0.4944129864357425,Metro,"occasion wear, delivery time, sherwani, ethnic wear",5,5
CUST00266,83,7,3020.0,35752.0,0.1944253230233643,0.3850628118726667,0.567017875388769,0.24831486214117,0.184667262470061,0.4220495049907741,0.3745572097878241,Metro,"kurta set, occasion wear, size medium, saree",5,5
CUST00267,40,2,960.0,4036.0,0.4619109808441068,0.6654267126794781,0.323196266466897,0.3571471420191738,0.3196565915139291,0.6362822942285188,0.2624198976618907,Metro,"size guide, delivery time, cod available, discount",3,4
CUST00268,52,1,5430.0,14640.0,0.0561550752843632,0.1658506590873025,0.0892805200489493,0.6804416426286963,0.2302778373223542,0.1716140405127741,0.0970939399164329,Metro,"premium, free shipping, premium fabric",1,5
CUST00269,73,1,1320.0,2219.0,0.7183191966330447,0.5473599344134237,0.3278101467860027,0.309983505189446,0.3622063480245511,0.6890404220576288,0.346019264945939,Tier2,"referral code, reels, insta finds",6,4
CUST00270,61,4,770.0,3470.0,0.4911295329679844,0.4012074315323855,0.7464982772951673,0.1417598155573943,0.1117419071474385,0.7726500781543536,0.5619448616957917,Metro,"influencer recommended, wishlist, new user offer",6,4
CUST00271,54,1,1010.0,2624.0,0.4507533365202269,0.5337837169342523,0.6430657168192959,0.1600793553964775,0.1968549277842264,0.7044763495009108,0.407549150231892,Tier3,"try first order, insta finds, occasion wear, referral code",6,6
CUST00272,36,1,3300.0,3179.0,0.042715587347982,0.3439471867536502,0.2451083801216177,0.5960101966954089,0.1588814231829734,0.4914816471006496,0.0758145810822637,Metro,"premium, size medium, referral code, premium fabric",1,5
CUST00273,52,1,1370.0,818.0,0.2757649752147236,0.6047918755632976,0.5202122765524937,0.2716405436471042,0.2081471798004019,0.5670200368097731,0.4543870757241413,Tier2,"reviews, order tracking, still deciding, compare",3,4
CUST00274,49,4,1460.0,4838.0,0.1404442781837474,0.17856280410133,0.2971655805888115,0.3454512200593123,0.3573831993518762,0.3551524559496187,0.2206810662591747,Metro,"usual size, exchange, new arrivals, order history",4,5
CUST00275,14,6,560.0,2369.0,0.6988565791735997,0.4828700508577893,0.8246046212938862,0.1719761552143266,0.0034192234917872,0.7228891982036167,0.8453318248868817,Tier3,"flat 50% off, clearance, festive, exchange",0,1
CUST00276,31,3,3950.0,5964.0,0.118385293853375,0.3876647113536886,0.1253479734734045,0.5595606160369884,0.3150914104896072,0.1976002385601126,0.1805476226363318,Metro,"jeans, premium, premium fabric",1,5
CUST00277,62,1,1040.0,930.0,0.5259958763063421,0.3557424321030038,0.3859118953205879,0.5646477753119052,0.0494403293675066,0.7458310965045334,0.5995640381438513,Tier2,"unboxing, reels, first order discount, welcome offer, insta finds",6,4
CUST00278,17,8,630.0,8007.0,0.651137322066815,0.4512973110619614,0.4629789373819736,0.3484817783146476,0.1885392843033788,0.3895986100657014,0.7437842561802822,Tier3,"jeans, bogo offer, cashback, flat 50% off",0,1
CUST00279,11,5,1840.0,15886.0,0.4081480952540058,0.3101839510382041,0.3837551947480653,0.4855132307978396,0.1307315744540951,0.8861824237729113,0.3693351010999319,Metro,"cotton, lowest price, sneaker match",2,0
CUST00280,77,4,1100.0,7066.0,0.1889508635912669,0.536507056471186,0.1771505816892772,0.4001149146514955,0.4227345036592271,0.6236298917366733,0.2485784737090253,Tier3,"referral code, fit check, still deciding",3,6
CUST00281,104,5,6000.0,68304.0,0.0316797174044597,0.2322633915109832,0.3052365617322728,0.2129081738653326,0.4818552644023947,0.1602100355724691,0.1249895934680726,Metro,"capsule collection, luxury, size medium, reels",1,5
CUST00282,12,10,540.0,5916.0,0.8072177392704672,0.283921842200652,0.5700123893136794,0.335697621105402,0.0942899895809185,0.512550592086437,0.5582608110189867,Tier3,"lowest price, bogo offer, cashback, combo offer",0,1
CUST00283,18,9,590.0,7350.0,0.7986986038179289,0.3980206738610767,0.8918894342035071,0.0759798470397614,0.0321307187567313,0.577770415298911,0.6480343265447049,Tier2,"cashback, usual size, flat 50% off, clearance",0,3
CUST00284,28,9,1030.0,18987.0,0.4640072403867522,0.1191602609990695,0.4262894641262365,0.1925980451289797,0.3811124907447836,0.3169844149610961,0.2595108537395282,Tier2,"exclusive collection, favorite brand, my orders",4,2
CUST00285,13,5,1300.0,11314.0,0.1563492023858796,0.397652527803096,0.6107541407373297,0.156726820715202,0.2325190385474683,0.7963927550642472,0.4308302398740266,Metro,"streetwear, sneaker match, cotton, hype",2,0
CUST00286,39,1,1980.0,1077.0,0.4410929050318641,0.2925295926763412,0.2595504627427205,0.7337578245033419,0.0066917127539376,0.3955116099484141,0.5452673566539346,Tier2,"saree, cotton, size medium, gifting, unboxing",5,2
CUST00287,71,5,2090.0,8329.0,0.1908520101636297,0.0828202593072361,0.5196116803126606,0.3994810391494983,0.0809072805378412,0.2982852639184691,0.3781032563715774,Metro,"my orders, order history, loyalty points, repeat order, favorite brand",4,5
CUST00288,85,1,3470.0,6758.0,0.4240749431089868,0.5208747034337017,0.3161758664113224,0.3798766574214038,0.3039474761672737,0.283107381348728,0.4481129989174429,Tier2,"trending, family pack, order tracking",5,2
CUST00289,9,7,1970.0,20739.0,0.4128961810532776,0.2420170761389586,0.4243681918795929,0.5131498541711259,0.0624819539492811,0.7298505853759724,0.402856649522488,Tier2,"trending now, collab, restock alert, size medium",2,0
CUST00290,48,7,3920.0,35903.0,0.0663167912176132,0.4387196001706756,0.0372359988619188,0.363890305406689,0.5988736957313922,0.0631587047279487,0.0383565516448027,Metro,"limited edition, curated, exclusive collection, capsule collection",1,5
CUST00291,63,2,1520.0,6756.0,0.2318244912866135,0.6622109123988784,0.4029743207221278,0.27738919693953,0.3196364823383421,0.5035412578516224,0.2443729600327952,Metro,"cod available, free shipping, wishlist",3,4
CUST00292,8,1,1130.0,1530.0,0.4885420300303946,0.2367502353074714,0.457320238107915,0.2696355937331858,0.273044168158899,0.823035290577624,0.2951066445960813,Tier2,"restock alert, collab, compare",2,0
CUST00293,16,3,660.0,4159.0,0.6905627881166388,0.3428511831973443,0.7941560537504313,0.1602163274749002,0.0456276187746684,0.5829502504604848,0.6268331885767316,Tier2,"exchange, lowest price, discount, combo offer, budget",0,3
CUST00294,16,3,1530.0,8792.0,0.1940177087643741,0.2241885637878938,0.5776562811394321,0.1958076327340135,0.2265360861265543,0.84885559489368,0.2161201053917553,Metro,"exchange, cotton, trending now, limited stock",2,0
CUST00295,32,3,3350.0,12873.0,0.0574006025766089,0.4157407977586401,0.2284757095465133,0.5429209530578408,0.2286033373956458,0.1397209656850988,0.2416129847965381,Metro,"premium fabric, made to order, curated",1,5
CUST00296,14,6,1700.0,5361.0,0.3959700182745862,0.3181925887350349,0.6378779894708612,0.294561577226598,0.0675604333025406,0.7157686158857529,0.3891512623809232,Metro,"sneaker match, streetwear, trending now, new drop, oversized fit",2,0
CUST00297,80,1,1120.0,1825.0,0.5761034738458257,0.5023360789532498,0.7039312236283817,0.1177158995075073,0.1783528768641109,0.692763499089396,0.3245381239213158,Tier2,"premium, trending, influencer recommended",6,4
CUST00298,95,1,1350.0,3140.0,0.3322838807329547,0.4767881821622498,0.3853401301709039,0.3615405963783755,0.2531192734507206,0.4985788482678228,0.205481346264978,Tier3,"first order discount, limited stock, trending now",6,6
CUST00299,12,3,1680.0,12859.0,0.2653011259284964,0.2043621700328173,0.7671896808650814,0.1982415962749354,0.0345687228599831,0.6084755528095892,0.6731001253993267,Tier2,"size medium, order tracking, discount, collab, streetwear",2,0
CUST00300,53,1,880.0,809.0,0.6214300445130017,0.4114601338472021,0.3458973929708379,0.4047010328809581,0.249401574148204,0.7677338276475056,0.7344442138994984,Metro,"unboxing, first order discount, trending",6,4
CUST00301,65,3,1340.0,7480.0,0.4492138755532634,0.5584098198558892,0.4931771049189948,0.1200879090180044,0.3867349860630008,0.7415165846208023,0.6252170151028845,Metro,"size medium, influencer recommended, unboxing, insta finds",6,4
CUST00302,62,8,880.0,13857.0,0.5350689012731938,0.34208494992654,0.3594812994422388,0.5012193104257474,0.1392993901320139,0.8185222723490893,0.5848009002324868,Tier2,"unboxing, t-shirt, referral code, new user offer",6,4
CUST00303,66,2,2460.0,8750.0,0.2880680614851588,0.1479414951338688,0.3466130863188792,0.5686967490340877,0.084690164647033,0.427630413066526,0.4469736579164408,Metro,"ethnic wear, diwali sale, gifting",5,5
CUST00304,60,1,3240.0,3000.0,0.1658474559348841,0.2650536536779808,0.2887689777034457,0.4113178193478439,0.2999132029487103,0.4878220784417587,0.4150524177280655,Metro,"family pack, ethnic wear, diwali sale, gifting",5,5
CUST00305,11,8,1540.0,7476.0,0.565074513832484,0.3707974172456638,0.6076129873097125,0.1762592185894724,0.2161277941008148,0.9055631035903696,0.5127962594558567,Tier3,"sneaker match, streetwear, exchange, free shipping",2,1
CUST00306,64,1,1420.0,2881.0,0.396336018743978,0.7361563702544126,0.4397272895228901,0.4968268632064386,0.063445847270671,0.6187581295141691,0.4532240118105043,Tier3,"size guide, size chart, reviews, still deciding",3,6
CUST00307,41,4,2580.0,24756.0,0.0899211449940963,0.1297249744337584,0.1180670166429252,0.3309419576553176,0.5509910257017572,0.2597454107268879,0.1302870798781674,Tier3,"family pack, cotton, repeat order",4,5
CUST00308,18,5,770.0,2829.0,0.6460838098849251,0.365351646723959,0.6706755513334874,0.2061197335868989,0.1232047150796136,0.4275524713622156,0.846131314819989,Tier3,"sale, combo offer, clearance",0,1
CUST00309,15,8,1770.0,29036.0,0.4191902957112575,0.2852802866111246,0.8709610889750238,0.1109438727736251,0.0180950382513511,0.711598803603794,0.4749182962349025,Tier2,"drop alert, gifting, oversized fit",2,0
CUST00310,71,6,1310.0,5129.0,0.5442095986257771,0.4326870728777414,0.5128559222218573,0.3250854690502618,0.1620586087278809,0.774061231637195,0.5967572388881943,Tier2,"unboxing, new arrivals, restock, insta finds, new user offer",6,4
CUST00311,48,3,1480.0,11253.0,0.1557120244878141,0.1759279456968057,0.5436092264011358,0.3250364154819702,0.131354358116894,0.4686911438588728,0.064959398948323,Metro,"order history, favorite brand, my orders, usual size",4,5
CUST00312,54,1,1370.0,2150.0,0.2173673376164595,0.8066150381114722,0.3131570028444166,0.6003543536077086,0.0864886435478747,0.8243139623575066,0.2705221125763993,Tier3,"cotton, size guide, cod available, return policy",3,6
CUST00313,15,6,1470.0,9830.0,0.3246759074029997,0.1663785503956814,0.6785742517257685,0.2077889860431037,0.1136367622311279,0.8950444531738818,0.3492770660114215,Tier2,"t-shirt, jeans, trending now",2,0
CUST00314,10,4,1400.0,7588.0,0.3109549746787908,0.3865845682990452,0.7332153262164995,0.0852465954756232,0.1815380783078772,0.918219045916012,0.2044431019853438,Tier2,"drop alert, oversized fit, sneaker match, limited stock",2,0
CUST00315,19,10,750.0,8246.0,0.773373385970685,0.3426800228434943,0.6228628053276316,0.351234944078955,0.0259022505934133,0.594096160233112,0.5845383847809161,Metro,"sale, repeat order, exchange, combo offer, budget",0,3
CUST00316,10,6,570.0,2762.0,0.8132112670346646,0.3958832813737363,0.6026285621309723,0.1876805370738542,0.2096909007951736,0.5754637291580005,0.704473239970344,Tier3,"combo offer, flat 50% off, cashback, clearance",0,1
CUST00317,12,3,1390.0,6439.0,0.3828956933094858,0.371880077668125,0.4288333512504506,0.5555052745462319,0.0156613742033176,0.7718270660665925,0.5096273694878249,Metro,"oversized fit, sneaker match, streetwear, influencer recommended",2,0
CUST00318,29,4,970.0,7688.0,0.7589023341542508,0.5936733847821956,0.6518797120820703,0.285524778671096,0.0625955092468335,0.5874001867505213,0.6120091257931682,Tier3,"lowest price, bogo offer, order tracking, budget",0,1
CUST00319,44,1,1090.0,2063.0,0.3089428937493799,0.668833485689506,0.6091209831236369,0.1867070437123835,0.2041719731639796,0.6935036703469654,0.273133251375041,Metro,"compare, new arrivals, size chart",3,4
CUST00320,52,2,1390.0,2319.0,0.5506053485448023,0.7579837992641331,0.3653722423284823,0.3841302697235987,0.250497487947919,0.6270176534142531,0.3287612972440749,Tier3,"size medium, wishlist, compare, cotton, order history",3,6
CUST00321,80,1,3100.0,1658.0,0.4274061766015183,0.4411659230409645,0.4058630682450541,0.5123301286273376,0.0818068031276082,0.2735119327778671,0.5231762955349974,Tier2,"sherwani, kurta set, diwali sale",5,2
CUST00322,64,8,2390.0,46160.0,0.2303801367842641,0.2419170061774694,0.2077572347793169,0.4572141061008404,0.3350286591198426,0.5374667234579132,0.4724466419558197,Tier2,"wedding collection, diwali sale, ethnic wear, kurta set, gifting",5,2
CUST00323,8,5,1290.0,9257.0,0.4134900717875558,0.3146965913353995,0.6395586528289013,0.0989870556782246,0.2614542914928739,0.8149094008164178,0.19082312686439,Tier2,"new drop, trending now, restock alert, order history",2,0
CUST00324,6,19,1220.0,37044.0,0.6580349788874935,0.3525867545651449,0.7958834405176545,0.1425339591014486,0.061582600380897,0.6556389541797983,0.2217195031692641,Tier3,"jeans, order tracking, free shipping, drop alert",2,1
CUST00325,13,8,1480.0,24875.0,0.422188329027624,0.3847467976953549,0.6526715109248113,0.1095948882499032,0.2377336008252853,0.8230579530033313,0.4211964517798862,Metro,"collab, sneaker match, hype, free shipping",2,0
CUST00326,8,9,1260.0,21522.0,0.3866407665325381,0.3615564244444975,0.9197557183155018,0.0777695652341317,0.0024747164503663,0.7318230005671016,0.5361719699641335,Tier2,"drop alert, trending now, restock alert, hype",2,0
CUST00327,56,1,870.0,900.0,0.6815802252857333,0.4981194366508146,0.532782427723238,0.4050378836693986,0.0621796886073633,0.7184827735681574,0.5251620147588426,Tier3,"first order discount, trending, unboxing, referral code",6,6
CUST00328,9,18,1130.0,46595.0,0.508060263968656,0.3337743090784849,0.6516546566981439,0.1844551131859863,0.1638902301158696,0.8492838122012187,0.3821209409087118,Tier2,"restock alert, collab, trending now, sneaker match",2,0
CUST00329,33,3,920.0,4311.0,0.6160945156480199,0.4049853646055817,0.410909723862821,0.3589192920363546,0.2301709841008246,0.9057622469700282,0.5086067763396527,Metro,"welcome offer, new user offer, try first order, kurta, reels",6,4
CUST00330,13,4,660.0,4080.0,0.7142691378582656,0.3047739085103859,0.7107142436465138,0.2581662422199333,0.031119514133553,0.4975046676203351,0.7257951147816827,Tier3,"flat 50% off, clearance, cotton",0,1
CUST00331,62,1,1040.0,1097.0,0.7014297128374996,0.5674405993984334,0.7100186224224087,0.0899719844698545,0.2000093931077369,0.6809107707824837,0.4597068863560173,Tier2,"membership, reels, insta finds, try first order, size medium",6,4
CUST00332,55,1,1800.0,3216.0,0.2324670964125625,0.1017361630530968,0.4004909764435881,0.4132224499995439,0.1862865735568678,0.3771908856605772,0.21714655464036,Metro,"favorite brand, order history, new arrivals",4,5
CUST00333,88,1,2540.0,2533.0,0.3641057260441359,0.2206949851055792,0.0769836878614856,0.4628463902098461,0.4601699219286682,0.5629917787896046,0.5786929064775738,Tier3,"kurta set, occasion wear, cotton",5,6
CUST00334,74,8,2320.0,17524.0,0.3462523607964032,0.4064044759940372,0.3987601341563257,0.3631637392173444,0.2380761266263297,0.3470891042363767,0.5426675724546276,Tier3,"ethnic wear, order tracking, kurta set",5,6
CUST00335,60,1,1200.0,815.0,0.5587367031399815,0.3928192372778427,0.6386089929688284,0.095574181234668,0.2658168257965035,0.7739497698626207,0.6061284076949508,Tier3,"insta finds, unboxing, welcome offer, flat 50% off",6,6
CUST00336,52,4,1730.0,7453.0,0.1945608869978676,0.1075484236706925,0.2968705774075136,0.4278995606261416,0.2752298619663447,0.2967886816409809,0.180342356122843,Metro,"new arrivals, restock, my orders, early access",4,5
CUST00337,16,7,1270.0,18091.0,0.3578432258367771,0.2946322858740309,0.6545012194722941,0.2595261623504648,0.085972618177241,0.8057679427672924,0.2909981823885873,Metro,"sneaker match, trending now, new drop",2,0
CUST00338,69,3,2560.0,11004.0,0.3548493239664156,0.2362368104507104,0.4895125462741239,0.3662376144203704,0.1442498393055057,0.4304482454712611,0.622354855692208,Metro,"saree, festive, jeans, sherwani",5,5
CUST00339,17,7,580.0,6679.0,0.6517455969239339,0.3829165986030686,0.4895771376900112,0.4570745417274948,0.0533483205824939,0.5199192098761845,0.5225562958548996,Tier3,"discount, cotton, sale",0,1
CUST00340,10,8,1670.0,12520.0,0.256605799420788,0.4578539913437724,0.7048006818207849,0.2547233882712997,0.0404759299079153,0.8881295807262806,0.0948270061946489,Tier3,"collab, trending now, new drop",2,0
CUST00341,101,2,3530.0,8680.0,0.1891096724430226,0.5501729457405435,0.3155084815050175,0.5508358377880239,0.1336556807069584,0.4277895826729251,0.384742516071097,Tier2,"occasion wear, kurta set, kurta",5,2
CUST00342,11,9,1300.0,24610.0,0.3371636449340764,0.2806306237841566,0.7532643422161993,0.1885137190112785,0.0582219387725222,0.8965591439043974,0.5301314147095877,Tier2,"cotton, drop alert, order tracking",2,0
CUST00343,6,16,1510.0,31262.0,0.339881692066221,0.3573706477535345,0.4802826579289337,0.2691047331190533,0.2506126089520127,0.6844978352317193,0.3976637105268668,Metro,"jeans, exclusive collection, streetwear, restock alert, drop alert",2,0
CUST00344,55,6,2400.0,32848.0,0.2283082066731558,0.2721703632629038,0.3489264933177926,0.5681591898784549,0.0829143168037524,0.4028589045075447,0.2797566977234456,Tier3,"new arrivals, order history, restock, membership",4,6
CUST00345,47,1,1090.0,1686.0,0.3764762332416536,0.7461327375258541,0.2576496873910111,0.4562544419218283,0.2860958706871604,0.741912547870991,0.2317820596307342,Tier3,"size chart, luxury, designer drop, compare, size guide",3,6
CUST00346,13,4,1620.0,12150.0,0.4049842563067438,0.2670070327072433,0.6779312159369543,0.0774328802974489,0.2446359037655968,0.8807589704293542,0.2921665158889096,Metro,"trending now, new arrivals, hype, collab, restock alert",2,0
CUST00347,10,6,570.0,2511.0,0.7734949946485756,0.2467876203346238,0.8317554636975412,0.0650767709591444,0.1031677653433144,0.6752825811927867,0.7130313108677071,Tier2,"streetwear, flat 50% off, sale",0,3
CUST00348,42,1,1780.0,940.0,0.2807555222062788,0.2165438221206065,0.490979447472991,0.4468065141807322,0.0622140383462768,0.2726901250474032,0.0670389981796396,Metro,"restock, my orders, early access",4,5
CUST00349,10,1,1400.0,1855.0,0.2910383782756142,0.2860470499105503,0.7892506037726819,0.1134307036868614,0.0973186925404567,0.9113799352344018,0.2560270392185542,Tier3,"jeans, collab, drop alert, exchange",2,0
CUST00350,31,1,1350.0,2021.0,0.1925380363915634,0.2569873889739834,0.3729321338218185,0.3621208043014569,0.2649470618767245,0.268375666697676,0.2047726443593806,Metro,"order history, my orders, size medium, favorite brand",4,5
CUST00351,49,4,3430.0,21130.0,0.0612869364017242,0.2367626656828292,0.2358572874919471,0.2617820043550339,0.502360708153019,0.1428258132721719,0.062510541742825,Metro,"size medium, capsule collection, size chart, curated, jeans",1,5
CUST00352,47,10,1580.0,9572.0,0.1394814401359333,0.0868956952228948,0.3590758116652948,0.2636841572448778,0.3772400310898275,0.3459341486167497,0.1865106667752408,Tier3,"loyalty points, kurta, order history, my orders, new arrivals",4,6
CUST00353,66,2,1450.0,2151.0,0.3825896962056404,0.3555452391196204,0.3391737088950402,0.2063380016130074,0.4544882894919523,0.5278205929395775,0.7610731877237062,Tier3,"try first order, unboxing, free shipping",6,6
CUST00354,50,1,2890.0,4272.0,0.2609222692663198,0.2645609093738163,0.2525428293516807,0.7319478293747165,0.0155093412736028,0.5637479159095651,0.4562844034918961,Tier3,"kurta set, occasion wear, ethnic wear, gifting",5,6
CUST00355,46,7,1940.0,17962.0,0.2516459078062476,0.1440384847426025,0.2782277277563659,0.1455016890307137,0.5762705832129202,0.4529397195120732,0.26633342557905,Tier2,"order tracking, repeat order, jeans",4,2
CUST00356,64,1,1190.0,2517.0,0.352064213420179,0.3696116634417677,0.6184978528662461,0.0854512169086174,0.2960509302251364,0.6316309868730547,0.5840929690802251,Tier2,"made to order, insta finds, try first order, limited edition, new user offer",6,4
CUST00357,33,8,3590.0,53793.0,0.0349756960576964,0.1431239890560851,0.3589590383794598,0.5821988792712905,0.0588420823492494,0.2414101949922034,0.0726890032013729,Metro,"t-shirt, made to order, luxury",1,5
CUST00358,72,5,1510.0,9952.0,0.2012641945134719,0.6609874370341754,0.5079848524413594,0.2319967708893444,0.2600183766692961,0.5401287457242048,0.2283240785257297,Tier2,"delivery time, cod available, size medium",3,4
CUST00359,46,13,1640.0,31960.0,0.2947606039930332,0.158950581088991,0.3838531923396043,0.5133805825428206,0.1027662251175752,0.4115708638425311,0.1009831189462427,Tier2,"new arrivals, favorite brand, early access, membership",4,2
CUST00360,11,11,600.0,4436.0,0.8956562317671093,0.5116901562134177,0.8478611715742379,0.1018195977696505,0.0503192306561113,0.5904034118635304,0.650104549923383,Tier3,"combo offer, exchange, clearance",0,1
CUST00361,15,1,710.0,830.0,0.7949936695927139,0.3649637298529644,0.7794045290192897,0.2063676427139925,0.0142278282667177,0.294049049937152,0.5499275491785793,Tier2,"bogo offer, cashback, budget, my orders",0,3
CUST00362,8,4,940.0,7672.0,0.4144752728858415,0.2808332789361544,0.8255229546385366,0.102012969017154,0.0724640763443092,0.9136844642946712,0.6707782080154149,Tier2,"t-shirt, collab, oversized fit, premium",2,0
CUST00363,6,1,1620.0,1390.0,0.5098809085952657,0.1739872978502202,0.8767674374152182,0.1140106852569786,0.0092218773278031,0.7906948306644536,0.3552785162797744,Tier2,"restock alert, trending now, drop alert, free shipping, sneaker match",2,0
CUST00364,59,1,1280.0,1072.0,0.6361671879450265,0.8538771878784821,0.2818164070531334,0.6597782297567133,0.0584053631901533,0.5251508320724637,0.4885415870980852,Tier2,"fit check, size guide, cod available",3,4
CUST00365,52,1,1240.0,2853.0,0.4334816870788339,0.3500190947147419,0.3582688937021355,0.0543791538240723,0.587351952473792,0.7869380825892064,0.6857057207469208,Tier2,"influencer recommended, welcome offer, jeans, unboxing, reels",6,4
CUST00366,11,11,770.0,17220.0,0.7671905599743917,0.4297653707021929,0.9683592218896544,0.0211294768163558,0.0105113012939898,0.4813523266957037,0.7241892877741379,Metro,"budget, lowest price, cotton",0,3
CUST00367,82,2,3800.0,8785.0,0.2629879361980938,0.2531222115692068,0.3887184777850327,0.4312565845928484,0.1800249376221188,0.3795473510860827,0.4578441896521252,Tier2,"family pack, occasion wear, ethnic wear, sherwani",5,2
CUST00368,19,5,740.0,5074.0,0.6302928638801761,0.2519071234904054,0.6515075295077025,0.2477890328069933,0.1007034376853042,0.5395457352047265,0.7034742320458519,Tier2,"flat 50% off, lowest price, kurta, sale",0,3
CUST00369,14,10,690.0,7928.0,0.837910675034767,0.3593421707433425,0.7002648661670784,0.1216103915644915,0.17812474226843,0.5601242156869878,0.4306782916939847,Tier3,"size chart, exchange, combo offer, discount, coupon",0,1
CUST00370,9,6,1540.0,6585.0,0.2559120725122962,0.2134927572328792,0.8139938441462702,0.1516067962682812,0.0343993595854487,0.7535963234407042,0.3619933322549356,Tier2,"hype, collab, new drop, restock alert",2,0
CUST00371,42,1,1080.0,1027.0,0.6789417925701209,0.4981112460575508,0.7989871696592995,0.069618595404714,0.1313942349359864,0.842431667589556,0.5091163632937195,Tier2,"welcome offer, diwali sale, kurta, gifting, reels",6,3
CUST00372,12,1,1410.0,3040.0,0.2973967953204966,0.2925560324324418,0.7079887745402522,0.2191927294833427,0.072818495976405,0.8778279977503558,0.2409873227665403,Metro,"restock alert, trending now, sneaker match, limited stock, drop alert",2,0
CUST00373,7,9,1110.0,18678.0,0.7533223711109431,0.1268239928858781,0.6128163232699968,0.2353435625359348,0.1518401141940683,0.9452089441163344,0.6292189653075835,Tier2,"limited stock, hype, cotton, streetwear, sneaker match",2,3
CUST00374,15,3,580.0,1484.0,0.5836997767017421,0.3111696781115957,0.4342876465404673,0.1714925016724355,0.3942198517870972,0.6519242149639998,0.5723077949792761,Tier3,"cashback, bogo offer, reviews, lowest price, budget",0,1
CUST00375,35,6,3290.0,36425.0,0.2632930806615604,0.1353969054958999,0.1379711515635578,0.5924487630228082,0.269580085413634,0.2153395432156222,0.1810518116386066,Metro,"premium fabric, exchange, t-shirt, full price",1,5
CUST00376,19,18,950.0,31862.0,0.6977697414424726,0.2477181805924865,0.6653867483614124,0.2738243036957244,0.0607889479428631,0.3521886551458124,0.7334651817446539,Tier2,"budget, jeans, bogo offer, coupon, cashback",0,3
CUST00377,42,3,3640.0,21087.0,0.1465029727089302,0.2370832863336108,0.1499223817861787,0.3841621708552645,0.4659154473585568,0.3593497782806444,0.0295960397604649,Metro,"premium fabric, full price, kurta, premium",1,5
CUST00378,15,17,580.0,9543.0,0.6952160920203092,0.2554041789035324,0.4958799565404416,0.1678655189827648,0.3362545244767935,0.7026229231416449,0.7490061978025988,Metro,"discount, sale, cotton, exchange",0,3
CUST00379,14,15,540.0,17149.0,0.8549184423568796,0.3060758463139949,0.4229760952597545,0.4732316042296841,0.1037923005105613,0.4830196326422947,0.7418245072621364,Tier3,"free shipping, bogo offer, cashback, exchange, discount",0,1
CUST00380,9,4,1280.0,10901.0,0.4341977063223271,0.272141232353448,0.4144220576028321,0.5603081946973345,0.0252697476998335,0.8902427997263703,0.5614398927970918,Metro,"wedding collection, streetwear, free shipping, hype",2,0
CUST00381,13,19,660.0,12576.0,0.8754892629070203,0.3681009786381235,0.740563550318562,0.0748044901385513,0.1846319595428867,0.5590877700366597,0.6107854100885872,Tier3,"bogo offer, budget, lowest price",0,1
CUST00382,36,4,3030.0,27125.0,0.0500643472575653,0.2272356333511078,0.3188508334342761,0.2285348251246217,0.4526143414411021,0.2776873015301881,0.127803647350975,Metro,"full price, made to order, sale",1,5
CUST00383,35,1,890.0,1161.0,0.6430282721224526,0.8136815370797491,0.4147693368032298,0.2776978108087142,0.3075328523880557,0.7116885615176446,0.3003645683940478,Tier3,"compare, free shipping, reviews",3,6
CUST00384,52,5,2470.0,7845.0,0.4729023404834908,0.191267785399743,0.2071688101665461,0.5223354087564788,0.270495781076975,0.3230942415776565,0.7178304024069887,Tier2,"family pack, wedding collection, order tracking, gifting",5,2
CUST00385,10,3,1410.0,4705.0,0.4276007698817353,0.3523705958615553,0.5233497330879963,0.4405171519059274,0.0361331150060764,0.6906168235454211,0.1817821383838351,Tier2,"jeans, size medium, gifting, sherwani",2,0
CUST00386,10,8,1160.0,14290.0,0.5074933927289897,0.3513350423897399,0.815845848641387,0.1005461610808472,0.0836079902777658,0.9083222026192926,0.370900419921514,Metro,"collab, t-shirt, trending now, new drop",2,0
CUST00387,99,2,3300.0,16403.0,0.309776701215526,0.3066146916775203,0.6018644136177583,0.2348492085364264,0.1632863778458152,0.2797109052774416,0.3300391802832954,Tier2,"reviews, occasion wear, kurta set, festive, diwali sale",5,2
CUST00388,18,2,780.0,2337.0,0.6328465513233077,0.3852993935103981,0.8206288173588793,0.1006034077842721,0.0787677748568484,0.581331936709854,0.6234283959470042,Tier3,"clearance, combo offer, flat 50% off, coupon, kurta",0,1
CUST00389,52,1,1020.0,1839.0,0.4945437306875518,0.4483320348170634,0.7132170698906178,0.1582573809637935,0.1285255491455888,0.7482652789772651,0.2884086144023204,Tier3,"welcome offer, referral code, first order discount, trending",6,6
CUST00390,15,12,630.0,14966.0,0.6835929748138964,0.4505881488108413,0.5825110464190992,0.2278446085625855,0.189644345018315,0.7730690820262937,0.5827205581128769,Tier2,"free shipping, bogo offer, coupon, cashback",0,3
CUST00391,18,8,1950.0,17387.0,0.2358165033620224,0.3842955483128611,0.4105752165610234,0.5492110286503794,0.0402137547885971,0.9149638648510642,0.3395462305355515,Metro,"drop alert, trending now, oversized fit, collab, insta finds",2,0
CUST00392,11,6,1520.0,15547.0,0.5225316300232091,0.4182640369183777,0.4890968101269341,0.3803073835583678,0.130595806314698,0.5987742433183867,0.5794681949128921,Metro,"order tracking, delivery time, limited stock, new drop, sneaker match",2,0
CUST00393,13,13,510.0,9608.0,0.7747237184745,0.3801313827102742,0.5132589641804305,0.3848218620944816,0.1019191737250877,0.4497660498376289,0.6772865904096165,Tier2,"delivery time, coupon, still deciding",0,3
CUST00394,36,4,1410.0,8288.0,0.4890826636569342,0.1858785437596142,0.4902262255032929,0.4873572567258662,0.0224165177708407,0.6599317241876164,0.2630148196949987,Tier3,"my orders, favorite brand, repeat order, loyalty points",4,6
CUST00395,66,1,4130.0,4697.0,0.0735977447903241,0.1382680939828771,0.3588528212476861,0.3167867179260689,0.3243604608262448,0.2158602266822011,0.1458399961640032,Metro,"made to order, luxury, exclusive collection, capsule collection",1,5
CUST00396,12,2,1490.0,5145.0,0.3688747852869479,0.1443795818469548,0.4244981905762589,0.5720952197381206,0.0034065896856205,0.9234659982238146,0.2488840575422601,Tier2,"size guide, free shipping, order tracking, collab",2,0
CUST00397,60,1,1140.0,669.0,0.3486372576697243,0.5989546958201437,0.1819010787213258,0.5585935322687007,0.2595053890099735,0.6214252948932867,0.2662833001418961,Metro,"order tracking, compare, fit check, size chart",3,4
CUST00398,55,1,1340.0,1967.0,0.3860127552774443,0.7181778839787143,0.3651449449546544,0.2948480788510689,0.3400069761942767,0.7175817886443127,0.3133742412748687,Metro,"reviews, size chart, wishlist, return policy, compare",3,4
CUST00399,44,4,940.0,6782.0,0.236029149865276,0.8027968795413648,0.2535390913975892,0.3152306677783895,0.4312302408240214,0.7914607795131645,0.5729408180906251,Tier3,"fit check, size guide, oversized fit, free shipping, still deciding",3,6
CUST00400,79,3,2420.0,6022.0,0.2587616159520202,0.3643915043700357,0.275808990686688,0.1018629220495261,0.6223280872637856,0.3277554858270986,0.4852425500473761,Tier2,"kurta set, diwali sale, saree, gifting",5,2
CUST00401,18,2,2660.0,5751.0,0.0148085919293873,0.1168359896991492,0.030452505083917,0.8657072330521044,0.1038402618639786,0.3299264061973248,0.3944260638501773,Metro,"full price, capsule collection, wishlist, made to order",1,5
CUST00402,8,15,1180.0,16548.0,0.3721719498131056,0.3274371262101859,0.7145779250545315,0.0654247652001096,0.2199973097453589,0.8619810214265877,0.3787920595478709,Tier2,"usual size, restock alert, new drop",2,0
CUST00403,13,24,590.0,36289.0,0.7086589508924146,0.4549894879057596,0.8664340978439555,0.1186834161693874,0.0148824859866569,0.64092314621084,0.4567413239138692,Tier3,"my orders, combo offer, discount, membership, bogo offer",0,1
CUST00404,17,3,660.0,2887.0,0.6496046278205104,0.6611248978928503,0.6068527699620038,0.1362857269274293,0.2568615031105669,0.5734025814346503,0.769225611581725,Tier2,"kurta, combo offer, sale, lowest price, flat 50% off",0,3
CUST00405,50,9,5430.0,53182.0,0.0597698847364131,0.1886941663796287,0.1026442435990695,0.3656911433041791,0.5316646130967514,0.2161599202825797,0.1226957204728846,Metro,"made to order, designer drop, premium fabric, capsule collection, exclusive collection",1,5
CUST00406,46,1,1210.0,2956.0,0.363903802067909,0.7861271357908877,0.7048781615391069,0.1712392136074669,0.1238826248534262,0.7705841041585726,0.3641969812831556,Tier2,"cod available, designer drop, return policy, compare, size guide",3,4
CUST00407,51,4,4500.0,26294.0,0.1087307537816793,0.2466037161295339,0.1731253979948853,0.2384924230793852,0.5883821789257294,0.3072378037355874,0.1191811938941521,Metro,"order tracking, curated, family pack, designer drop, exclusive collection",1,5
CUST00408,38,4,1680.0,7444.0,0.2308039057096975,0.2235709300130891,0.7968159447053171,0.0851029207920688,0.1180811345026141,0.3323942243551528,0.2175290902325705,Metro,"usual size, membership, collab",4,0
CUST00409,65,1,2640.0,4630.0,0.3675135923231679,0.2977380856130948,0.4274249454490881,0.5499013812024595,0.0226736733484524,0.456869431724578,0.5954377261530256,Tier2,"kurta set, jeans, exchange, occasion wear",5,2
CUST00410,12,6,540.0,2387.0,0.7205647838499969,0.3609074958993525,0.6769255851132681,0.0360889081332299,0.286985506753502,0.5377366840703195,0.7077278153025554,Metro,"budget, sale, combo offer, bogo offer, coupon",0,3
CUST00411,88,1,2780.0,2928.0,0.1542452336767704,0.1272592400474939,0.3213354794415226,0.2489812330522518,0.4296832875062253,0.2553046289349178,0.1116099831268959,Tier2,"my orders, cod available, new arrivals, size guide",4,2
CUST00412,64,3,1180.0,5676.0,0.3199158102425907,0.4895981271075072,0.3271932449758258,0.2981565728566176,0.3746501821675567,0.7569208474111083,0.2839871576402857,Tier2,"wishlist, festive, return policy",3,4
CUST00413,59,3,2340.0,15324.0,0.2234854852229124,0.3684978301474747,0.1726566734738003,0.6891584565098101,0.1381848700163894,0.2217149244541837,0.4300819237669062,Metro,"sherwani, size medium, kurta set",5,5
CUST00414,60,6,2090.0,14048.0,0.4293448958570919,0.161767326167074,0.5920447780553323,0.2058994676418784,0.2020557543027892,0.216637801837097,0.0743872021463088,Metro,"early access, loyalty points, repeat order, restock, order history",4,5
CUST00415,53,1,1020.0,1345.0,0.2632903182530748,0.8106227493222615,0.5990624808881175,0.174809880464055,0.2261276386478274,0.6199273236345499,0.5489593589439098,Metro,"favorite brand, reviews, return policy, exchange, still deciding",3,4
CUST00416,13,13,1520.0,17988.0,0.2983515324154938,0.4553353909704818,0.7743021447575493,0.2115379818608287,0.0141598733816218,0.7689157822290553,0.2289494271696612,Metro,"hype, streetwear, try first order",2,0
CUST00417,48,3,1420.0,9177.0,0.1588836698777266,0.2095523351794027,0.5030197812443606,0.3976073990654417,0.0993728196901977,0.1849367290653282,0.4264253858204636,Tier2,"favorite brand, loyalty points, my orders",4,2
CUST00418,34,1,4070.0,7568.0,0.1533237756301969,0.2770354328828119,0.1080034372960443,0.8041605264452516,0.0878360362587042,0.2168396541873277,0.0914221931091423,Metro,"made to order, full price, limited edition",1,5
CUST00419,24,13,630.0,17308.0,0.8350445927970427,0.6438315827949097,0.8757717029879123,0.0582953690225435,0.0659329279895442,0.4223821409462985,0.5835368947124354,Tier3,"saree, discount, lowest price, order tracking",0,1
CUST00420,54,1,1660.0,2148.0,0.1373964960769728,0.8109566602363704,0.3871022053593942,0.2309266907738048,0.3819711038668009,0.7156405628099277,0.5438491535409573,Tier2,"free shipping, compare, delivery time",3,4
CUST00421,6,7,1510.0,18000.0,0.2746471774095246,0.2089471529434496,0.7573141243197012,0.1612891568311846,0.0813967188491142,0.8021558002365976,0.3678408109820909,Metro,"new drop, order tracking, curated, size medium",2,0
CUST00422,48,1,980.0,659.0,0.456004992329628,0.5770658100529175,0.3517285844586094,0.2457963684435346,0.4024750470978558,0.5786587128033245,0.4552039374908325,Metro,"fit check, cod available, premium, luxury",3,4
CUST00423,102,1,1260.0,1401.0,0.3607636958674868,0.3605466254840823,0.7840614062863623,0.1326915910572574,0.0832470026563802,0.6542020987866851,0.362690493773793,Tier2,"unboxing, exchange, try first order, cotton, order tracking",6,4
CUST00424,30,5,2980.0,16964.0,0.0857127133976736,0.0675274021692706,0.3662978939988459,0.2099075531317638,0.4237945528693902,0.3107634738991185,0.181105901114856,Metro,"flat 50% off, luxury, premium fabric, exclusive collection, kurta",1,5
CUST00425,79,1,1280.0,1345.0,0.3900533582481559,0.7766744276961915,0.3909475150542798,0.1884658906051241,0.420586594340596,0.5357847090301834,0.2559406263222212,Metro,"wishlist, delivery time, cod available, return policy, size chart",3,4
CUST00426,50,1,870.0,451.0,0.6741998422496546,0.4823160334578326,0.8734445789044069,0.0875650588233029,0.0389903622722902,0.6554629068493139,0.4863411649917528,Tier2,"try first order, first order discount, budget, unboxing, new user offer",6,3
CUST00427,11,20,550.0,6274.0,0.868106225527614,0.2078823945732609,0.51344737376455,0.383974600583277,0.102578025652173,0.6951473828781486,0.8565401862841953,Tier3,"budget, membership, clearance",0,1
CUST00428,31,1,670.0,1008.0,0.61351811276832,0.5376940956232511,0.6077090599797766,0.2471475060783387,0.1451434339418847,0.8604512968974435,0.7871270297700582,Tier2,"referral code, new user offer, try first order, trending",6,3
CUST00429,54,4,1420.0,9518.0,0.2166744788106346,0.0504804549631656,0.4143800006439118,0.3439027174223324,0.2417172819337557,0.4887089501820915,0.2640297452443528,Tier2,"full price, order history, restock",4,2
CUST00430,12,3,1320.0,4489.0,0.3390570583035379,0.3734457136024249,0.7708855782481875,0.1930243433810798,0.0360900783707327,0.7055291139723109,0.3146907430204738,Metro,"collab, restock alert, sneaker match",2,0
CUST00431,15,1,1980.0,4053.0,0.3069630691885661,0.402007856680592,0.7349123604185523,0.2508293165764046,0.014258323005043,0.8328583815254154,0.3494710741455243,Tier2,"hype, sneaker match, restock alert, first order discount, collab",2,0
CUST00432,46,3,1090.0,4687.0,0.4104546792958446,0.5749121540542256,0.4819485058983689,0.1270668323758217,0.3909846617258092,0.4421502385261169,0.4516513960135994,Metro,"jeans, size guide, cotton, still deciding, wishlist",3,4
CUST00433,10,8,1430.0,6811.0,0.293412531868692,0.2825872459251897,0.5083234145488711,0.3006942471179406,0.1909823383331882,0.8313008739255404,0.221321470103407,Metro,"new drop, collab, restock alert, trending now",2,0
CUST00434,65,6,2340.0,8764.0,0.2113164831111642,0.4018391137847824,0.2993621524127602,0.6523124304285778,0.0483254171586621,0.5528966552885268,0.4588212209829491,Tier2,"jeans, gifting, sherwani",5,2
CUST00435,63,1,2160.0,1408.0,0.3130913607037251,0.2550585840693865,0.5039311690184921,0.2247825047798378,0.2712863262016701,0.5899729389171761,0.575494206216509,Tier2,"ethnic wear, favorite brand, gifting, sherwani",5,2
CUST00436,68,1,3080.0,3248.0,0.3813418269149966,0.4128907776601957,0.253292524219371,0.333469123944969,0.4132383518356599,0.234750689740102,0.3807102905137615,Tier3,"kurta set, t-shirt, diwali sale",5,6
CUST00437,10,19,430.0,16913.0,0.9094648929357791,0.2233495602153169,0.5354872613526009,0.2030598638016578,0.2614528748457412,0.7187580448666956,0.671407419073011,Tier2,"combo offer, cashback, coupon, jeans",0,3
CUST00438,38,6,1710.0,8443.0,0.2595572695712413,0.1737148988523672,0.514731615287142,0.1056364650651769,0.3796319196476811,0.3434924766798441,0.2084114770302802,Tier2,"free shipping, membership, order history, new arrivals",4,2
CUST00439,46,2,1730.0,3924.0,0.3190579675099619,0.1720250269952539,0.1778456905510345,0.5016251224578545,0.320529186991111,0.1935406740614199,0.1200167950881515,Metro,"restock, new arrivals, order tracking",4,5
CUST00440,23,3,730.0,1284.0,0.6688812288879546,0.4328438342410233,0.500529498844112,0.4393044755014549,0.0601660256544331,0.4386909374052335,0.7601562221181639,Tier3,"lowest price, bogo offer, trending now, flat 50% off",0,1
CUST00441,78,2,1220.0,5262.0,0.2872630611785548,0.4322890028683487,0.4687480809879953,0.1968261182880376,0.3344258007239671,0.5402276466470722,0.3271238545629276,Tier2,"compare, delivery time, insta finds, referral code",3,4
CUST00442,50,11,1520.0,18963.0,0.2272890242869426,0.1486611119310988,0.1317811547941185,0.5747841192269086,0.2934347259789729,0.3206946540856776,0.0863462651535501,Tier3,"free shipping, restock, my orders, new arrivals",4,6
CUST00443,49,10,1930.0,14034.0,0.2361523453405022,0.104617169843673,0.564892980704795,0.2686747537292405,0.1664322655659644,0.3899513281484866,0.1639334716279832,Tier2,"combo offer, restock, new arrivals, jeans, repeat order",4,2
CUST00444,41,1,1960.0,3240.0,0.3629260195926174,0.2416411176864324,0.6163335158617788,0.2542606792839184,0.1294058048543027,0.6878472445868417,0.5178383403432057,Tier2,"saree, gifting, diwali sale, kurta set",5,2
CUST00445,62,2,1140.0,3015.0,0.2981872810123683,0.7420897142256151,0.5184252017618926,0.3744428955309985,0.1071319027071089,0.4903244022912382,0.5000809908248085,Tier2,"size medium, kurta, delivery time, limited stock",3,4
CUST00446,48,3,2560.0,8881.0,0.1643832296298617,0.2877575576281544,0.5862198675796026,0.3765666172490925,0.0372135151713048,0.4789002903258759,0.4578121613909163,Tier2,"family pack, saree, gifting",5,2
CUST00447,59,1,2030.0,4118.0,0.211756272356524,0.4512688584836988,0.352642161989436,0.3934484919145438,0.2539093460960201,0.535112853192451,0.5242718232072836,Tier2,"free shipping, festive, cotton, sherwani",5,2
CUST00448,12,5,1790.0,6269.0,0.1463968051813843,0.3518348137409499,0.47571221882367,0.4970906524817716,0.0271971286945584,0.7587243695154665,0.1653897918551722,Metro,"streetwear, cotton, trending now",2,0
CUST00449,6,12,1080.0,27286.0,0.2710508005407719,0.1767164330015094,0.8137856722384005,0.0107500465563079,0.1754642812052914,0.8058094852069932,0.3188009809376957,Tier2,"hype, trending now, oversized fit, restock alert, sneaker match",2,0
CUST00450,33,9,1350.0,19248.0,0.1974303430524322,0.3645814942229062,0.4469318596714797,0.4709490239407109,0.0821191163878094,0.486919531692514,0.1233564628839176,Tier2,"my orders, early access, new arrivals, kurta, cotton",4,2
CUST00451,104,1,2590.0,1457.0,0.3329043734773632,0.3072029123474057,0.5477017660050819,0.3279237153108515,0.1243745186840666,0.5229956050469097,0.399181779278412,Tier2,"wedding collection, order tracking, gifting, diwali sale, exchange",5,2
CUST00452,11,13,560.0,5403.0,0.6650441667176086,0.3326862264169372,0.6462144699701735,0.2220689205156133,0.1317166095142131,0.4833832820495549,0.6240758099049439,Tier2,"coupon, fit check, size guide",0,3
CUST00453,14,13,590.0,6742.0,0.8780474660317312,0.3391262428465142,0.6678052721621289,0.2516022631586525,0.0805924646792186,0.3692174000099584,0.5834372038744673,Tier2,"cashback, sale, flat 50% off, t-shirt, restock",0,3
CUST00454,7,13,1310.0,33652.0,0.2835125626461741,0.3112641662157394,0.8229246540354528,0.1483514072508186,0.0287239387137287,0.8385990864942852,0.2773779552971248,Tier2,"new drop, diwali sale, drop alert, hype",2,0
CUST00455,16,5,640.0,6817.0,0.8445333100333094,0.2605804045135131,0.6556990045744769,0.1623728526069621,0.1819281428185609,0.6221568365510868,0.679845772812292,Tier2,"lowest price, clearance, budget, still deciding, reviews",0,3
CUST00456,48,1,1120.0,1824.0,0.4434546710302194,0.2468943178197971,0.4445067131496518,0.4919072141512534,0.0635860726990949,0.8288522383617962,0.4366749049369465,Metro,"referral code, new user offer, reels",6,4
CUST00457,50,13,4000.0,129070.0,0.1556970994467101,0.084901795881536,0.114309106578272,0.4079058128180996,0.4777850806036282,0.395035668699299,0.1283017392365299,Metro,"premium, limited edition, capsule collection",1,5
CUST00458,60,1,1020.0,699.0,0.5287178555475663,0.3636532228101376,0.291889199874486,0.3441550734365015,0.3639557266890124,0.7959550137929254,0.5795154458172584,Tier2,"referral code, first order discount, insta finds, influencer recommended",6,4
CUST00459,44,6,4810.0,23131.0,0.174686603514082,0.2696940563206776,0.0634715554093113,0.5762657071370494,0.3602627374536391,0.2189016271114269,0.1981581448738906,Metro,"limited edition, jeans, full price",1,5
CUST00460,10,5,1350.0,5583.0,0.4486920909244392,0.1809174782437221,0.6661632503495284,0.1950322919091229,0.1388044577413486,0.900904627332612,0.2795995142941773,Metro,"new drop, restock alert, sneaker match, hype",2,0
CUST00461,59,1,3290.0,3999.0,0.0986113169723296,0.1399750458800514,0.0765613264189907,0.6937715281952972,0.2296671453857121,0.478362034938541,0.1056779226975882,Tier2,"made to order, curated, designer drop, budget, full price",1,2
CUST00462,84,1,1440.0,888.0,0.427866652392447,0.4426722124460167,0.7955386182602501,0.1012721354457345,0.1031892462940154,0.7344375976966673,0.5309739736191967,Metro,"insta finds, referral code, welcome offer, influencer recommended, new drop",6,4
CUST00463,67,1,1490.0,1780.0,0.413608904604321,0.6052003415263659,0.2216433683690317,0.3028005641100253,0.4755560675209432,0.6768982071225642,0.3902347093124822,Metro,"wishlist, cod available, cotton",3,4
CUST00464,11,20,1520.0,52312.0,0.4273879498235561,0.3757789662661633,0.886037921454964,0.0896434050375169,0.024318673507519,0.7231844872481945,0.3197935762216226,Tier3,"sneaker match, t-shirt, streetwear, limited edition, trending now",2,0
CUST00465,8,4,1140.0,5334.0,0.5800014683399886,0.20344225174974,0.8824641930785683,0.0456466123300277,0.0718891945914039,0.8828958577031507,0.2870288052097131,Tier2,"new drop, oversized fit, hype",2,0
CUST00466,38,1,4520.0,6069.0,0.1496120959719932,0.1026766369654265,0.2157391943260198,0.3809917303510855,0.4032690753228947,0.2319812250726173,0.1808139017000824,Metro,"t-shirt, curated, luxury",1,5
CUST00467,69,1,1190.0,1479.0,0.5467821723140361,0.4936191684557086,0.6593719810395609,0.3070230373205612,0.033604981639878,0.6642454284659394,0.4782600768321571,Tier2,"first order discount, reels, referral code",6,4
CUST00468,21,7,690.0,14200.0,0.5863137654743631,0.3455628895805698,0.3889419958579783,0.4735520220446572,0.1375059820973643,0.5120591119123267,0.7004840992092375,Tier2,"coupon, discount, bogo offer",0,3
CUST00469,14,4,790.0,4215.0,0.6676525610753886,0.5558238193136814,0.8713476817764937,0.080266800368859,0.0483855178546472,0.6510801321215416,0.7305233611423199,Tier2,"cashback, coupon, order tracking, combo offer, ethnic wear",0,3
CUST00470,45,3,2650.0,13429.0,0.1424505810694646,0.4177276338295609,0.4048201742984711,0.4484515422985181,0.1467282834030109,0.3992250396803574,0.4489570570181348,Tier2,"occasion wear, saree, diwali sale",5,2
CUST00471,10,5,580.0,6446.0,0.9285301622433878,0.3336782570671107,0.7292442247694132,0.0870963110741472,0.1836594641564395,0.6354124898769615,0.8787955163294112,Tier3,"clearance, discount, lowest price, sale, exchange",0,1
CUST00472,67,6,2850.0,12613.0,0.3577021484211506,0.256284590810143,0.2411080651476723,0.6868584948262235,0.0720334400261039,0.5160505411436633,0.3638730254189122,Tier3,"diwali sale, ethnic wear, saree",5,6
CUST00473,44,3,3470.0,19893.0,0.0504170712907261,0.1415384271242768,0.3907516256311801,0.2155254628466821,0.3937229115221378,0.2318779924293985,0.207249053013057,Metro,"luxury, premium, curated, t-shirt",1,5
CUST00474,14,9,480.0,5022.0,0.8020375686703185,0.4791139923877997,0.8419092228566533,0.1150664599771043,0.0430243171662423,0.5771559898592853,0.5693266608014306,Metro,"lowest price, flat 50% off, cashback, combo offer, sale",0,3
CUST00475,16,2,750.0,3031.0,0.8256132577430871,0.3180618126585964,0.903237022458788,0.0887108808605136,0.0080520966806984,0.5602754428610631,0.4044960550672407,Tier3,"collab, combo offer, flat 50% off, lowest price, coupon",0,1
CUST00476,13,3,1590.0,10061.0,0.1127755556188883,0.1910500289153121,0.6577006357757178,0.1451305485643214,0.1971688156599608,0.7985111344691824,0.131010377990938,Metro,"referral code, collab, streetwear",2,0
CUST00477,10,20,1490.0,59660.0,0.573487344221448,0.2251303984448688,0.7394101225020593,0.1715270295986637,0.0890628478992771,0.8900508406945554,0.2646609901804131,Tier2,"trending now, hype, restock alert, drop alert, kurta",2,0
CUST00478,26,1,1470.0,1237.0,0.1791660265204013,0.2008259679537943,0.7049055917750409,0.2820711950899999,0.0130232131349591,0.4155665722075365,0.3167410342576231,Metro,"early access, usual size, my orders, favorite brand, free shipping",4,0
CUST00479,67,1,1260.0,755.0,0.3718345700859495,0.6077157743943035,0.4304741972266045,0.3829854677207678,0.1865403350526278,0.7423672881651369,0.5697187145659595,Metro,"first order discount, premium fabric, referral code",6,4
CUST00480,16,7,710.0,4414.0,0.8946729110884325,0.4202768092776666,0.9388105510063008,0.0531629646684492,0.0080264843252501,0.4100739639354226,0.7449180284903771,Tier2,"clearance, combo offer, free shipping, budget",0,3
CUST00481,38,3,1110.0,3189.0,0.7322560692334914,0.4231455320089607,0.5376108636291163,0.3834667102546237,0.0789224261162599,0.7362298801135672,0.4721874284214289,Metro,"budget, reels, unboxing, jeans",6,4
CUST00482,43,5,2330.0,19075.0,0.3162345104517374,0.2228540862298824,0.1333954616897978,0.7003820281098204,0.1662225102003818,0.3731971816062908,0.1369313514857922,Metro,"restock, order history, membership",4,5
CUST00483,93,1,1230.0,1442.0,0.4270213692272813,0.452717323961787,0.506495931013404,0.3599559008150279,0.1335481681715681,0.6472789356984513,0.4008608545780978,Tier2,"welcome offer, reels, gifting, new user offer, first order discount",6,4
CUST00484,29,7,3310.0,54490.0,0.1873663026657453,0.3375958829909798,0.318716431270482,0.3400133081024706,0.3412702606270474,0.4289195007791828,0.1871171526968858,Metro,"premium, full price, premium fabric, jeans",1,5
CUST00485,9,9,1330.0,20076.0,0.3232127402562174,0.313113571385786,0.7274972425070432,0.0907859238184226,0.1817168336745341,0.7210984078722952,0.2395974468270488,Metro,"collab, streetwear, limited stock, sneaker match, oversized fit",2,0
CUST00486,46,4,2860.0,24522.0,0.0577098391534404,0.2557692078794621,0.3608047191942658,0.221123525693723,0.4180717551120113,0.0919541343688067,0.2136098809036297,Tier2,"full price, t-shirt, cotton, capsule collection, gifting",1,2
CUST00487,14,1,1030.0,679.0,0.8074837281961207,0.3482095528807203,0.6919325179422465,0.2014988600859304,0.106568621971823,0.3738891099991573,0.5843038748777636,Tier3,"sale, combo offer, discount, flat 50% off, bogo offer",0,1
CUST00488,57,1,1430.0,2928.0,0.6500768667208306,0.5869971812430025,0.496869402760403,0.2925976275786602,0.2105329696609369,0.7727020008023855,0.5522237776660733,Tier2,"welcome offer, order tracking, cotton, influencer recommended, try first order",6,4
CUST00489,12,23,700.0,31327.0,0.604249571093914,0.2982493563025982,0.9712754772719332,0.0263557140620762,0.0023688086659904,0.4673203180008469,0.6609354791936817,Tier3,"bogo offer, kurta, size medium",0,1
CUST00490,13,3,1750.0,13527.0,0.4049226202663465,0.2678005737617112,0.6443981680224578,0.2166688062608405,0.1389330257167018,0.8325828679193938,0.2675747736409912,Tier2,"limited stock, cotton, oversized fit, hype, sneaker match",2,0
CUST00491,134,1,1690.0,1532.0,0.2062701687822173,0.674702792787992,0.6929732060650825,0.1309867785809136,0.1760400153540037,0.3790007975054102,0.2558708884171514,Metro,"compare, diwali sale, wishlist, cod available, t-shirt",3,4
CUST00492,91,1,3110.0,4053.0,0.3288628323337488,0.3054555110999026,0.5268808385371727,0.4153068577406701,0.0578123037221569,0.2794063226496158,0.5330739601364403,Tier3,"gifting, kurta set, diwali sale, festive, wedding collection",5,6
CUST00493,82,1,2280.0,5589.0,0.2930201416287963,0.1175077899380899,0.0779078005095921,0.5977538105648749,0.3243383889255329,0.4118683827206306,0.0706791859768581,Metro,"size medium, early access, repeat order, loyalty points, membership",4,5
CUST00494,63,1,2650.0,4014.0,0.2227453651506053,0.3969193146504716,0.5935230029847792,0.333484589735013,0.0729924072802079,0.3153776797686176,0.7379569378789456,Tier3,"festive, ethnic wear, sherwani",5,6
CUST00495,52,3,2310.0,12250.0,0.1081234464130136,0.1874010081063951,0.4898281976097565,0.1751634743653004,0.3350083280249431,0.2800374095011425,0.1674239278557776,Tier2,"loyalty points, repeat order, usual size",4,2
CUST00496,32,3,1100.0,3425.0,0.5539768510807053,0.658679256589577,0.5456429707297209,0.2730489349058935,0.1813080943643858,0.8176703524880533,0.5906854985420833,Tier2,"return policy, delivery time, fit check, still deciding",3,4
CUST00497,14,1,1410.0,804.0,0.3365931655232202,0.1463996807551685,0.6774058621896833,0.0558523151057619,0.2667418227045547,0.583856452709545,0.4146948858302652,Tier2,"exchange, t-shirt, new drop, drop alert, streetwear",2,0
CUST00498,41,8,1650.0,12551.0,0.2628012937578647,0.0810554520757022,0.1280559963696288,0.5588719374579033,0.3130720661724679,0.2892926870261445,0.3143812379162185,Metro,"new arrivals, order history, usual size, membership",4,5
CUST00499,36,1,3550.0,6304.0,0.122675589791031,0.1405839231766874,0.0450507954050048,0.3569549865176051,0.59799421807739,0.2812649959788347,0.0939667875267643,Tier3,"oversized fit, exclusive collection, luxury, curated, capsule collection",1,5
CUST00500,72,1,1330.0,976.0,0.3888790632921837,0.3028075376154446,0.4936977782160224,0.4105632568222246,0.0957389649617529,0.767290417267909,0.5736158520824739,Metro,"size medium, festive, trending",6,4
CUST00501,11,10,1910.0,34321.0,0.624948321406616,0.3030936934251336,0.4892688977408972,0.407643064401854,0.1030880378572489,0.823401236509563,0.2370273458366937,Metro,"exchange, hype, collab",2,0
CUST00502,82,1,1280.0,959.0,0.5745535438124342,0.5640746130225998,0.5915933123598653,0.1781521824246706,0.230254505215464,0.7198960187416883,0.4599768847031377,Tier3,"size chart, kurta, reels, reviews, try first order",6,6
CUST00503,31,1,4410.0,8119.0,0.1697155691470144,0.2287595542985694,0.1547411800860616,0.7560631017153487,0.0891957181985895,0.2202793298223171,0.0564772187024808,Metro,"luxury, designer drop, cotton, new arrivals, limited edition",1,5
CUST00504,11,8,1500.0,31763.0,0.2470935556031567,0.4645894099169451,0.7587580453278778,0.0885003984251899,0.1527415562469323,0.8135553930524491,0.2709534665262181,Tier2,"collab, family pack, ethnic wear, hype, new drop",2,0
CUST00505,66,1,1350.0,2854.0,0.2531282791076076,0.6675808962923137,0.5445920349829163,0.2110169462677669,0.2443910187493166,0.5003686935577473,0.4557615935943723,Tier2,"still deciding, fit check, wishlist, reviews, reels",3,4
CUST00506,11,14,1660.0,19577.0,0.4762082201875,0.2977110363891339,0.6756562502544882,0.1960870690416646,0.1282566807038473,0.9347793787749024,0.5407484689480258,Metro,"drop alert, favorite brand, limited stock, collab, cotton",2,0
CUST00507,18,7,700.0,7427.0,0.7916333506125502,0.4788789585249375,0.8068016709760633,0.1535463667174228,0.0396519623065137,0.5574763193241176,0.8573703727981606,Tier3,"bogo offer, sale, combo offer, t-shirt, lowest price",0,1
CUST00508,70,2,2420.0,7201.0,0.1256789803926606,0.1427254685875825,0.3861564377119434,0.213867849239508,0.3999757130485484,0.3461892386423522,0.0759102811875755,Tier3,"order tracking, usual size, favorite brand, early access",4,6
CUST00509,43,3,4600.0,29434.0,0.0779673758056233,0.1984766101542907,0.0502959983262327,0.4649865891300853,0.484717412543682,0.3532521002409693,0.1978169855691693,Metro,"ethnic wear, curated, full price, free shipping, capsule collection",1,5
CUST00510,68,3,3290.0,5305.0,0.2999969947425762,0.3539823721459852,0.1012796705660276,0.4595276536180314,0.4391926758159409,0.4078882593971146,0.1742149581147535,Tier2,"festive, wedding collection, order tracking",5,2
CUST00511,52,1,1000.0,547.0,0.4026852343555196,0.7072189464065834,0.6104378961304698,0.2802873322065189,0.1092747716630113,0.7662015130864663,0.3986676988520392,Metro,"cod available, new drop, size chart, drop alert, return policy",3,4
CUST00512,71,1,1350.0,2335.0,0.3733340581686475,0.5896548311289338,0.4894410749571832,0.2375194352924267,0.27303948975039,0.5062494401707145,0.3718171871764963,Tier3,"return policy, delivery time, new arrivals",3,6
CUST00513,46,1,1190.0,2664.0,0.6799417550194848,0.4965213399522717,0.4402904662770494,0.3789431577756607,0.1807663759472899,0.7431332894255999,0.6414185285935124,Tier2,"first order discount, unboxing, influencer recommended, free shipping, reels",6,4
CUST00514,74,1,2860.0,2495.0,0.3707208989270785,0.3870262397436766,0.3487830887935678,0.5055555164599609,0.1456613947464714,0.4601726195114763,0.4952635288562264,Metro,"kurta set, sherwani, ethnic wear, festive, occasion wear",5,5
CUST00515,51,1,1090.0,2122.0,0.4052918004910449,0.3113209542364046,0.5702172252982053,0.1744530870138088,0.2553296876879857,0.8535081425046941,0.4907764892431049,Metro,"sneaker match, restock alert, first order discount, reels, welcome offer",6,4
CUST00516,50,1,1030.0,2244.0,0.6577607837400082,0.7185496234454224,0.3129381389916627,0.2676357012800241,0.4194261597283132,0.5127141314012995,0.5094102834403906,Tier2,"welcome offer, t-shirt, try first order, influencer recommended, trending",6,4
CUST00517,12,10,580.0,8249.0,0.6764070037050935,0.3726206190475108,0.8241663150215697,0.1353481267777334,0.0404855582006968,0.6535821539255559,0.5567670656353084,Tier2,"sale, try first order, lowest price, cashback, exchange",0,3
CUST00518,17,3,710.0,3299.0,0.7625104396455034,0.2834887567651479,0.7102336760290529,0.2633122802348638,0.0264540437360833,0.7453328011653971,0.662828073720314,Tier2,"exchange, combo offer, clearance",0,3
CUST00519,56,1,1070.0,2313.0,0.2891488540062926,0.5190113635542238,0.6157299998518136,0.2766711533688175,0.1075988467793688,0.5960810592135051,0.3110512843881182,Tier3,"still deciding, fit check, size chart",3,6
CUST00520,31,19,3280.0,138566.0,0.035481613975454,0.4053378453005795,0.3632862898820402,0.1135319532737021,0.5231817568442576,0.4507511261337665,0.1338948414476117,Metro,"curated, t-shirt, limited edition, full price",1,5
CUST00521,53,6,2080.0,28054.0,0.5575824744910417,0.3006090718041363,0.3432111323596045,0.4823086253909669,0.1744802422494285,0.6918332143528365,0.5045100221313638,Metro,"kurta set, membership, occasion wear, early access, ethnic wear",5,5
CUST00522,9,2,1480.0,3975.0,0.3494122661374089,0.3145414592442341,0.7612589954332771,0.1886948416948541,0.0500461628718686,0.8689656129413276,0.4847951011814071,Metro,"streetwear, hype, new drop, collab, size medium",2,0
CUST00523,104,1,2890.0,3611.0,0.3088708829124558,0.3486041155571519,0.1865631700007241,0.4766899821155984,0.3367468478836775,0.3477532248669038,0.5336634250775203,Tier3,"diwali sale, kurta set, reels, occasion wear",5,6
CUST00524,15,18,730.0,21190.0,0.7293904646670647,0.2571849162044575,0.6113782018266188,0.061886820652723,0.3267349775206581,0.5565894660411311,0.5745165370178392,Tier3,"order tracking, bogo offer, lowest price",0,1
CUST00525,41,2,1910.0,4394.0,0.3484889821446204,0.2491183478667251,0.5407271751291309,0.3194339347215197,0.1398388901493492,0.2179451766219411,0.1806048579747041,Tier2,"restock, repeat order, my orders",4,2
CUST00526,13,8,1680.0,13090.0,0.2322239051060991,0.2407785860371731,0.943189059444083,0.0351597308060285,0.0216512097498885,0.7398964109961795,0.4271415027740923,Metro,"collab, oversized fit, limited stock",2,0
CUST00527,12,8,720.0,7528.0,0.7680397786330346,0.4195118021641658,0.6790791905312078,0.199906560069902,0.1210142493988902,0.529514689101565,0.390283933505097,Tier2,"bogo offer, exchange, coupon, budget",0,3
CUST00528,66,3,2370.0,12500.0,0.1867430361803541,0.1217943405376089,0.7745805975653569,0.1300574543222556,0.0953619481123873,0.191280469796257,0.0760236466127662,Tier2,"fit check, early access, free shipping, compare",4,2
CUST00529,9,1,1630.0,1880.0,0.2289997655154844,0.1865264768938184,0.886178011222728,0.0906530982550034,0.0231688905222686,0.8525887125772756,0.4240396402138769,Tier2,"streetwear, limited stock, exchange",2,0
CUST00530,52,2,2230.0,4143.0,0.5123585553255685,0.4158407454179665,0.4966098861049649,0.3641409147873842,0.1392491991076508,0.4424582271061582,0.6935039193225346,Tier3,"combo offer, gifting, ethnic wear",5,6
CUST00531,10,15,930.0,19164.0,0.4237440664913514,0.2031744035043971,0.5789661691785891,0.2210185210028931,0.2000153098185176,0.8031115980964767,0.5404466783290935,Tier3,"streetwear, wishlist, new drop",2,1
CUST00532,67,4,1110.0,8935.0,0.4063241538471554,0.5142979274095347,0.6092578529708259,0.2507183614631836,0.1400237855659903,0.3882069052283407,0.5722388192446524,Tier3,"insta finds, reels, influencer recommended, welcome offer, referral code",6,6
CUST00533,8,11,1430.0,21065.0,0.2532914589070981,0.3557249512020273,0.6870752754931556,0.2098739665982896,0.1030507579085547,0.7900015236254857,0.33553080232875,Tier2,"trending now, new drop, sneaker match, hype, capsule collection",2,0
CUST00534,17,6,860.0,5365.0,0.6768491224465297,0.3008771594801364,0.9290764373106396,0.0486838777276684,0.0222396849616917,0.4708208728614412,0.665590436165761,Tier2,"coupon, discount, cashback, budget, lowest price",0,3
CUST00535,46,4,3640.0,8467.0,0.1159761547994887,0.0891061331165299,0.3586801954616571,0.5083568886709169,0.1329629158674258,0.220082618054879,0.261235348674316,Tier2,"exclusive collection, capsule collection, limited edition",1,2
CUST00536,52,9,4320.0,70305.0,0.0990491802269515,0.2442002717184925,0.134810150472654,0.6166227204332284,0.2485671290941176,0.201344391621644,0.1490097404405653,Metro,"premium, capsule collection, exclusive collection, full price, luxury",1,5
CUST00537,9,11,1170.0,26473.0,0.2930274772879909,0.3859802968897945,0.458930680782123,0.1974398007988861,0.3436295184189909,0.8377104868558604,0.5800212620029364,Tier2,"streetwear, restock alert, trending now",2,0
CUST00538,17,8,850.0,6543.0,0.6619702990423002,0.3396090715927128,0.8954102131228249,0.0700740475556317,0.0345157393215434,0.4668389913215777,0.4964689186220572,Tier2,"combo offer, exchange, sale, lowest price",0,3
CUST00539,71,1,1280.0,2468.0,0.4774080849193703,0.4793710525849156,0.4323071900440936,0.4145377560480976,0.1531550539078087,0.6804618336332423,0.531079231141223,Metro,"unboxing, first order discount, cotton, referral code",6,4
CUST00540,15,7,660.0,10316.0,0.4063519066858619,0.4951921549262741,0.743844871333093,0.183429638176288,0.072725490490619,0.5182310070939037,0.6387224393911406,Tier2,"flat 50% off, bogo offer, cotton",0,3
CUST00541,77,1,1570.0,2963.0,0.3526966975991987,0.7612064684276543,0.5396247865734147,0.248893611693621,0.2114816017329641,0.6033934109867035,0.3645904876212431,Metro,"size chart, fit check, wishlist, return policy",3,4
CUST00542,32,2,2440.0,11416.0,0.0292613931420092,0.2917613880212215,0.4711870336691459,0.3538705459196175,0.1749424204112367,0.3938485006031925,0.1420441827995025,Metro,"made to order, exclusive collection, premium fabric",1,5
CUST00543,12,6,760.0,9347.0,0.8213199825925614,0.3459190904701031,0.369200385758141,0.6139865936494238,0.0168130205924354,0.4186943016877401,0.5690028371080954,Tier3,"budget, t-shirt, sale, coupon, jeans",0,1
CUST00544,14,2,680.0,2410.0,0.7696702577708132,0.2197798971317381,0.7082012477301536,0.2288089505302835,0.0629898017395629,0.6136433703876282,0.7430564895192059,Tier2,"kurta, budget, lowest price, bogo offer, ethnic wear",0,3
CUST00545,86,1,1720.0,3612.0,0.2238736981346602,0.7714638325237876,0.4580000043265543,0.348677594949042,0.1933224007244036,0.4151562532875958,0.5576460060248533,Tier3,"delivery time, sale, exchange, fit check, wishlist",3,6
CUST00546,53,1,1210.0,2079.0,0.3894945875149277,0.6255389363788468,0.5603556176173982,0.3153143480868796,0.1243300342957221,0.5808777739770734,0.5558269811392575,Metro,"order tracking, jeans, cotton, trending",6,4
CUST00547,39,7,1610.0,14913.0,0.1286378045075119,0.0447354152118886,0.1644065458150227,0.747439478204476,0.0881539759805013,0.5161569546374867,0.1206019208305044,Tier3,"order history, membership, jeans",4,6
CUST00548,62,3,1420.0,9445.0,0.6871879568201523,0.4117119083295562,0.5820167315966948,0.210115158124799,0.2078681102785061,0.6396803244747828,0.5304310501676247,Tier3,"new user offer, loyalty points, reels, referral code",6,6
CUST00549,57,4,1210.0,3622.0,0.4547498009048829,0.6967757876036772,0.3028112792908269,0.3635760195240931,0.3336127011850801,0.6559930756348611,0.4030889852539121,Metro,"reviews, cod available, delivery time",3,4
CUST00550,10,8,1360.0,10600.0,0.2891298303628919,0.2609178833523404,0.7496270600076508,0.080594009428999,0.1697789305633503,0.8412148604929284,0.2138955843230555,Metro,"oversized fit, free shipping, collab, sneaker match",2,0
CUST00551,48,1,3650.0,3757.0,0.1790264866950788,0.2891621832342076,0.0633124694089371,0.6182889655805676,0.3183985650104952,0.3649111719080088,0.1408490206828297,Metro,"made to order, full price, order tracking, luxury",1,5
CUST00552,8,14,1180.0,31458.0,0.4445484681785985,0.2381175581518898,0.7376252592674635,0.2451419061755307,0.0172328345570059,0.9190046615084724,0.5040398154504158,Tier2,"size medium, restock alert, oversized fit",2,0
CUST00553,9,7,1140.0,16757.0,0.2743737399724557,0.3409543500965112,0.3646747663322974,0.6132218898950478,0.0221033437726549,0.8918855129810033,0.2847092674624553,Tier2,"collab, streetwear, drop alert, new drop",2,0
CUST00554,43,16,2380.0,82095.0,0.2459893269040038,0.5496866532610095,0.3876752166156489,0.5304695670305373,0.0818552163538137,0.4734275807454344,0.5403667566927125,Metro,"t-shirt, festive, sherwani, order tracking, wedding collection",5,5
CUST00555,70,5,1890.0,20274.0,0.3470452456196343,0.2359170441379156,0.0488142754275255,0.5199606077523177,0.4312251168201567,0.3739983948807061,0.6133877001537642,Metro,"kurta set, ethnic wear, sherwani, diwali sale, compare",5,5
CUST00556,61,1,1160.0,557.0,0.5459031843888058,0.3931602064661348,0.4349801436633377,0.498878391224702,0.0661414651119602,0.6524885130395706,0.6765857462862398,Tier3,"try first order, referral code, new user offer, trending",6,6
CUST00557,67,2,2030.0,9603.0,0.2687326920014904,0.2289088910703675,0.2819759992427738,0.3659516935764798,0.3520723071807465,0.3187665344994945,0.1934170078165679,Tier2,"usual size, membership, kurta, free shipping",4,2
CUST00558,17,6,750.0,7975.0,0.7497414956060325,0.3163504486071259,0.5583818897044386,0.439845354472216,0.0017727558233454,0.5179707872881418,0.6783520504590225,Tier2,"budget, coupon, bogo offer, combo offer",0,3
CUST00559,55,2,1170.0,4707.0,0.4889330225294356,0.4292913634699128,0.42701074310627,0.3115523608825486,0.2614368960111815,0.7274688460677873,0.4496893829864439,Metro,"first order discount, new user offer, cashback, trending, cotton",6,4
CUST00560,27,7,1490.0,9184.0,0.2797758188282926,0.1257131981264758,0.3411124566152727,0.5001865391532436,0.1587010042314837,0.3051874727697828,0.1964952453302636,Metro,"favorite brand, exchange, order history, new arrivals",4,5
CUST00561,44,1,3480.0,5025.0,0.1667653945753149,0.3379827472039688,0.0785588090429674,0.4829893296786712,0.4384518612783613,0.1607758370868946,0.1572873306944746,Metro,"exclusive collection, full price, flat 50% off",1,5
CUST00562,60,2,2420.0,4788.0,0.3529149199984217,0.3032594265586036,0.2079607926081773,0.4325379153846407,0.3595012920071819,0.5190245151538099,0.4056645286087711,Tier3,"size medium, kurta set, saree, occasion wear",5,6
CUST00563,65,1,860.0,438.0,0.5115755126890364,0.4120920701335458,0.1423205074916088,0.8112299702503367,0.0464495222580544,0.8827988193155523,0.5474154348870282,Tier2,"trending, referral code, first order discount, cotton, new user offer",6,4
CUST00564,51,6,1820.0,9629.0,0.1827767089868641,0.0863501242171984,0.5303912897853091,0.2160507017893966,0.2535580084252943,0.4893603178147356,0.2505479921687835,Metro,"membership, restock, early access, my orders",4,5
CUST00565,8,13,1420.0,35306.0,0.3276905709499966,0.2247847836167808,0.8024095054047539,0.1254492733386755,0.0721412212565705,0.7303704485319839,0.2920870210055113,Tier2,"trending now, jeans, new drop",2,0
CUST00566,70,1,1180.0,2546.0,0.5088377503790077,0.4120067258604203,0.6580317084305374,0.2893027761227336,0.0526655154467288,0.725245826039719,0.7961265093549541,Tier3,"festive, exchange, trending, gifting, unboxing",6,6
CUST00567,74,3,2420.0,8602.0,0.4170993374579814,0.3738070505895047,0.3144123021504753,0.4484512806828626,0.2371364171666621,0.5980867356411149,0.3351535681505528,Tier3,"exchange, coupon, family pack, ethnic wear",5,6
CUST00568,62,1,1000.0,1900.0,0.4915460542082946,0.4360143768817366,0.545496677423382,0.1200097499250829,0.334493572651535,0.6632752994422757,0.6832206887707726,Tier2,"influencer recommended, reels, welcome offer, referral code, try first order",6,4
CUST00569,50,1,1030.0,789.0,0.7699964222928675,0.3338994959022803,0.7400871900054705,0.1124411032962151,0.1474717066983144,0.8267038688170691,0.7390274538748802,Tier3,"first order discount, referral code, new arrivals, exchange",6,1
CUST00570,12,3,810.0,3942.0,0.7524968310533162,0.2954495261582448,0.5760349287704901,0.3202601625352437,0.1037049086942662,0.546741949649345,0.7364547263440177,Tier2,"coupon, order tracking, cashback",0,3
CUST00571,34,4,820.0,3079.0,0.4223451229995391,0.637242093382925,0.5505323400495907,0.1430650395094202,0.306402620440989,0.5193038642462984,0.3903884815721041,Metro,"cod available, size chart, still deciding, jeans, compare",3,4
CUST00572,54,2,1170.0,1254.0,0.4698490914841044,0.4593695534525784,0.6036576050365726,0.3111040228653399,0.0852383720980875,0.5389181123564923,0.5433837280586685,Tier3,"influencer recommended, free shipping, reels, trending, welcome offer",6,6
CUST00573,50,1,1870.0,3183.0,0.2305063951522157,0.1255342992960689,0.7132200010908889,0.1788396224008052,0.1079403765083059,0.3464293278323302,0.1234355279698696,Tier3,"t-shirt, loyalty points, repeat order",4,6
CUST00574,35,2,980.0,4692.0,0.4160459559708673,0.7114710480511948,0.4056295835245173,0.4102101962096308,0.1841602202658518,0.456626545155865,0.3920460517483136,Tier2,"sale, size medium, compare",3,4
CUST00575,51,1,1170.0,624.0,0.6605818371580202,0.498433631765169,0.6172819087123116,0.1288958331622856,0.2538222581254026,0.5781554138034287,0.3593536779790794,Tier2,"reels, order tracking, insta finds",6,4
CUST00576,43,5,1140.0,4115.0,0.6592664312807002,0.7633239860589311,0.2183102119531025,0.4651473191871396,0.3165424688597578,0.549716085104584,0.32813711008832,Tier2,"new drop, cod available, return policy",3,4
CUST00577,26,3,3120.0,6652.0,0.2007571761186619,0.1267102062722808,0.3936700578471479,0.1401955113077638,0.4661344308450882,0.3379045502556282,0.1013499827583929,Metro,"premium fabric, curated, jeans, kurta set, limited edition",1,5
CUST00578,101,2,1660.0,6915.0,0.2932323486219405,0.6883681100658182,0.3834779916189482,0.3532359508276919,0.2632860575533599,0.577020713192453,0.6089187179520766,Tier3,"size guide, cotton, cod available, exchange",3,6
CUST00579,80,3,1810.0,4882.0,0.2942748131987843,0.7212434881006025,0.6719881666632639,0.2645283742309937,0.0634834591057421,0.6295367440744939,0.4522587331255505,Tier2,"welcome offer, fit check, kurta, size guide",3,4
CUST00580,93,4,3500.0,29851.0,0.4833619078313667,0.3663244013055411,0.3040426965511927,0.5424941171567049,0.1534631862921023,0.5304165091794839,0.4576163943658689,Tier3,"wedding collection, festive, cotton, sherwani",5,6
CUST00581,55,3,2120.0,4375.0,0.2433993743562635,0.0723729965846159,0.2819958044230925,0.6360303860384832,0.0819738095384242,0.2724415833096019,0.3719135079506043,Tier2,"membership, free shipping, new arrivals, restock, early access",4,2
CUST00582,28,2,850.0,1120.0,0.6176204019174124,0.439915679598288,0.2664557002992517,0.1737478730467508,0.5597964266539974,0.7628026321375794,0.7052737040798521,Tier3,"drop alert, trending, try first order",6,6
CUST00583,11,24,460.0,7171.0,0.902277744719432,0.3155775221654164,0.5370624239975398,0.3524646991385014,0.1104728768639589,0.6635508020094808,0.6793396932001706,Tier2,"combo offer, clearance, bogo offer",0,3
CUST00584,48,1,1510.0,2484.0,0.3927737162760499,0.7192516156813981,0.4683772774074523,0.3638844692190812,0.1677382533734664,0.58411322268463,0.4114903242267328,Metro,"cod available, still deciding, size guide, jeans, size chart",3,4
CUST00585,8,16,1110.0,27181.0,0.5301430190198607,0.2742055549335615,0.6409061321314696,0.0383482805681025,0.3207455873004277,0.9643024062199276,0.2121422751418954,Tier2,"sneaker match, collab, trending now, new drop, hype",2,0
CUST00586,50,2,2360.0,3320.0,0.317378903809675,0.2615348568065524,0.6088486711813695,0.2388746102417412,0.1522767185768892,0.5580551466587168,0.4081292311775717,Tier2,"family pack, kurta set, festive",5,2
CUST00587,7,11,1400.0,31897.0,0.3434406572857336,0.2381979625281648,0.6221382215219564,0.2927421677505736,0.0851196107274698,0.7899994543659385,0.2794325685354726,Metro,"sneaker match, gifting, drop alert, limited stock, restock alert",2,0
CUST00588,18,12,650.0,5639.0,0.7681568767047531,0.3365982534943961,0.552254219180442,0.2591517522476532,0.1885940285719048,0.4878758701450233,0.5234615412066893,Tier2,"clearance, budget, bogo offer, discount, coupon",0,3
CUST00589,15,15,630.0,23669.0,0.7289289749530043,0.4396033975344418,0.5468206824158394,0.1447383372787113,0.3084409803054493,0.4162119457128838,0.7435026610014807,Tier3,"clearance, coupon, budget, lowest price, bogo offer",0,1
CUST00590,60,1,2850.0,3915.0,0.3563360925516471,0.3203903271427907,0.2832376068750514,0.5213948034234835,0.1953675897014649,0.6320711089356825,0.4665001801598745,Tier3,"sale, sherwani, wedding collection, saree, ethnic wear",5,6
CUST00591,42,1,910.0,1895.0,0.7766984505420329,0.5974140164348926,0.3146047943454353,0.4833590157917391,0.2020361898628254,0.8305902174110473,0.6066123673428567,Metro,"influencer recommended, unboxing, cotton",6,4
CUST00592,14,17,610.0,4365.0,0.845158498910875,0.4641529114520518,0.8175120301412256,0.0609071595919912,0.121580810266783,0.4479782259477882,0.6800405307598796,Metro,"clearance, lowest price, flat 50% off",0,3
CUST00593,8,7,1020.0,9545.0,0.3862339299494995,0.1686381031679615,0.7353404217592433,0.0908201776336576,0.1738394006070992,0.6989850531558486,0.2685536688767383,Tier3,"jeans, cotton, limited stock",2,0
CUST00594,62,1,1480.0,2105.0,0.4794926331634912,0.4595453717986211,0.6433402964059295,0.3075556367500703,0.0491040668440001,0.8449874624947942,0.5213122668076537,Tier2,"saree, kurta set, first order discount, trending",6,4
CUST00595,76,2,2850.0,9282.0,0.141581650196701,0.5066196699242613,0.3207537538329922,0.2510393535057779,0.4282068926612299,0.4653669192165144,0.532482795862422,Tier2,"gifting, kurta set, ethnic wear",5,2
CUST00596,20,15,790.0,25189.0,0.6404023471543779,0.4253484342898422,0.3310030973142538,0.1959581322091007,0.4730387704766453,0.4227285226521829,0.6389140961849751,Tier2,"coupon, bogo offer, free shipping",0,3
CUST00597,10,16,540.0,9445.0,0.8391495553445868,0.3379812575528876,0.7960679072868873,0.1460123325641485,0.0579197601489643,0.6921154484008029,0.8539083558135858,Tier3,"budget, order tracking, exchange",0,1
CUST00598,16,14,540.0,14078.0,0.6211543205695432,0.379977224003264,0.5725007580873795,0.4241071085918904,0.0033921333207299,0.4953517474407988,0.5911929100683837,Tier2,"discount, cashback, sale, flat 50% off, lowest price",0,3
CUST00599,14,14,570.0,11641.0,0.7096277306780379,0.261165427443654,0.3044897148357977,0.5717027220553614,0.1238075631088408,0.6040543582535701,0.4172531287007195,Tier3,"full price, combo offer, lowest price, flat 50% off",0,1
CUST00600,93,4,2710.0,8844.0,0.4505200965302258,0.3413581630731308,0.1645207355937742,0.3999258657715904,0.4355533986346352,0.6159400278186554,0.4449363900200528,Tier2,"wedding collection, gifting, occasion wear, kurta set, ethnic wear",5,2
CUST00601,8,10,1780.0,31348.0,0.4062432814364028,0.2672016339877436,0.6520054428603221,0.217245399187649,0.1307491579520288,0.7671845579280089,0.3383831594676356,Tier2,"free shipping, t-shirt, restock alert, hype, streetwear",2,0
CUST00602,46,1,1020.0,1299.0,0.6229817799804678,0.5386836157925038,0.5481340184847743,0.2477859028236494,0.2040800786915763,0.904190589903877,0.4097419629763327,Metro,"try first order, reviews, reels",6,4
CUST00603,77,1,1300.0,2918.0,0.3238729699148517,0.8972483344682018,0.3898638982519266,0.3191545865394754,0.2909815152085979,0.6188511641220924,0.2844975322394548,Tier2,"return policy, cotton, new user offer, size chart",3,4
CUST00604,59,5,1260.0,11654.0,0.3750770671539663,0.5705314955548209,0.4515290141734699,0.3243905506110214,0.2240804352155086,0.5197618736372059,0.378834421879846,Tier3,"cod available, delivery time, wishlist, return policy",3,6
CUST00605,9,3,1380.0,8939.0,0.4636279233018827,0.30508638110553,0.4356870727904215,0.4810915284036769,0.0832213988059014,0.804990111071863,0.4814996209926382,Tier2,"limited stock, streetwear, hype",2,0
CUST00606,105,2,4030.0,13970.0,0.2017091177377058,0.3422236164540568,0.5019508986119755,0.3746497991224917,0.1233993022655326,0.2173842346635816,0.4191652916928132,Metro,"sherwani, t-shirt, wedding collection, festive, kurta set",5,5
CUST00607,41,2,1270.0,1757.0,0.6349043776741605,0.6965097835302994,0.687103118484226,0.1113865056180883,0.2015103758976858,0.7380012743372121,0.5200581904091364,Tier2,"size guide, repeat order, size chart, wishlist, t-shirt",3,4
CUST00608,11,14,590.0,5048.0,0.8077525086626446,0.2544812838554115,0.7626372475691855,0.062090137249084,0.1752726151817304,0.6539712094250998,0.8868289159689621,Tier3,"discount, clearance, bogo offer, t-shirt",0,1
CUST00609,14,10,590.0,8064.0,0.7248076752652035,0.3345084581544044,0.8993701195102095,0.0751621761932063,0.0254677042965841,0.6426433223897794,0.8744289704530648,Tier2,"wedding collection, lowest price, cashback",0,3
CUST00610,53,5,1700.0,19525.0,0.1103974200523763,0.110739810577622,0.6983940994364474,0.2624083524120923,0.0391975481514602,0.2255029021078685,0.2262275803205145,Tier3,"order history, favorite brand, membership, repeat order, cotton",4,6
CUST00611,62,1,1350.0,3369.0,0.4118512756438952,0.5760477529574662,0.5283226425631455,0.4010365530162366,0.0706408044206179,0.6477934370734333,0.2086107094953194,Metro,"cod available, free shipping, still deciding, compare, fit check",3,4
CUST00612,37,9,1680.0,36294.0,0.2655196721829498,0.0251140377225282,0.463437723156553,0.2302204660989378,0.3063418107445092,0.3278341670805558,0.1658274212063759,Metro,"t-shirt, made to order, repeat order",4,5
CUST00613,31,1,1010.0,1222.0,0.4874715585381993,0.6467222249652603,0.4117904762142499,0.3065301878766936,0.2816793359090562,0.4755093889504076,0.40090538823874,Metro,"reviews, compare, still deciding, exchange, delivery time",3,4
CUST00614,14,3,690.0,1782.0,0.7038284402110373,0.5029553222873063,0.7187474519780104,0.1933064818295383,0.0879460661924513,0.4580573853073813,0.5315650684798705,Tier2,"coupon, sale, lowest price, budget",0,3
CUST00615,8,10,1170.0,9934.0,0.3005872121426657,0.3505194414542409,0.8027664702360086,0.1834389946950915,0.0137945350688998,0.7737205009953786,0.5047154358669955,Tier2,"new drop, hype, streetwear, kurta set",2,0
CUST00616,14,11,750.0,6047.0,0.6637954948400018,0.3231022818283042,0.7367740181510827,0.1624979777069033,0.1007280041420139,0.3113003954626656,0.6318632561440405,Tier3,"budget, combo offer, discount, ethnic wear",0,1
CUST00617,46,2,2390.0,6512.0,0.4599076740475673,0.1633779694387948,0.5097920907748926,0.3120016733048938,0.1782062359202133,0.408134341004022,0.7440370520306058,Metro,"festive, drop alert, kurta set",5,5
CUST00618,62,1,1540.0,1064.0,0.3526845907772863,0.757081778856112,0.5419307295558281,0.2350690969989614,0.2230001734452104,0.4427991795641,0.5305383909582542,Tier2,"return policy, still deciding, compare, wishlist",3,4
CUST00619,14,2,710.0,957.0,0.7545373167444887,0.2319214176416877,0.6612533885044123,0.0932077213084104,0.2455388901871773,0.5626254958562041,0.5240386428722347,Metro,"discount, jeans, budget",0,3
CUST00620,67,1,1390.0,2284.0,0.3967182404294305,0.440721446617866,0.4815406559217544,0.362876418518374,0.1555829255598715,0.6581768681160013,0.4465937688654399,Tier2,"first order discount, new user offer, try first order, influencer recommended, kurta",6,4
CUST00621,44,1,980.0,2055.0,0.4417592345379287,0.570656879154137,0.6650430930149748,0.2853265247642872,0.049630382220738,0.6819053813657214,0.4769588552506361,Metro,"welcome offer, unboxing, try first order",6,4
CUST00622,60,2,2260.0,5072.0,0.3866929366959345,0.2906961025489836,0.5004881915309821,0.3522481632052652,0.1472636452637525,0.6059237463051987,0.4867818730980942,Tier2,"diwali sale, cotton, saree, budget, occasion wear",5,2
CUST00623,34,7,1720.0,12346.0,0.3772286634840211,0.359458309381152,0.3610940907946555,0.4590335086769199,0.1798724005284245,0.3165270706547568,0.1542632982159143,Tier2,"membership, order history, restock, repeat order",4,2
CUST00624,42,5,1670.0,17237.0,0.3578763596016007,0.0932801931958222,0.5961970432950302,0.2015547374243625,0.202248219280607,0.4555585672447816,0.0888114371379316,Tier3,"new arrivals, membership, early access, free shipping",4,6
CUST00625,14,4,550.0,3073.0,0.7247495950133835,0.2224778595957481,0.614813312249991,0.3293233794118935,0.0558633083381154,0.5549508794646892,0.7834174204954101,Tier2,"sale, combo offer, gifting, clearance, bogo offer",0,3
CUST00626,59,1,1290.0,2368.0,0.3210548826215108,0.6521484836886318,0.5327457433943674,0.3478542387421736,0.119400017863459,0.4697993137764469,0.2664785806419749,Tier2,"delivery time, size guide, size chart, cod available",3,4
CUST00627,48,1,4010.0,9918.0,0.1072508534139864,0.2888416000451679,0.4961284541260547,0.2391317893438056,0.2647397565301397,0.3003393311735415,0.1374233012289356,Metro,"designer drop, premium, new arrivals, luxury",1,5
CUST00628,7,12,1280.0,17777.0,0.3885709912240246,0.2537571275595029,0.695248434870367,0.1364932337876726,0.1682583313419603,0.8775232737094234,0.39415703290767,Tier2,"restock alert, streetwear, hype",2,0
CUST00629,86,1,1460.0,1451.0,0.2686140022043193,0.8323892856118652,0.5130650657484391,0.2039348268528687,0.283000107398692,0.4547943319858274,0.3379982058342368,Tier2,"reviews, still deciding, compare, jeans, wishlist",3,4
CUST00630,56,1,1220.0,3106.0,0.4068577709422624,0.5739875248232336,0.5638506376781295,0.2770529676147672,0.1590963947071032,0.7295946404252113,0.5430660944007373,Tier2,"curated, insta finds, reels, welcome offer",6,4
CUST00631,38,1,4250.0,7434.0,0.1124937556787337,0.1636682395160225,0.0723603307944657,0.5399282055661447,0.3877114636393896,0.1730101819067665,0.0764154697331476,Metro,"jeans, capsule collection, premium, designer drop",1,5
CUST00632,16,9,580.0,5522.0,0.7738151573540353,0.1835254286207366,0.4208076629484358,0.5710217506166518,0.0081705864349123,0.7304698351107373,0.5951416020862644,Tier2,"lowest price, clearance, cashback, flat 50% off, bogo offer",0,3
CUST00633,74,2,1390.0,5171.0,0.3554757355177172,0.6480357857107839,0.4984093308782077,0.277848278743601,0.2237423903781913,0.6178689870669904,0.3626030501181255,Metro,"cotton, still deciding, delivery time, size chart, kurta",3,4
CUST00634,17,6,640.0,2775.0,0.9121236246749506,0.4115432574579921,0.8664394412324556,0.0723003169226865,0.0612602418448577,0.7700298414929427,0.5861208397767219,Tier3,"discount, combo offer, flat 50% off, lowest price, hype",0,1
CUST00635,19,2,2280.0,6944.0,0.1934106999991806,0.4720725246926949,0.8497253697521617,0.1113355081255465,0.0389391221222916,0.6489063551048682,0.2295499307211173,Metro,"limited stock, reviews, hype, order tracking, trending now",2,0
CUST00636,43,1,1150.0,1662.0,0.4539803080016095,0.6816012157561825,0.2559025777155415,0.5955398129803068,0.1485576093041516,0.4254606288915067,0.3592190861872977,Metro,"t-shirt, reviews, cod available",3,4
CUST00637,48,8,2190.0,21916.0,0.1430528473436422,0.0773298539379342,0.1707806443833568,0.7943172118875511,0.034902143729092,0.2460408249598648,0.1273049158725718,Metro,"my orders, membership, cotton",4,5
CUST00638,10,4,1400.0,6152.0,0.4078709789939882,0.3633620005701038,0.6165582423216053,0.2866326244692391,0.0968091332091555,0.6406988537834372,0.3923075656570852,Metro,"oversized fit, new drop, trending now, restock alert, limited stock",2,0
CUST00639,14,1,580.0,620.0,0.7149097346671593,0.214625931499334,0.7939363492041652,0.1497096746735437,0.0563539761222909,0.6710270999695795,0.8108739836131412,Metro,"lowest price, referral code, discount",0,3
CUST00640,16,17,620.0,19094.0,0.7854972468775413,0.2815614883059562,0.6825110757274643,0.1749489776255042,0.1425399466470315,0.521960785142718,0.8158328849616332,Tier2,"sale, free shipping, exchange, bogo offer, discount",0,3
CUST00641,66,1,2680.0,4270.0,0.219509663844791,0.417375697595397,0.1954432857966065,0.3965603139399397,0.4079964002634536,0.4790687623667859,0.4240376860914477,Tier3,"festive, ethnic wear, sherwani",5,6
CUST00642,66,3,2480.0,10260.0,0.2819886431342442,0.2095819625227277,0.5930011920338704,0.2484166409997223,0.1585821669664074,0.2699214735752864,0.2122248391686322,Metro,"restock, repeat order, order history, membership, exchange",4,5
CUST00643,50,1,1310.0,831.0,0.4041870699303078,0.7246587866764193,0.1982642395363435,0.4568026900430156,0.3449330704206407,0.6484221735489248,0.2875267543890506,Tier2,"return policy, size chart, compare, delivery time",3,4
CUST00644,81,1,2610.0,2046.0,0.379247655923986,0.4568419118347449,0.271956659852861,0.154304178623542,0.5737391615235968,0.5351658416214101,0.4955320156421281,Metro,"favorite brand, restock, kurta, diwali sale",5,4
CUST00645,80,1,1570.0,2790.0,0.3258723580788099,0.788371419872466,0.8616425331983557,0.0092264802961986,0.1291309865054455,0.5131175076702891,0.3586537696457018,Tier2,"cod available, compare, new arrivals, loyalty points, reviews",3,4
CUST00646,47,1,920.0,890.0,0.5126379011244211,0.8837171008356202,0.4666432126803079,0.3622505925402084,0.1711061947794836,0.7697263037175709,0.475155053982046,Metro,"reviews, wishlist, fit check, sherwani",3,4
CUST00647,15,13,650.0,18686.0,0.8376284300669943,0.333377760742186,0.6216417201853756,0.2806011971218017,0.0977570826928225,0.2680305765929682,0.5482954060439006,Tier2,"exchange, cashback, combo offer",0,3
CUST00648,43,6,1670.0,22546.0,0.253981443124558,0.1366634428497134,0.3583019662850137,0.2178960317123275,0.4238020020026588,0.5052294985316457,0.151092389358492,Tier2,"t-shirt, restock, usual size",4,2
CUST00649,49,2,880.0,3040.0,0.5113665363416513,0.6264731290850111,0.3542597308693433,0.4417058525846718,0.2040344165459846,0.8024952363705921,0.6856778058881138,Metro,"welcome offer, referral code, insta finds, jeans",6,4
CUST00650,55,5,1900.0,11674.0,0.1831658756339689,0.0962031488325924,0.2367937397038916,0.6894248653196295,0.0737813949764788,0.1327793972734565,0.1033929176242224,Tier3,"kurta, repeat order, my orders, usual size",4,6
CUST00651,30,17,1270.0,60685.0,0.5042366658691353,0.0861706974905083,0.152044667422094,0.5988655102776081,0.2490898223002977,0.4179181815049134,0.3418966904771146,Metro,"t-shirt, limited stock, order history, usual size",4,5
CUST00652,54,1,1310.0,2023.0,0.4351626572026721,0.6870673715793204,0.5360664527018038,0.2112744839352003,0.2526590633629959,0.565464573728777,0.241988873299338,Tier3,"jeans, return policy, fit check, influencer recommended, reviews",3,6
CUST00653,8,13,1100.0,31026.0,0.4282800125655112,0.3348032461305834,0.5464483676558727,0.1987136844625355,0.2548379478815918,0.8540506847324493,0.4406712944850196,Tier2,"sneaker match, collab, restock alert",2,0
CUST00654,9,3,540.0,1727.0,0.8084462640722949,0.1890644601460151,0.7810431605735284,0.1044607973032468,0.1144960421232246,0.7029262281027695,0.724945295679096,Tier2,"lowest price, sale, size medium",0,3
CUST00655,34,8,1550.0,23960.0,0.2323737181382828,0.1429519587699303,0.3892298725228322,0.3720576748827746,0.2387124525943932,0.4855512701207806,0.1448629828176658,Metro,"clearance, repeat order, t-shirt",4,5
CUST00656,22,2,800.0,2492.0,0.5409645587832309,0.6190775283987531,0.7247210538270665,0.1744750462293886,0.1008038999435447,0.526066434833001,0.5224593722012694,Metro,"clearance, free shipping, lowest price, cotton, coupon",0,4
CUST00657,109,2,3310.0,15089.0,0.2528064697573704,0.5433831277612193,0.3814713817603798,0.4417758811962384,0.1767527370433818,0.5060912559655453,0.6821760292678937,Tier3,"clearance, occasion wear, coupon",5,6
CUST00658,58,1,1240.0,2122.0,0.2034599614629276,0.7907495817091107,0.104059550248742,0.6880534728458187,0.2078869769054392,0.5168075556669399,0.4685072972409789,Tier3,"size guide, still deciding, size chart, kurta, fit check",3,6
CUST00659,38,1,1060.0,669.0,0.6122637645279916,0.5502022722436316,0.0481224779978761,0.7959321477400438,0.15594537426208,0.7732088591417695,0.513494852908716,Tier3,"cotton, free shipping, hype, size chart, wishlist",3,6
CUST00660,40,4,5160.0,47760.0,0.0365955721700898,0.2600394276420952,0.2084804728069171,0.2846345429000539,0.506884984293029,0.1096581960692841,0.0543287230663469,Metro,"premium fabric, cotton, luxury, curated",1,5
CUST00661,9,4,1330.0,13641.0,0.4688708258329713,0.2911744634896823,0.8464220542693272,0.1516213609052517,0.0019565848254211,0.6850526894227321,0.3148139909253449,Tier2,"drop alert, trending now, limited stock",2,0
CUST00662,109,1,4930.0,10612.0,0.2741949815309719,0.2794097520591516,0.4539488034868497,0.4029146146359965,0.1431365818771537,0.5050293779140608,0.3124989299935514,Tier3,"festive, saree, t-shirt, combo offer, bogo offer",5,6
CUST00663,52,1,990.0,739.0,0.5472469746502118,0.4190322601150799,0.3422696677322606,0.0455099492852536,0.6122203829824857,0.4191078860255763,0.4581247367707287,Metro,"size medium, insta finds, first order discount",6,4
CUST00664,16,10,670.0,7046.0,0.5807762357019721,0.3823470362582928,0.7368122112555083,0.138708117322261,0.1244796714222306,0.4004614660575933,0.704140210503876,Tier3,"sale, bogo offer, lowest price, discount, my orders",0,1
CUST00665,47,4,1950.0,9145.0,0.2533454487408467,0.3812320706693474,0.4478238297497133,0.3121121703062925,0.2400639999439941,0.0959757332681294,0.1937475068813189,Tier2,"order history, still deciding, return policy, usual size, new arrivals",4,2
CUST00666,89,2,1570.0,5860.0,0.2958813385746924,0.7907053320463377,0.2002815595467112,0.4296849968252436,0.3700334436280451,0.3826587787984237,0.3519743300314124,Tier2,"fit check, compare, return policy, delivery time, hype",3,4
CUST00667,69,2,2240.0,6670.0,0.0764512064820767,0.109898618668031,0.3801354862653099,0.2691415579959671,0.3507229557387228,0.0721613880700718,0.1355737183918427,Metro,"usual size, early access, order tracking, new arrivals, membership",4,5
CUST00668,13,7,1570.0,14081.0,0.2700180060818476,0.3164477297040199,0.7260066068624872,0.1476634979055262,0.1263298952319866,0.7845714473066461,0.4022028075773795,Tier3,"new drop, order tracking, hype",2,0
CUST00669,13,5,1260.0,10047.0,0.2937242993452985,0.1799140766469782,0.8959577868248335,0.0354643902926883,0.068577822882478,0.8965413508734245,0.3338154819148192,Metro,"limited stock, early access, oversized fit, restock alert, hype",2,0
CUST00670,18,11,710.0,13948.0,0.6864122603856541,0.4789169554123261,0.7778199598818211,0.1152095265940863,0.1069705135240925,0.4528280614340825,0.5753678851864735,Tier2,"size medium, free shipping, exchange, lowest price",0,3
CUST00671,71,2,2430.0,10614.0,0.2607921770085225,0.468484481576493,0.4020152062566152,0.4589213491246462,0.1390634446187386,0.4488148665432685,0.6537618130077146,Tier2,"gifting, festive, ethnic wear, occasion wear",5,2
CUST00672,27,8,2910.0,13748.0,0.1506571461495112,0.4412620278383408,0.1286642546526276,0.1696918606778377,0.7016438846695345,0.354092959558296,0.1443652547135573,Metro,"designer drop, made to order, cotton, luxury, full price",1,5
CUST00673,38,4,3630.0,31503.0,0.0535141641214747,0.2925969107195653,0.1227922471620355,0.2656967058834987,0.6115110469544657,0.4686540591055411,0.1993162231763243,Metro,"luxury, capsule collection, premium, designer drop",1,5
CUST00674,51,2,1620.0,7186.0,0.2967640315770933,0.7508471741632033,0.509554878089177,0.4441218199364687,0.0463233019743542,0.4551826380677808,0.2769713686351645,Tier3,"reviews, delivery time, jeans",3,6
CUST00675,56,1,1570.0,2947.0,0.5599808120469315,0.6411684011449654,0.1624465801021545,0.3223839569086276,0.5151694629892178,0.6713159386935419,0.2444561384670266,Tier2,"reviews, return policy, unboxing",3,4
CUST00676,7,7,1710.0,16214.0,0.2862087301317936,0.2312996781346723,0.3220409585141502,0.5221864160357821,0.1557726254500675,0.7679712555192164,0.1023394433780117,Metro,"oversized fit, restock alert, size medium, drop alert, trending now",2,0
CUST00677,15,8,1590.0,18409.0,0.2271127045771411,0.4725555894065641,0.8020272775683572,0.1857692182366773,0.0122035041949653,0.7799228773528485,0.457597308331525,Tier2,"drop alert, limited stock, oversized fit, jeans",2,0
CUST00678,7,12,1110.0,14935.0,0.5903609354985684,0.2688699028019611,0.562146442552911,0.4209642859052729,0.016889271541816,0.7952747556214514,0.5614688189356113,Metro,"trending now, new drop, oversized fit, collab, exchange",2,0
CUST00679,70,4,2020.0,10640.0,0.285511661954349,0.5322528655432824,0.2803297912730039,0.4454026256610459,0.2742675830659501,0.5298637630940579,0.4472334089677981,Tier3,"kurta, sherwani, wedding collection, size medium",5,6
CUST00680,43,1,1340.0,1009.0,0.3818859987010586,0.0209616502619494,0.384551163864135,0.1238404663786001,0.4916083697572647,0.4246125081535633,0.2445659503117138,Tier2,"favorite brand, order history, free shipping",4,2
CUST00681,46,5,1730.0,13425.0,0.2958321245169599,0.1200553007060799,0.2961249591274226,0.4930220580205955,0.2108529828519816,0.3698343758112922,0.1002145976161217,Metro,"repeat order, loyalty points, usual size, free shipping, my orders",4,5
CUST00682,38,2,930.0,2159.0,0.6559963484001077,0.5039909115994973,0.5026763500457567,0.3889151888059056,0.1084084611483378,0.7495597435266468,0.6662390040618393,Tier2,"first order discount, size medium, new user offer",6,4
CUST00683,39,1,1080.0,2139.0,0.4516988669024827,0.8028961100242811,0.2447075490473288,0.6710133181447583,0.0842791328079128,0.5283949031730562,0.4380184387996595,Tier3,"still deciding, trending, wishlist",3,6
CUST00684,51,1,1800.0,3545.0,0.3717189481071612,0.3974941540098138,0.3237624370728479,0.3081354207605389,0.3681021421666133,0.5860156270840273,0.568426063997674,Metro,"occasion wear, jeans, repeat order, diwali sale",5,4
CUST00685,32,2,750.0,3614.0,0.4591655189308947,0.7153274591748263,0.2344413669962293,0.6296562118275699,0.1359024211762009,0.7755824946427626,0.4780101300215639,Metro,"cod available, reviews, size chart, t-shirt",3,4
CUST00686,43,1,1590.0,2791.0,0.1794571583434932,0.1054470363314265,0.4980677944120333,0.2559560730321966,0.2459761325557701,0.337906852207617,0.1327107394019948,Tier2,"jeans, order history, unboxing, new arrivals",4,2
CUST00687,27,7,1050.0,5512.0,0.8091498828576088,0.4213922641038079,0.7782261399642034,0.2007875961014713,0.0209862639343253,0.3152641217648457,0.4645211715968856,Tier3,"sale, clearance, discount",0,1
CUST00688,29,1,980.0,2743.0,0.4764180175462139,0.6415182100835632,0.2990365579735806,0.1655252720326093,0.53543816999381,0.5846842305911324,0.3930160635485072,Tier3,"still deciding, free shipping, return policy, delivery time, compare",3,6
CUST00689,68,2,1290.0,2552.0,0.472012470847258,0.7532586565481016,0.2874015246428896,0.3260997452238593,0.3864987301332511,0.3429939691701797,0.1431990896303227,Tier3,"return policy, full price, free shipping, cod available, size chart",3,6
CUST00690,49,1,1070.0,762.0,0.5107517561195392,0.697066267724348,0.6128292051033933,0.119028707124487,0.2681420877721197,0.7562420926515954,0.5515376177867947,Tier2,"reviews, kurta, still deciding, size chart, wishlist",3,4
CUST00691,38,4,3630.0,25368.0,0.0987547672738085,0.2776713725601351,0.2363800002415468,0.6635338977839049,0.1000861019745482,0.2859773735308088,0.1136560373518409,Metro,"full price, size medium, premium",1,5
CUST00692,16,3,1900.0,6463.0,0.4027942270755235,0.203205346723283,0.8707044682191508,0.0611013975554488,0.0681941342254005,0.5163568220785036,0.1506482109490014,Tier2,"cod available, collab, limited stock, delivery time, free shipping",2,0
CUST00693,54,1,2320.0,2089.0,0.4891597352724772,0.1284022521737017,0.1897867419941723,0.4396374178660325,0.3705758401397952,0.3900035665431843,0.2870764419537676,Metro,"saree, usual size, t-shirt",4,5
CUST00694,11,12,1320.0,10839.0,0.2945374908889046,0.2492893431856936,0.6853147917981639,0.2044469579434613,0.1102382502583747,0.8075604895997565,0.3419158052493787,Metro,"limited stock, trending now, new arrivals",2,0
CUST00695,58,4,1320.0,8332.0,0.3626861346685677,0.6941451726696998,0.3847463521109321,0.5257759873278522,0.0894776605612157,0.4621240079158914,0.3602519133636417,Metro,"occasion wear, size guide, still deciding, jeans, reviews",3,4
CUST00696,44,3,4220.0,25608.0,0.2040721785584108,0.2745691925770053,0.2807517067938578,0.6208801936091566,0.0983680995969855,0.1107475788671205,0.1598259215965091,Metro,"exclusive collection, limited edition, full price",1,5
CUST00697,9,7,1160.0,15722.0,0.467771083263348,0.1544333482126084,0.6286885104786712,0.2989677505146402,0.0723437390066883,0.8460475593461753,0.3367986569364981,Tier3,"new drop, drop alert, streetwear, kurta set",2,0
CUST00698,15,21,560.0,16690.0,0.7573321455461295,0.2110972368658321,0.7638912081096051,0.0661948374553505,0.1699139544350444,0.7122260396832348,0.6037508027832129,Tier2,"bogo offer, delivery time, clearance, still deciding, kurta",0,3
CUST00699,75,5,3350.0,25253.0,0.1378637297538233,0.3012138722393108,0.3079068580204112,0.3936530903684954,0.2984400516110935,0.3551281057697767,0.4551685781003381,Tier2,"capsule collection, wedding collection, jeans, occasion wear, sherwani",5,2
CUST00700,51,3,1380.0,2263.0,0.3197480682909175,0.7634528536910732,0.2755261543021531,0.3321204683338381,0.3923533773640087,0.4972183061607491,0.4484236571366544,Tier2,"return policy, delivery time, still deciding, fit check",3,4
CUST00701,65,7,2830.0,35142.0,0.2163155186656356,0.4739600657117096,0.2725073117085536,0.3670054249787331,0.3604872633127133,0.5060755424518563,0.4780510713434818,Metro,"diwali sale, occasion wear, kurta set, gifting",5,5
CUST00702,17,8,700.0,7459.0,0.6494580706000723,0.5280706399056492,0.5020155524378132,0.411012489063905,0.0869719584982818,0.5996173481486404,0.7014077002847021,Tier3,"discount, clearance, size medium",0,1
CUST00703,9,12,500.0,11235.0,0.7988555386408382,0.4693682679544008,0.6569650674625994,0.2056006462269062,0.1374342863104943,0.5033552098913383,0.7606700365647554,Tier3,"cashback, sale, combo offer, bogo offer, discount",0,1
CUST00704,60,1,1070.0,1114.0,0.4900859864161608,0.4373090598316874,0.4143069167510984,0.4824736798142401,0.1032194034346614,0.7381377906913819,0.5630337847413536,Tier2,"new user offer, try first order, influencer recommended",6,4
CUST00705,19,3,830.0,2320.0,0.7582405794073768,0.2417620051203914,0.6757997614613217,0.0941308551067681,0.2300693834319101,0.5254918240852331,0.6941718677580049,Tier3,"sale, clearance, full price, cotton",0,1
CUST00706,76,7,1930.0,17268.0,0.2992462263085457,0.901406768127568,0.3537337258652364,0.4892175213858941,0.1570487527488696,0.470585257333908,0.3284162058488347,Metro,"wishlist, size guide, compare",3,4
CUST00707,14,4,1570.0,5132.0,0.1844572358292269,0.4613223474121634,0.7505071021739608,0.2054090679725459,0.0440838298534932,0.7905689402893472,0.3727616185545613,Tier2,"sneaker match, limited stock, streetwear, restock alert, fit check",2,0
CUST00708,12,5,1600.0,4687.0,0.2790926030906497,0.3483077916056689,0.3902803030540425,0.2461945777079848,0.3635251192379726,0.5768268260047218,0.3150920170895426,Tier3,"sneaker match, free shipping, exchange, jeans, collab",2,6
CUST00709,78,2,3170.0,12145.0,0.2659792718692224,0.3088773403443927,0.3850932487633549,0.5076856884104646,0.1072210628261805,0.425688852826098,0.5636796065366163,Tier2,"occasion wear, wishlist, saree, sherwani, cod available",5,2
CUST00710,23,5,2400.0,7544.0,0.0610382882266589,0.1928113047688399,0.0904294849526325,0.4797808379649597,0.4297896770824078,0.2969271579753929,0.0719909772790155,Tier2,"new drop, trending now, capsule collection",1,2
CUST00711,8,3,1340.0,6439.0,0.4209595941597548,0.1225431466725683,0.5327909178731606,0.4281557390756894,0.0390533430511498,0.8689413610891635,0.1876109105394902,Tier2,"collab, hype, restock alert, new drop, new arrivals",2,0
CUST00712,47,6,1930.0,15682.0,0.1772512592951772,0.2337836904472681,0.5419371792873451,0.2448528574954922,0.2132099632171626,0.3685146435591795,0.2557486422543531,Tier2,"premium, my orders, order history, membership, jeans",4,2
CUST00713,65,4,2290.0,17449.0,0.1967085451697128,0.2992938889670832,0.3368514999058368,0.3481207842630394,0.3150277158311237,0.5112637217779109,0.5049602724988084,Tier2,"saree, jeans, kurta",5,2
CUST00714,49,8,990.0,16248.0,0.4809545013037267,0.5331545270474315,0.6987277834105733,0.1168479265697727,0.1844242900196538,0.5278575688118334,0.4098761287509729,Tier3,"repeat order, kurta, size medium, free shipping, size guide",3,6
CUST00715,13,20,670.0,9800.0,0.7995717040973728,0.2107259600388091,0.6882631217435775,0.1468175413516803,0.1649193369047421,0.7545518187887027,0.7024895037441892,Tier3,"cashback, bogo offer, clearance, free shipping, cotton",0,1
CUST00716,19,3,760.0,2871.0,0.6147623545639299,0.4145713446262332,0.8260999627395729,0.1439528845674652,0.0299471526929618,0.286258252739861,0.7212333773417164,Tier2,"coupon, budget, t-shirt, combo offer",0,3
CUST00717,70,1,2590.0,4148.0,0.3368416603105371,0.1510295187749811,0.3674545634727432,0.1476568353818177,0.4848886011454388,0.5973154932391513,0.5108846889686285,Metro,"ethnic wear, festive, saree, gifting, occasion wear",5,5
CUST00718,48,1,1050.0,1672.0,0.4152352506709825,0.7916446636470528,0.1690767771204971,0.4972411660406223,0.3336820568388803,0.6956915141749908,0.3961808392099504,Metro,"fit check, wishlist, size guide",3,4
CUST00719,70,1,1500.0,1181.0,0.2102514196848829,0.6898491940341992,0.5213855194862692,0.3949539092644695,0.0836605712492613,0.530875316499141,0.4193156904432524,Tier3,"size guide, compare, cashback",3,6
CUST00720,70,1,3060.0,5711.0,0.1406476687753695,0.2275544565243346,0.1662330777761398,0.5892857112349253,0.2444812109889348,0.5736250588732699,0.4447973349448583,Tier2,"sherwani, festive, diwali sale",5,2
CUST00721,16,11,770.0,11982.0,0.5110825268315983,0.155246820332376,0.7982418266584731,0.1243479091871903,0.0774102641543365,0.5615156937057919,0.7002467921523914,Metro,"clearance, budget, coupon, delivery time",0,3
CUST00722,46,1,1350.0,894.0,0.4419770430025072,0.66663006900581,0.2486841621488772,0.4971711886169676,0.2541446492341551,0.6971555201444987,0.3471146614741724,Tier2,"compare, reviews, delivery time, cotton",3,4
CUST00723,8,7,1500.0,9839.0,0.2868364193610696,0.3165364157977449,0.6428635956508154,0.2580205993016313,0.0991158050475532,0.6293693715848725,0.3726389664570891,Tier2,"trending now, drop alert, restock, jeans, streetwear",2,0
CUST00724,35,4,990.0,9756.0,0.4621862264415023,0.6298979610535262,0.2615857257334094,0.2285478872740461,0.5098663869925444,0.810546468644302,0.4153102417222687,Metro,"still deciding, free shipping, wishlist, fit check",3,4
CUST00725,9,9,1460.0,9451.0,0.1418668116253468,0.1266775828250406,0.6925712174622464,0.1219601893552133,0.1854685931825404,0.6851614727721862,0.2983258780898327,Tier2,"streetwear, sneaker match, occasion wear, new drop, kurta",2,0
CUST00726,40,2,1880.0,7842.0,0.4417353316759351,0.3201686572204339,0.3313474420374701,0.5490827077012638,0.1195698502612662,0.4870880486933571,0.7241930186454534,Tier2,"family pack, diwali sale, gifting, festive, size medium",5,2
CUST00727,35,5,1230.0,6042.0,0.5482729872956037,0.4503291961817375,0.4479432430694082,0.4523888093980353,0.0996679475325564,0.7869848271525153,0.4799679808127224,Tier2,"kurta, size chart, unboxing, t-shirt",6,4
CUST00728,52,1,2820.0,2267.0,0.3202840760704922,0.4212712838525529,0.4689873206940219,0.385160750024873,0.1458519292811049,0.4133073718684236,0.5196759350077299,Tier2,"ethnic wear, gifting, free shipping, exchange",5,2
CUST00729,12,3,720.0,2023.0,0.7511606589291944,0.3513859710651498,0.7946795210321896,0.1955377198776391,0.0097827590901711,0.351680589897806,0.6861535887206975,Metro,"kurta, coupon, budget, lowest price, discount",0,3
CUST00730,11,16,630.0,4322.0,0.6313590967484347,0.3529496230098966,0.7673726054729928,0.1803679902549886,0.0522594042720187,0.6764850314172915,0.5541823587835735,Tier2,"clearance, try first order, free shipping, new user offer",0,3
CUST00731,13,4,500.0,1863.0,0.8976252284594437,0.3058843438130637,0.8116176576927557,0.0935916168113604,0.0947907254958838,0.4826327091394307,0.7915631014813144,Tier2,"sale, bogo offer, streetwear",0,3
CUST00732,46,5,1130.0,13824.0,0.3582575878543571,0.8303622492036535,0.4974878440438178,0.3004475907314909,0.2020645652246911,0.5040605206998976,0.5364418374969495,Metro,"return policy, size chart, size guide",3,4
CUST00733,16,18,1020.0,40286.0,0.7880938941206583,0.3401331445335872,0.8044159922993461,0.1868078945821809,0.008776113118473,0.6718005625994035,0.6341097628719901,Tier3,"t-shirt, cotton, discount",0,1
CUST00734,23,3,920.0,4472.0,0.6633277134856421,0.5119915306356689,0.6199315027936441,0.3531796891110136,0.0268888080953424,0.3296666903271386,0.5576807212816862,Tier2,"coupon, collab, combo offer",0,3
CUST00735,15,8,1330.0,10506.0,0.3624899555579682,0.3293374285305287,0.7216259065155018,0.1134342223428633,0.1649398711416349,0.7406494363202772,0.3415830390833455,Tier2,"hype, new drop, drop alert",2,0
CUST00736,52,4,1800.0,4099.0,0.1464240219426671,0.2847131079802256,0.3730577498022679,0.3189015686677698,0.3080406815299623,0.3482415820448671,0.2051152660343162,Metro,"size medium, favorite brand, new arrivals, usual size",4,5
CUST00737,68,5,2080.0,8189.0,0.3166297501240213,0.0943885702219758,0.5095482055729776,0.4473296365454882,0.043122157881534,0.2809978966104509,0.1322259920370717,Tier3,"cotton, restock, jeans",4,6
CUST00738,95,1,3170.0,2531.0,0.2974827784226297,0.1778023418179311,0.2652474882863596,0.5040083605935841,0.2307441511200563,0.5903081910229298,0.4723738506779206,Tier2,"saree, order tracking, kurta set, exchange",5,2
CUST00739,46,2,920.0,2487.0,0.4822538659041069,0.4892240072169633,0.5236181382173158,0.1368709199666089,0.3395109418160751,0.5866831097845835,0.4006050064425307,Tier2,"try first order, insta finds, referral code, first order discount",6,4
CUST00740,54,1,1250.0,666.0,0.5083906162187589,0.7680902943110727,0.2257139801794172,0.554608421265013,0.2196775985555698,0.7479800040962143,0.5233263534203426,Metro,"wishlist, cotton, order tracking, trending now",3,4
CUST00741,80,1,1290.0,1009.0,0.3186902743475562,0.4800849674945275,0.5882135779968832,0.1781090966094626,0.2336773253936541,0.4706175009530706,0.5438415368005854,Tier2,"family pack, exchange, reels, insta finds",6,4
CUST00742,66,8,2130.0,33013.0,0.2170896669350037,0.0998899341021308,0.3315878963739936,0.50983797317267,0.1585741304533363,0.5161796362921871,0.0745354189911784,Tier3,"size medium, jeans, early access, kurta, new arrivals",4,6
CUST00743,11,3,1680.0,9265.0,0.3174157851399444,0.23514733688029,0.721633814238951,0.191758048638853,0.0866081371221959,0.9600375159078888,0.3976870972152977,Tier3,"new drop, drop alert, budget, jeans, oversized fit",2,0
CUST00744,52,1,960.0,953.0,0.3525616435148383,0.7329331854691777,0.4174678649431226,0.4350666264489463,0.1474655086079309,0.547073448008736,0.3307575421954037,Tier2,"reviews, fit check, compare, return policy, size guide",3,4
CUST00745,32,3,960.0,1634.0,0.3011980071874784,0.8998862802505776,0.4146179968265481,0.1964660335609774,0.3889159696124745,0.8635333325246471,0.6446114814516617,Tier3,"still deciding, jeans, delivery time",3,4
CUST00746,40,8,1660.0,25211.0,0.4154906605259682,0.1922753307230206,0.584971948927622,0.1657417356450655,0.2492863154273123,0.146926544478844,0.1826155578222317,Tier3,"membership, trending now, order history, usual size, oversized fit",4,6
CUST00747,56,1,990.0,1816.0,0.4563960466802326,0.7903469977482478,0.2090407359826131,0.6532293694046903,0.1377298946126967,0.6588848018600718,0.3758645975494245,Metro,"return policy, delivery time, cod available, still deciding",3,4
CUST00748,25,8,3760.0,28578.0,0.0998596101588404,0.1761405209617086,0.2615909727448758,0.4648192630440992,0.2735897642110251,0.5058722507117599,0.1003782177947733,Metro,"full price, kurta set, premium fabric",1,5
CUST00749,9,1,1660.0,1119.0,0.3592590077655701,0.2819075691567468,0.6984055617219712,0.2718351605025142,0.0297592777755144,0.8887383830775532,0.1849265073865812,Tier2,"sneaker match, restock alert, cotton, trending now, oversized fit",2,0
CUST00750,10,9,1500.0,29916.0,0.3098543250481744,0.3358170057459688,0.6757808404922334,0.2504918283955284,0.073727331112238,0.9724746205848042,0.3285827014409928,Metro,"jeans, limited stock, oversized fit",2,0
CUST00751,63,3,2630.0,17845.0,0.3297658163979095,0.4020061351824932,0.478457697697597,0.3931081023869909,0.1284341999154121,0.6029840981346738,0.543706900461184,Tier3,"family pack, cod available, compare",5,6
CUST00752,10,8,1810.0,29747.0,0.3222754664125017,0.4017286815309103,0.6580759226659672,0.3179858064175201,0.0239382709165128,0.6294049186558908,0.3266669680236704,Tier3,"trending now, limited stock, drop alert",2,0
CUST00753,9,16,400.0,9135.0,0.8914369032794269,0.183007581310095,0.8455758522023985,0.1056328048664048,0.0487913429311967,0.7398773376799944,0.8078195042210751,Tier3,"lowest price, size medium, sale, free shipping, jeans",0,1
CUST00754,67,1,2450.0,1573.0,0.3376253868755293,0.1207799592580801,0.2712134099288555,0.5816696515362185,0.1471169385349259,0.4661312071389643,0.5560607036147484,Tier2,"t-shirt, festive, diwali sale, gifting, kurta set",5,2
CUST00755,61,1,1020.0,1773.0,0.265114768381063,0.8287696679089007,0.3137759278261276,0.598963551430171,0.0872605207437013,0.5743776549761239,0.3365207813438616,Tier2,"still deciding, compare, return policy",3,4
CUST00756,95,5,3050.0,11099.0,0.2594641471232937,0.4151596778467261,0.2218281825519908,0.6232964510010106,0.1548753664469984,0.4818726659329344,0.4322897193989904,Metro,"favorite brand, kurta set, sherwani, exchange",5,5
CUST00757,67,2,1290.0,2356.0,0.4141039693660343,0.380085234946806,0.521449968134115,0.2680611119578249,0.2104889199080599,0.6018957924372442,0.4196735377419251,Tier2,"usual size, exchange, insta finds",6,4
CUST00758,6,11,1320.0,13104.0,0.4018906120329232,0.3696464058048963,0.7089270903992688,0.2577676713285556,0.0333052382721756,0.931560992828554,0.3736392199278683,Metro,"streetwear, sneaker match, drop alert",2,0
CUST00759,8,12,1290.0,9292.0,0.2867158733989543,0.486025817720044,0.7004783688475337,0.2535273649056353,0.0459942662468311,0.74616032330502,0.3275666508077245,Metro,"oversized fit, restock alert, discount, order tracking",2,0
CUST00760,47,7,1380.0,16156.0,0.3210101426676259,0.1583204108304339,0.5177372369391983,0.2832853659339437,0.1989773971268578,0.358609789733821,0.1613196867187691,Metro,"restock, cashback, clearance",4,5
CUST00761,103,2,3410.0,15387.0,0.1971232714802442,0.2879974135115682,0.3150117695915119,0.5474946304518085,0.1374935999566797,0.28808159506965,0.5238843739794118,Tier3,"family pack, sneaker match, saree, new drop",5,6
CUST00762,78,1,1440.0,1276.0,0.4105077992684296,0.4924625836655356,0.5399827615128268,0.1480002454302135,0.3120169930569598,0.7556977571079396,0.6197049344321001,Tier3,"trending, try first order, first order discount, cotton",6,6
CUST00763,95,1,1290.0,2519.0,0.5543136431153665,0.5950714016467618,0.7124748854648489,0.2073158140691681,0.080209300465983,0.553650386512041,0.5343541781191493,Metro,"cotton, new user offer, first order discount, trending",6,4
CUST00764,8,8,1330.0,8779.0,0.3557315655643313,0.2100760809441537,0.4589748526840523,0.3994001039062925,0.1416250434096552,0.919169470613484,0.4848822686007694,Tier3,"premium, oversized fit, cotton, collab",2,1
CUST00765,59,2,1190.0,5630.0,0.3163183865680826,0.8501823308019685,0.4537564912074581,0.390282827309937,0.1559606814826049,0.6275779174144536,0.3986166463531437,Metro,"fit check, size guide, kurta, ethnic wear, cod available",3,4
CUST00766,70,4,1110.0,8830.0,0.5062465170120762,0.805884034590058,0.1429192243490701,0.5849165997395035,0.2721641759114263,0.5441471791104961,0.3613515148063191,Metro,"reviews, still deciding, wishlist, t-shirt",3,4
CUST00767,57,1,4460.0,3501.0,0.0671965896348709,0.1898512355328285,0.0630270135971712,0.6268075553212767,0.310165431081552,0.3870371329235729,0.0842855948517262,Metro,"capsule collection, premium fabric, made to order, luxury",1,5
CUST00768,7,8,1450.0,16482.0,0.3784804940623522,0.3557830882170423,0.5345729902868864,0.3469568350602655,0.1184701746528479,0.9320931758911546,0.3745698175599239,Tier3,"limited stock, trending now, fit check, sneaker match",2,0
CUST00769,18,5,820.0,9747.0,0.7918391807087133,0.3907535554724215,0.2296365274158615,0.7234879799914486,0.0468754925926897,0.5867414569617917,0.7553945596154656,Tier3,"premium, budget, bogo offer, sale, clearance",0,1
CUST00770,10,4,1420.0,3931.0,0.335934117918764,0.593272372300964,0.630041333587143,0.3437687885428131,0.0261898778700439,0.9553065719856773,0.3730098402351918,Metro,"jeans, full price, sneaker match, t-shirt",2,0
CUST00771,33,3,3790.0,14559.0,0.0525048226246907,0.1529496211910257,0.2293366627821841,0.4840399316051389,0.2866234056126769,0.2042004964095643,0.1539915434654072,Metro,"made to order, curated, premium fabric, capsule collection",1,5
CUST00772,41,1,1880.0,2559.0,0.1911860407838471,0.2575403775924784,0.4814409231353481,0.3149179380878543,0.2036411387767977,0.254219603347315,0.309101528159923,Metro,"loyalty points, kurta, membership, cotton",4,5
CUST00773,67,1,1050.0,1276.0,0.4205394244709586,0.537229608525031,0.6024434221762082,0.2875606850536332,0.1099958927701587,0.4075474969540037,0.20381883535924,Tier2,"insta finds, reels, influencer recommended",6,4
CUST00774,60,3,2310.0,16617.0,0.3615459176144123,0.1618099298633435,0.5878635929443937,0.2632048956043805,0.1489315114512258,0.4217110528183688,0.6120265313543903,Tier2,"ethnic wear, wedding collection, family pack, festive, kurta set",5,2
CUST00775,12,11,1840.0,25075.0,0.4783476732147659,0.3069492464514589,0.5958798161914853,0.2276043679838622,0.1765158158246524,0.9080156176170494,0.4870595969245125,Metro,"trending now, streetwear, restock alert",2,0
CUST00776,13,1,1500.0,1764.0,0.3325411444679929,0.3172028981695046,0.6964176716566954,0.0472505577321742,0.2563317706111304,0.8553866496255772,0.1794482590756469,Tier2,"sneaker match, limited stock, streetwear, restock alert, drop alert",2,0
CUST00777,66,1,2730.0,3511.0,0.255838117497587,0.2984000007006609,0.3471833450394049,0.459137869747308,0.193678785213287,0.5109652176977484,0.2507735618732751,Tier3,"gifting, festive, ethnic wear, diwali sale, curated",5,6
CUST00778,61,3,1390.0,9669.0,0.5644557190321398,0.7043665420180341,0.2212651737042157,0.4610278292198287,0.3177069970759555,0.5244563773869517,0.4793068078500747,Tier3,"delivery time, order tracking, return policy, fit check",3,6
CUST00779,16,9,610.0,4629.0,0.6735682405369761,0.5316978677035257,0.7402750879358035,0.1639714613224994,0.0957534507416969,0.6135554136776556,0.6475131566007357,Tier3,"sale, discount, flat 50% off, budget",0,1
CUST00780,47,3,1290.0,1742.0,0.3361443487716749,0.8477082844334901,0.094535856933589,0.5555235296913095,0.3499406133751014,0.483828551957712,0.5038714350117085,Tier2,"delivery time, reviews, cod available, jeans, still deciding",3,4
CUST00781,9,4,1150.0,3863.0,0.2373773685072067,0.2795677802107156,0.7111937221179294,0.0799016924299877,0.2089045854520829,0.6932792507070861,0.3951804444990821,Metro,"t-shirt, oversized fit, streetwear, sneaker match, exchange",2,0
CUST00782,13,6,1430.0,13681.0,0.417875384536925,0.383857361947676,0.8641018156693022,0.0492250651542838,0.0866731191764139,0.6519233433337954,0.3217120162129928,Metro,"wishlist, oversized fit, drop alert",2,0
CUST00783,8,1,1330.0,837.0,0.3440107182022868,0.1287189061043101,0.5297498656652402,0.3886263647213729,0.0816237696133869,0.9472820146578192,0.3453798161960024,Metro,"free shipping, limited stock, sneaker match, hype",2,0
CUST00784,82,2,1550.0,2037.0,0.4572700339993568,0.7743840213514861,0.2923122660935988,0.2757622238508212,0.4319255100555799,0.5292586880802855,0.1457617459491504,Metro,"diwali sale, free shipping, still deciding",3,4
CUST00785,9,9,1320.0,16413.0,0.512368168499123,0.3408396899814488,0.7620411355387902,0.0898522997988717,0.1481065646623379,0.6001899839176068,0.1100720145069352,Metro,"order tracking, new drop, streetwear, oversized fit, sneaker match",2,0
CUST00786,12,3,1920.0,11449.0,0.1796967197628996,0.4174441901439932,0.8662716447308088,0.0992677141689301,0.034460641100261,0.7581501625580931,0.4627597089663622,Metro,"sneaker match, restock alert, drop alert, t-shirt, new drop",2,0
CUST00787,15,10,550.0,9217.0,0.8244538241730405,0.2810119059845548,0.4748608788408914,0.5072636564284072,0.0178754647307013,0.5731508317642193,0.828026657369754,Tier2,"reels, combo offer, lowest price",0,3
CUST00788,41,1,960.0,1314.0,0.2943599987581472,0.5078735348731543,0.6583870824679121,0.2758806473008348,0.0657322702312531,0.8359494310229314,0.299473022467295,Tier2,"return policy, jeans, fit check, delivery time, wishlist",3,4
CUST00789,49,4,1930.0,7985.0,0.2922748601984348,0.147718617839313,0.2363515373012638,0.7267993415282418,0.0368491211704943,0.3267157340074736,0.290177458529095,Tier2,"restock alert, new arrivals, size medium, restock, favorite brand",4,2
CUST00790,59,1,2930.0,3626.0,0.2595209281133918,0.5253263254715872,0.2495974773801118,0.5572867879703439,0.1931157346495442,0.387789283825775,0.4956504053739889,Tier2,"kurta set, occasion wear, free shipping, wedding collection, saree",5,2
CUST00791,46,1,1660.0,3612.0,0.2731260559802255,0.2851716364743134,0.4858067697711714,0.1874352428137094,0.3267579874151193,0.2264370769680102,0.0897777033521616,Tier3,"order tracking, free shipping, sherwani, usual size, new arrivals",4,6
CUST00792,49,1,1050.0,2459.0,0.4802762520821994,0.5942985976126629,0.6262458763024651,0.3005077049333661,0.0732464187641687,0.6790546186781633,0.5399357698610169,Tier2,"unboxing, reels, insta finds, kurta, jeans",6,4
CUST00793,60,1,890.0,2161.0,0.6210726759153978,0.5024334650148194,0.3132177719704785,0.2537842900370251,0.4329979379924963,0.8127928760444408,0.4422063225195949,Tier3,"welcome offer, trending, designer drop, first order discount",6,6
CUST00794,12,14,1130.0,6990.0,0.3985239204339639,0.1924506534109767,0.728165642092478,0.1670593897283485,0.1047749681791736,0.9453714996455448,0.209714432962495,Tier3,"collab, limited stock, streetwear, sneaker match",2,0
CUST00795,17,3,650.0,1135.0,0.6930056896209207,0.3610483196116003,0.5138773259414567,0.3721389825160274,0.1139836915425158,0.78549608955521,0.6806974351766953,Tier2,"welcome offer, cashback, trending",0,3
CUST00796,31,1,3770.0,3877.0,0.0598425511985936,0.3231070239010167,0.0801985475070156,0.432690170218735,0.4871112822742492,0.2301181813228714,0.1273030819330477,Metro,"premium fabric, kurta, designer drop, capsule collection, limited edition",1,5
CUST00797,7,6,1200.0,15412.0,0.2838048183897221,0.3369233968197932,0.7987319374846263,0.0810672995227727,0.1202007629926009,0.9346527214294724,0.4194592456212716,Metro,"hype, welcome offer, size medium, sneaker match, oversized fit",2,0
CUST00798,49,2,860.0,2926.0,0.7691341191745581,0.5955772284141395,0.5927474268407689,0.2051451498173281,0.2021074233419031,0.8380034338746799,0.5621643899860597,Metro,"size medium, t-shirt, reels, unboxing",6,4
CUST00799,65,3,1230.0,2903.0,0.3675273541850473,0.8704044229517082,0.4171091304541729,0.4657953955471195,0.1170954739987075,0.6511342941998719,0.323059652840892,Tier2,"order tracking, size guide, compare",3,4
CUST00800,12,4,1740.0,11241.0,0.2844265662890183,0.268546308817627,0.7879898280129002,0.1164664514322016,0.0955437205548981,0.7508231225306866,0.1498978817730759,Tier2,"trending now, drop alert, collab",2,0
CUST00801,47,2,1530.0,4941.0,0.2664085405221003,0.1102342780247322,0.4531369735110117,0.2686075777084341,0.2782554487805543,0.3343032546397637,0.183272444916897,Tier2,"my orders, restock, order tracking",4,2
CUST00802,8,7,1050.0,11039.0,0.4632204026698927,0.497019245081838,0.6423568021600992,0.3370252836808589,0.0206179141590418,0.7458965558299148,0.4155949689009723,Metro,"restock alert, drop alert, trending now, limited stock, size medium",2,0
CUST00803,70,1,1050.0,719.0,0.5729271072605435,0.564006068983333,0.6170621946678263,0.280743218938222,0.1021945863939516,0.5977318242033822,0.5801323337366909,Tier2,"reels, first order discount, try first order, influencer recommended, referral code",6,4
CUST00804,53,1,1250.0,711.0,0.5956051814139782,0.7105247976421778,0.1905540544166322,0.5739922391618679,0.2354537064214997,0.3709783203191553,0.5776037592949916,Metro,"still deciding, return policy, wishlist, delivery time, free shipping",3,4
CUST00805,13,1,1330.0,1704.0,0.4965855942321842,0.3432189292394567,0.7194138786030775,0.1013357302522032,0.1792503911447192,0.8474011170596544,0.4044039771400549,Tier3,"collab, drop alert, oversized fit, curated, sneaker match",2,1
CUST00806,48,4,2100.0,15488.0,0.1907971664885522,0.3021678402273536,0.7159495586645048,0.2674521121917304,0.0165983291437647,0.4514830999257152,0.0909465475655015,Tier2,"my orders, favorite brand, family pack, restock",4,2
CUST00807,9,4,1740.0,8516.0,0.4036625883563968,0.4503091768062654,0.5049610232428602,0.2789459520607233,0.2160930246964163,0.78722282196222,0.2680089131091759,Tier3,"trending now, hype, new drop, referral code",2,6
CUST00808,81,1,1150.0,983.0,0.5077711649933098,0.5968420105799842,0.3824360210724333,0.1704154464948628,0.4471485324327039,0.6242915682110078,0.4553129057726942,Tier2,"trending, welcome offer, referral code",6,4
CUST00809,17,4,660.0,5162.0,0.6818057071425526,0.4607676160126542,0.7536711263911271,0.1768697149605485,0.0694591586483243,0.4687450561620105,0.6653495288081053,Tier2,"flat 50% off, bogo offer, cashback, budget, designer drop",0,3
CUST00810,50,4,2470.0,21375.0,0.3127619145004887,0.2425493944282666,0.1631242191063721,0.4966493268496435,0.3402264540439842,0.3865575400520792,0.523240386188394,Tier2,"sherwani, t-shirt, saree, occasion wear",5,2
CUST00811,57,3,5840.0,28240.0,0.0259426997434466,0.1880554227518279,0.1203296473767802,0.3007010450518443,0.5789693075713755,0.118107648772433,0.2912950202494876,Metro,"delivery time, premium, t-shirt, exclusive collection",1,5
CUST00812,76,1,1310.0,3090.0,0.476713096877326,0.6524535871277319,0.5311872245318574,0.4533561331243608,0.0154566423437817,0.8052409562120757,0.6940354228465789,Tier3,"trending, welcome offer, try first order",6,6
CUST00813,34,2,690.0,1350.0,0.35266288070495,0.5056394853335175,0.3052849824192633,0.2057750691554764,0.4889399484252604,0.837324991653531,0.520515853008602,Tier2,"try first order, welcome offer, order tracking, trending, exchange",6,4
CUST00814,38,2,1250.0,4723.0,0.3672965034320619,0.7418854864705398,0.1240397511960603,0.6293517644202559,0.2466084843836838,0.5765075707047662,0.5407410973746525,Tier2,"reviews, still deciding, cod available, wishlist",3,4
CUST00815,97,3,1470.0,5868.0,0.4208190360041497,0.8027219083102987,0.4580908962563061,0.0626838836180181,0.4792252201256757,0.5919935056386086,0.4626923571223246,Metro,"return policy, reviews, delivery time, fit check",3,4
CUST00816,7,12,900.0,13662.0,0.4544630510207574,0.2380343301929494,0.5087833426129024,0.2158718530387548,0.2753448043483429,0.8873770774778815,0.4847879188839174,Metro,"trending now, oversized fit, collab",2,0
CUST00817,43,1,3420.0,5605.0,0.1139126108008008,0.3512751779591613,0.3739392291465034,0.3278212311197452,0.2982395397337513,0.3347464646951901,0.1051047605508287,Metro,"designer drop, made to order, full price, premium, limited edition",1,5
CUST00818,45,1,1030.0,2029.0,0.4698665280258971,0.3723332482904471,0.357596881625389,0.4050728291743936,0.2373302892002174,0.8158338811571126,0.5355245370316492,Tier2,"referral code, new user offer, cotton",6,4
CUST00819,54,1,3970.0,7535.0,0.1483310053432522,0.1211235394938472,0.0899039369152429,0.7505641086999133,0.1595319543848436,0.0962488003355563,0.0895603117548638,Metro,"designer drop, limited stock, capsule collection",1,5
CUST00820,11,6,1120.0,18810.0,0.351164914955153,0.2569458491103859,0.9472431104713608,0.0057739509942206,0.0469829385344184,0.8012226071470575,0.3029303983149005,Tier2,"drop alert, flat 50% off, hype, streetwear, restock alert",2,0
CUST00821,50,10,1620.0,26708.0,0.0925053789610811,0.1350835664536165,0.512679360858861,0.4068642314101726,0.0804564077309663,0.264098458219268,0.1569183902399386,Tier3,"saree, kurta, favorite brand, new arrivals",4,6
CUST00822,56,1,1120.0,1063.0,0.0727893462045317,0.6687285603377823,0.3874597733351284,0.325031425375861,0.2875088012890104,0.6490210257005737,0.3436633692777202,Metro,"return policy, fit check, reviews",3,4
CUST00823,46,3,1000.0,1382.0,0.4868667896995641,0.5933899236472503,0.2277350393738272,0.6348976839742801,0.1373672766518925,0.7089662978707516,0.4495774910381003,Tier3,"limited edition, capsule collection, size guide",3,6
CUST00824,66,1,2320.0,4857.0,0.2959251093298751,0.3495383547430176,0.4048314814541751,0.2992102381403753,0.2959582804054496,0.3356456017010738,0.3822940827005167,Tier3,"t-shirt, cotton, compare, family pack",5,6
CUST00825,31,5,1430.0,6168.0,0.2912227241591473,0.0363091687485012,0.3153754523407561,0.4660453849511617,0.2185791627080821,0.2581195839142272,0.1053966714105047,Metro,"jeans, early access, my orders, order history",4,5
CUST00826,61,3,1940.0,12547.0,0.1166921455390996,0.1989063244733131,0.521468122112351,0.268001603981994,0.2105302739056547,0.4233005113686794,0.0441026188698475,Metro,"repeat order, membership, favorite brand, my orders",4,5
CUST00827,13,8,1720.0,38304.0,0.4195136263241618,0.1904334907011042,0.6993638195360975,0.2645150201957579,0.0361211602681446,0.8139141410935582,0.2796414673609272,Metro,"hype, new drop, limited stock, sneaker match, premium",2,0
CUST00828,39,1,1080.0,1017.0,0.329372550341332,0.6141574810033078,0.2813444454130383,0.5727447334788132,0.1459108211081485,0.4899968467034828,0.3986649727045216,Tier3,"size guide, capsule collection, size chart, kurta",3,6
CUST00829,9,2,1450.0,3773.0,0.2194047229755305,0.3530519032858514,0.957467640226556,0.0324655177804541,0.0100668419929896,0.8684939865131395,0.1736460552721775,Tier2,"hype, restock alert, new drop, collab",2,0
CUST00830,30,1,3200.0,6572.0,0.0322504510418064,0.1097543015071235,0.1417691774460063,0.5030827147918329,0.3551481077621608,0.4152604046748552,0.1243757636813826,Metro,"premium, curated, exclusive collection, premium fabric, made to order",1,5
CUST00831,53,3,1860.0,9511.0,0.4051920334272981,0.5122667684047095,0.5376292925947507,0.3155271855769106,0.1468435218283385,0.5704238734311871,0.6642557575286956,Tier3,"family pack, saree, occasion wear",5,6
CUST00832,43,1,1170.0,2670.0,0.4601302151683704,0.3591517131776297,0.3701353869507918,0.3017330163718642,0.3281315966773438,0.5873549564327029,0.7123453355093264,Tier2,"insta finds, trending, first order discount, unboxing",6,4
CUST00833,30,7,4000.0,61504.0,0.295353247139531,0.2919688846842834,0.2715501885710663,0.6190776979868287,0.1093721134421051,0.2472929257330154,0.103700828459355,Metro,"loyalty points, designer drop, kurta, premium",1,5
CUST00834,51,4,2210.0,16041.0,0.461631500876377,0.1474411911269955,0.7146978079054283,0.0908194640920009,0.1944827280025707,0.2709001600638463,0.1542757959798105,Tier2,"designer drop, usual size, restock",4,2
CUST00835,9,24,1360.0,48696.0,0.2933699607492637,0.310162486134764,0.598236033729635,0.2642918892358377,0.1374720770345273,0.7186662081962091,0.3484945507378006,Metro,"oversized fit, collab, hype",2,0
CUST00836,41,2,840.0,1229.0,0.2985660281299385,0.7924457538406742,0.2136775226506309,0.465693204943585,0.320629272405784,0.6798150073732045,0.4164309120088708,Metro,"size chart, compare, still deciding, delivery time",3,4
CUST00837,35,6,4760.0,24261.0,0.0188062916854565,0.4073675668528386,0.2463580774577522,0.5676919967472707,0.1859499257949771,0.2152434382696714,0.1123505204502948,Tier3,"designer drop, premium, limited edition",1,5
CUST00838,58,5,4390.0,22980.0,0.0611625758980886,0.1984287430008651,0.1483594851682542,0.7840062630126095,0.0676342518191364,0.2055754371446672,0.0647573911560836,Metro,"made to order, premium, membership",1,5
CUST00839,10,6,1100.0,8243.0,0.3087494685539725,0.1183404837992874,0.8178592684300018,0.0949882842830887,0.0871524472869094,0.7989158692417248,0.4547442158964559,Tier2,"collab, oversized fit, drop alert",2,0
CUST00840,84,1,1460.0,2659.0,0.4538243900978209,0.5629648639987197,0.3875831246591366,0.5403936824379223,0.0720231929029412,0.5652603988577544,0.5158390085670279,Tier3,"size guide, early access, still deciding",3,6
CUST00841,66,1,2250.0,1960.0,0.2082859253216199,0.154552086180744,0.3545140292132344,0.0924225987750988,0.5530633720116668,0.3917905719683965,0.1293460984300464,Metro,"trending, usual size, early access, welcome offer, new arrivals",4,5
CUST00842,66,1,1190.0,1859.0,0.5536672267851919,0.8949758067056316,0.5802921822664198,0.1342829494680446,0.2854248682655357,0.4496146238314392,0.3926838928607119,Tier3,"order tracking, reviews, return policy, still deciding",3,6
CUST00843,12,18,1400.0,35391.0,0.3409267907214286,0.3374715143231925,0.8988403534072638,0.033872428339024,0.0672872182537121,0.8356347921476485,0.4272128744470882,Tier2,"collab, new drop, kurta",2,0
CUST00844,8,11,1330.0,30811.0,0.2812137310096014,0.218091628693486,0.4768240965920501,0.4773217980039914,0.0458541054039584,0.5262278308052785,0.3147762718726383,Tier2,"collab, new drop, hype",2,0
CUST00845,23,10,2770.0,37708.0,0.1125785567451592,0.1688181408917916,0.2251786129228214,0.3173641036833918,0.4574572833937866,0.2123128675434233,0.0894306642152059,Metro,"premium, full price, luxury, limited edition, designer drop",1,5
CUST00846,9,3,1440.0,7412.0,0.4608292587763113,0.3371549977846508,0.8061474441487216,0.1569183326699077,0.0369342231813707,0.8229178758519239,0.3202953883624731,Metro,"new drop, trending now, drop alert, hype",2,0
CUST00847,44,1,2320.0,2227.0,0.3699557492896298,0.5332024572674258,0.2646463048939577,0.4877224720254639,0.2476312230805785,0.5313411168562888,0.5974274844882428,Tier2,"wedding collection, festive, gifting, sherwani, occasion wear",5,4
CUST00848,50,4,4460.0,32704.0,0.1222596069808302,0.158899916341468,0.4679447502706069,0.4231989106343469,0.1088563390950459,0.0354655220495919,0.0877232211160418,Metro,"designer drop, membership, exclusive collection",1,5
CUST00849,59,4,2980.0,14988.0,0.2524480173158501,0.5076285723948075,0.2889683488145403,0.6103832953146751,0.1006483558707843,0.3659955064077678,0.5102944459924234,Tier2,"family pack, sherwani, festive",5,2
CUST00850,79,6,3020.0,41082.0,0.2594300063142377,0.2683989750723363,0.3923240913447633,0.3291656777332208,0.2785102309220158,0.3497975875920207,0.5498308793596082,Tier2,"kurta set, gifting, saree",5,2
CUST00851,43,5,1420.0,6409.0,0.3184169218936424,0.1142835897498142,0.2978406200202984,0.6015964423382851,0.1005629376414165,0.4945739842875467,0.1465568517284604,Tier3,"loyalty points, repeat order, early access, cotton, still deciding",4,6
CUST00852,41,5,1470.0,12700.0,0.1998716344958193,0.1184166694150831,0.681216266545165,0.2500121070904418,0.0687716263643931,0.3563945173010391,0.2036538781188384,Metro,"membership, favorite brand, restock, order history",4,5
CUST00853,26,5,3440.0,10975.0,0.0860524931764868,0.1631974528434373,0.3126972099219208,0.5613798654845543,0.1259229245935248,0.3001095142738111,0.3042708835714864,Metro,"premium fabric, lowest price, exclusive collection, capsule collection",1,5
CUST00854,14,11,1610.0,49479.0,0.2635984156511668,0.4297664733253325,0.553870818774218,0.2023495717138919,0.2437796095118899,0.9345574190689976,0.3575693250682483,Metro,"collab, limited stock, restock alert, trending now, first order discount",2,0
CUST00855,69,1,1630.0,2581.0,0.4775294432028932,0.7935948575136992,0.4157150066164062,0.2062052536839806,0.3780797396996129,0.6183809951788087,0.5195197574238962,Metro,"cod available, fit check, reviews",3,4
CUST00856,82,1,3580.0,3477.0,0.1211250819528259,0.3299914885200065,0.5183230628157275,0.3419758486669685,0.1397010885173039,0.3637699772068286,0.3295042651777858,Tier2,"family pack, saree, new arrivals",5,2
CUST00857,46,3,970.0,4758.0,0.5985060860142005,0.6569669436682839,0.4580618292816509,0.4304869646251402,0.1114512060932088,0.7067204192055879,0.4789700831108248,Metro,"size guide, still deciding, delivery time, size chart, size medium",3,4
CUST00858,56,1,1290.0,791.0,0.4461263447295722,0.6413010263166752,0.68379809607579,0.1080136803663698,0.2081882235578402,0.6735083937160291,0.6142660397214293,Tier2,"trending, free shipping, try first order, new user offer",6,4
CUST00859,59,1,1820.0,3470.0,0.1386472138795891,0.2066529808091534,0.5522249256560714,0.2635979207420845,0.184177153601844,0.240166216457288,0.1968492525775827,Metro,"repeat order, kurta, order history",4,5
CUST00860,54,2,2650.0,10583.0,0.4045805371819979,0.615433274308705,0.3837909631690748,0.2110763738110162,0.4051326630199087,0.6218679529980659,0.51943529218547,Tier2,"gifting, cotton, saree, occasion wear",5,4
CUST00861,60,1,2240.0,3739.0,0.1000099763337085,0.1631559298043048,0.1594197597344916,0.6396347259055816,0.2009455143599268,0.2953127370987051,0.2049411206303087,Metro,"size medium, cod available, new arrivals, favorite brand",4,5
CUST00862,9,13,1480.0,26361.0,0.2764886945301472,0.371588539854283,0.7278359901256787,0.1979469071700177,0.0742171027043033,0.7847549518266793,0.4607008180122513,Metro,"drop alert, oversized fit, cotton",2,0
CUST00863,42,4,1230.0,11077.0,0.526267034193079,0.6816079307362579,0.428935066583484,0.2782149590733008,0.2928499743432152,0.6059683475485096,0.2771590918119311,Metro,"compare, return policy, wishlist",3,4
CUST00864,51,1,4080.0,4345.0,0.0464895625923333,0.281215526370679,0.257730736159417,0.4089007925108149,0.333368471329768,0.3167859371890803,0.1630300796933208,Tier2,"premium fabric, capsule collection, order tracking",1,2
CUST00865,13,5,490.0,4709.0,0.7203788848245727,0.3412638906607231,0.8428181611307095,0.1177319659128035,0.0394498729564871,0.6856724179729808,0.5871313222538166,Tier2,"jeans, budget, usual size, clearance, repeat order",0,3
CUST00866,13,13,460.0,11290.0,0.9135883517431858,0.384165497381899,0.5799600268371974,0.3394342635933559,0.0806057095694466,0.7246853101529178,0.7606424373999007,Tier2,"flat 50% off, size medium, exchange",0,3
CUST00867,19,10,670.0,6484.0,0.6705833246676273,0.3063038389888786,0.7259224147563399,0.2000528650561367,0.0740247201875233,0.5969811614985809,0.4757197265178204,Metro,"combo offer, sale, flat 50% off, cotton, t-shirt",0,3
CUST00868,61,1,1130.0,1317.0,0.6311412559056412,0.4293185347466219,0.5036308526387253,0.2923368410406753,0.2040323063205994,0.6835472561132133,0.7286621934244089,Tier2,"restock alert, insta finds, unboxing, try first order",6,4
CUST00869,125,1,3110.0,1579.0,0.1135108059118745,0.2754164278204082,0.3107871428800062,0.4187489363242583,0.2704639207957354,0.5237129496314732,0.4637729208681514,Tier3,"try first order, wedding collection, kurta set, saree, diwali sale",5,6
CUST00870,82,1,2940.0,3686.0,0.3032411110301737,0.3330252850663615,0.3059774562788599,0.3606437723794408,0.3333787713416992,0.6249242282145048,0.3575777378552493,Metro,"festive, occasion wear, kurta set",5,5
CUST00871,33,6,980.0,13469.0,0.4771714024520392,0.3741221122957359,0.7631264209019633,0.2273691454428002,0.0095044336552364,0.3926642948554519,0.4538532258653047,Tier2,"order tracking, flat 50% off, clearance",0,3
CUST00872,12,9,610.0,10141.0,0.7479653648115925,0.2555504133773577,0.8572336502416632,0.1154746416312963,0.0272917081270405,0.6091967855992051,0.6777454071583028,Tier3,"size chart, kurta, lowest price",0,1
CUST00873,13,7,1760.0,29946.0,0.2861053593185059,0.4910381538669883,0.8755759957887472,0.1210845899876784,0.0033394142235745,0.7626109880144823,0.255157078651011,Metro,"hype, new drop, sneaker match, collab",2,0
CUST00874,17,5,800.0,5061.0,0.6233772153111388,0.5481766214099435,0.5761011004423738,0.2326575651285773,0.1912413344290486,0.5105010124593382,0.5850528183432473,Tier2,"combo offer, flat 50% off, size chart",0,3
CUST00875,53,4,1530.0,15514.0,0.1995673992810984,0.1597876499147154,0.2710942483037047,0.5300580207500546,0.1988477309462405,0.3299569467078028,0.1006080493538326,Metro,"limited stock, early access, order history",4,5
CUST00876,10,14,580.0,13119.0,0.8507376361087814,0.3317749090271055,0.7246155810116668,0.2071453305606545,0.0682390884276787,0.6421999851244604,0.6302317944684754,Tier3,"clearance, cashback, lowest price, flat 50% off, sale",0,1
CUST00877,64,1,3650.0,3588.0,0.1429879422613445,0.2700847070418899,0.1066386275569832,0.6776526087287823,0.2157087637142346,0.2720055184427473,0.0953693608682705,Tier2,"capsule collection, made to order, limited edition",1,2
CUST00878,8,3,1390.0,7900.0,0.387467694439805,0.2502863315244839,0.5536892040613642,0.3763743891202586,0.0699364068183771,0.845537120336448,0.4233986856288542,Tier2,"hype, trending now, drop alert, sneaker match",2,0
CUST00879,82,1,1480.0,2567.0,0.6521769807502313,0.4415975891134083,0.3595238273246758,0.3398700074648751,0.300606165210449,0.7335202284936677,0.4997339187153243,Tier2,"trending, restock alert, order tracking",6,4
CUST00880,64,1,1380.0,2622.0,0.3375584671332401,0.829579287512902,0.421342433488253,0.521945767887915,0.0567117986238319,0.380803879137187,0.4031889608348593,Metro,"kurta, fit check, reviews, still deciding",3,4
CUST00881,108,5,2440.0,15921.0,0.2800323735193455,0.3773547010122901,0.5312665763667838,0.4095439981134016,0.0591894255198146,0.1440494229793351,0.4111926665056551,Metro,"occasion wear, diwali sale, cod available, family pack",5,5
CUST00882,33,1,970.0,2492.0,0.3605711356024688,0.6291314426165728,0.5755174733911976,0.2807545253284728,0.1437280012803295,0.5278958233797836,0.4254288507574734,Tier2,"free shipping, delivery time, size medium, size guide",3,4
CUST00883,63,1,1230.0,2054.0,0.457579047498814,0.5574168508840085,0.4299754403861173,0.2770228896284957,0.2930016699853868,0.5741710231431223,0.5187806535091203,Tier2,"capsule collection, unboxing, exclusive collection, insta finds",6,4
CUST00884,64,3,1180.0,4622.0,0.5406270850970311,0.3458344747232492,0.5314724583202863,0.3286204204258065,0.1399071212539073,0.6337364735456599,0.3239471385006038,Tier2,"kurta, unboxing, still deciding, trending, reels",6,4
CUST00885,60,1,3080.0,2834.0,0.3216952359419227,0.4095843537271056,0.4451895581500341,0.3601610989715677,0.1946493428783982,0.3322645881609858,0.3344934068074218,Tier3,"wedding collection, family pack, restock, gifting",5,6
CUST00886,56,1,1940.0,4740.0,0.2494796459266533,0.1876367964748786,0.3504046519925376,0.3474361927450491,0.3021591552624132,0.3532172204007859,0.0292584631523254,Tier2,"kurta, new arrivals, size medium",4,2
CUST00887,42,2,940.0,2669.0,0.271940256661528,0.5870824538194751,0.1964097903771227,0.6539625774006245,0.1496276322222528,0.374498525954704,0.3275541997874106,Tier3,"size chart, cotton, compare",3,6
CUST00888,14,6,750.0,3874.0,0.7514993217074591,0.4047623715677667,0.5007351233164021,0.0453594223061145,0.4539054543774833,0.5311006965294461,0.6197961507863673,Tier3,"cashback, bogo offer, sale, clearance, coupon",0,1
CUST00889,12,1,1350.0,2237.0,0.2773424369040018,0.2098329671117715,0.7039858646526282,0.2231071121885871,0.0729070231587845,0.8257601369762945,0.4023537757209502,Tier2,"oversized fit, limited stock, streetwear, sneaker match, trending now",2,0
CUST00890,29,5,1020.0,2821.0,0.506881917337911,0.8933979189319214,0.5737204515063808,0.2733209246315615,0.1529586238620575,0.7547140028591007,0.3529398792728722,Tier2,"reviews, compare, wishlist",3,4
CUST00891,46,12,1470.0,22166.0,0.2512287239899504,0.1825763332206328,0.2851664289595665,0.1709998160969472,0.5438337549434861,0.2926982228914893,0.1471142664828261,Tier2,"order history, favorite brand, usual size, new arrivals, repeat order",4,2
CUST00892,64,2,3620.0,8262.0,0.4031530748897973,0.2715267913349277,0.08841707771041,0.7568159198716078,0.1547670024179821,0.2409674931374559,0.6678891252172057,Metro,"repeat order, wedding collection, diwali sale",5,5
CUST00893,11,13,1370.0,31567.0,0.4183052483259715,0.1949019638001656,0.6256763992401173,0.1138348812961008,0.2604887194637819,0.869592713349876,0.3580815263382335,Tier3,"drop alert, new drop, oversized fit, new user offer, referral code",2,0
CUST00894,15,4,800.0,6115.0,0.5452643507452746,0.2351565811357985,0.5361026241687257,0.2643848047757265,0.1995125710555477,0.4778872125501894,0.7967150653398292,Tier2,"jeans, combo offer, lowest price, flat 50% off, clearance",0,3
CUST00895,13,21,620.0,21647.0,0.8350226170745273,0.3242182839727675,0.7448704971629251,0.1898142081629544,0.0653152946741205,0.4585136535175949,0.654972518925127,Tier2,"discount, bogo offer, budget, combo offer, made to order",0,3
CUST00896,42,6,1550.0,13961.0,0.1648231843397038,0.1272835121420958,0.4125810422666691,0.4610820591403783,0.1263368985929526,0.2787421314623421,0.3524787791009938,Metro,"order tracking, usual size, order history, membership, loyalty points",4,5
CUST00897,31,4,4230.0,26701.0,0.0811795946759286,0.4610428409781471,0.3601577528270258,0.5081605545604442,0.1316816926125299,0.2240329338368189,0.064419371214441,Metro,"jeans, capsule collection, premium fabric, limited edition, curated",1,5
CUST00898,6,16,1040.0,34915.0,0.6269714297898488,0.3940721364555081,0.830051486619867,0.1060725851526443,0.0638759282274886,0.7378256043051484,0.4516619485201292,Metro,"usual size, streetwear, new drop, drop alert, order history",2,0
CUST00899,90,2,3830.0,9135.0,0.4041777850860391,0.4259389729048428,0.2374243246011021,0.4458480949135548,0.316727580485343,0.3076114361648664,0.4650153650346547,Tier2,"saree, gifting, occasion wear, family pack, wedding collection",5,2
CUST00900,18,11,720.0,5552.0,0.7741455216876505,0.3530308066223285,0.847744976661492,0.1340009453081634,0.0182540780303446,0.4943295539765877,0.6730668648338111,Tier2,"lowest price, bogo offer, combo offer, curated, t-shirt",0,3
CUST00901,8,12,1660.0,37465.0,0.3874127000048745,0.3861185062876798,0.9417765128515356,0.0554392890324423,0.0027841981160221,0.6617091736791018,0.327788570327479,Metro,"collab, loyalty points, streetwear, drop alert, sneaker match",2,0
CUST00902,20,12,750.0,11348.0,0.6951016477918311,0.2952141434730291,0.6025556649798308,0.2280827759044683,0.1693615591157007,0.6149134591708325,0.6543156053702279,Tier3,"cashback, clearance, jeans, budget",0,1
CUST00903,12,12,500.0,12232.0,0.7376434807797029,0.2142238396967111,0.8215818656194492,0.1617432681165302,0.0166748662640205,0.5634262911114885,0.8313324236474541,Tier3,"clearance, cashback, kurta",0,1
CUST00904,70,2,2650.0,8076.0,0.3834774246679613,0.276761253867293,0.2267355844425482,0.4539829459521508,0.3192814696053007,0.4534558741866905,0.5248664905546695,Metro,"family pack, festive, diwali sale",5,5
CUST00905,52,1,4140.0,7469.0,0.0546793262924109,0.2545480497651701,0.0642245410682339,0.7661344557978961,0.1696410031338701,0.1441195644343338,0.028708760630161,Metro,"made to order, designer drop, exchange",1,5
CUST00906,43,1,2170.0,4987.0,0.2997086739774791,0.1714483233960624,0.3784661419669369,0.5346019613113964,0.0869318967216665,0.2397823652877354,0.1792307463301187,Metro,"order history, membership, loyalty points, favorite brand",4,5
CUST00907,73,1,2530.0,4317.0,0.4126007355008139,0.5071487405647914,0.5650251238836059,0.2227998644706964,0.2121750116456976,0.5059770820306905,0.3130478370451584,Tier2,"festive, occasion wear, jeans, diwali sale",5,2
CUST00908,88,2,1500.0,5108.0,0.2047592715991412,0.6288670886875677,0.0512716209252404,0.6606192379979862,0.2881091410767734,0.5469792270020858,0.4771259436970904,Tier2,"my orders, wishlist, return policy",3,4
CUST00909,17,8,740.0,9548.0,0.8330625305781445,0.3390764131200584,0.6664049859645665,0.2411257320973888,0.0924692819380445,0.5664251380523855,0.5045215066424921,Tier2,"limited stock, clearance, oversized fit",0,3
CUST00910,51,1,2130.0,1909.0,0.3095351842576358,0.1810906806374505,0.4155352151367347,0.492664437185724,0.0918003476775412,0.2569838477855179,0.3142409461154343,Tier3,"favorite brand, order history, restock, cashback",4,6
CUST00911,11,3,1530.0,5107.0,0.2472674533357231,0.2663565434827268,0.6204687170911022,0.3590948276666624,0.0204364552422354,0.6908165596583794,0.312876660266604,Tier3,"size medium, drop alert, lowest price, collab, trending now",2,6
CUST00912,19,7,700.0,5697.0,0.614714835713563,0.2986007878745261,0.642309820520065,0.1002797058387723,0.2574104736411625,0.5091702299882891,0.7817707806064029,Metro,"wishlist, order tracking, discount, clearance",0,3
CUST00913,6,11,1060.0,18552.0,0.4980720683027342,0.3707932235771012,0.9183468800378156,0.0414671708054874,0.0401859491566969,0.8704565786563753,0.4564988050995409,Metro,"restock alert, t-shirt, drop alert",2,0
CUST00914,15,6,1890.0,17543.0,0.2687865457593511,0.4116744595010501,0.6541140229528458,0.199595032568337,0.1462909444788173,0.7452281989201633,0.3063115137023909,Tier2,"collab, new drop, oversized fit, limited stock",2,0
CUST00915,27,5,920.0,11617.0,0.6865133337891455,0.3472818559872097,0.7850953567504211,0.1993250900708077,0.0155795531787712,0.344778285107063,0.5886434937724225,Tier3,"limited stock, coupon, combo offer",0,1
CUST00916,10,1,660.0,1640.0,0.6058811773739242,0.2240872211407124,0.8053111226754787,0.0903891109078576,0.1042997664166637,0.6927076644286833,0.6696172790830526,Tier3,"budget, discount, bogo offer, combo offer",0,1
CUST00917,49,2,1240.0,3970.0,0.6380270922428264,0.5806865543585196,0.3226185598679726,0.1658820789873117,0.5114993611447156,0.6233171523574945,0.549554102694016,Tier2,"unboxing, still deciding, compare, size chart, wishlist",3,4
CUST00918,14,8,760.0,13544.0,0.7730472029354002,0.3076860505389975,0.5132097056893283,0.4809303844996059,0.0058599098110655,0.6037819904729937,0.8718769039068847,Tier2,"early access, clearance, favorite brand, combo offer",0,3
CUST00919,48,11,1680.0,30865.0,0.220746611140535,0.1824641637086445,0.4092763968258189,0.4766375772233396,0.1140860259508415,0.2947020598865323,0.1936712488054972,Tier2,"order history, loyalty points, curated",4,2
CUST00920,37,6,1000.0,3435.0,0.4097861116204117,0.5995279945375451,0.5225849241932611,0.4420405917632737,0.0353744840434652,0.8113407372357216,0.3653622868319346,Metro,"still deciding, delivery time, compare",3,4
CUST00921,13,5,690.0,6218.0,0.8675481902129857,0.2537845347448188,0.6147588807462536,0.287084273200585,0.0981568460531614,0.5183270362894766,0.6198363250050977,Tier3,"sale, clearance, jeans",0,1
CUST00922,59,1,1800.0,1453.0,0.3871979124732943,0.1117153805258386,0.5293285170843862,0.4094295874284936,0.0612418954871202,0.4062105037974792,0.3868935517533767,Tier2,"favorite brand, membership, repeat order",4,2
CUST00923,9,10,1370.0,27735.0,0.4461275830770375,0.1438581477691631,0.6827714314482559,0.275414283548888,0.0418142850028561,0.8615606350517321,0.4043092485912061,Tier2,"streetwear, drop alert, trending now, oversized fit",2,0
CUST00924,37,2,1490.0,4618.0,0.2723827692020675,0.1328419589282477,0.4449282294400993,0.3850411414676969,0.1700306290922037,0.5465337044169544,0.2927790253198821,Metro,"loyalty points, size medium, new arrivals, order history, my orders",4,5
CUST00925,8,7,790.0,5142.0,0.44966091045988,0.2982876507220716,0.7783243217273804,0.0680035563334894,0.15367212193913,0.8552603055205337,0.6372993748725202,Tier3,"streetwear, size medium, cotton",2,1
CUST00926,48,7,1640.0,25594.0,0.2124555546277669,0.0877186493391775,0.2956208888985407,0.2954045812001,0.4089745299013594,0.7084445258894864,0.2715092967762332,Tier2,"restock, size medium, my orders, order history, repeat order",4,2
CUST00927,12,12,670.0,10190.0,0.8693687221986588,0.3170306888101065,0.6503083297182553,0.2766708651157341,0.0730208051660106,0.4802971505199745,0.582863893802531,Tier3,"t-shirt, budget, lowest price, cotton, clearance",0,1
CUST00928,56,1,3250.0,5122.0,0.2451201951650657,0.4236457026726919,0.4857824485308689,0.4242016378015351,0.090015913667596,0.3286043378233501,0.3425171045017054,Metro,"ethnic wear, capsule collection, designer drop, wedding collection, festive",5,5
CUST00929,69,8,5570.0,96260.0,0.0275978334782221,0.1257668972426656,0.1864206068100168,0.3187037295902962,0.4948756635996868,0.1000640134900241,0.1361055022759345,Metro,"luxury, full price, still deciding, limited edition",1,5
CUST00930,55,2,1240.0,4660.0,0.3769470478990177,0.7424075980535799,0.6570874666640929,0.1891575640100526,0.1537549693258544,0.6217959194570309,0.4646855235002128,Tier3,"delivery time, size guide, cod available, exchange, fit check",3,6
CUST00931,40,10,1480.0,13324.0,0.2909386128136202,0.1636430057109958,0.3415964470871457,0.4029129274451788,0.2554906254676753,0.3176733005210885,0.0747321098387034,Tier2,"order tracking, early access, restock, favorite brand, reviews",4,2
CUST00932,30,11,3200.0,52689.0,0.0789423178833175,0.2659399197856536,0.1806695961969504,0.3734103536968972,0.4459200501061524,0.2202411485907726,0.2778072056760367,Tier3,"t-shirt, designer drop, exclusive collection, capsule collection, premium",1,5
CUST00933,33,5,1160.0,10161.0,0.4131790482964152,0.1160480888471069,0.4554932858920856,0.3256441703378287,0.2188625437700858,0.4889368816855314,0.313539798255784,Metro,"early access, t-shirt, size medium",4,5
CUST00934,10,18,1890.0,41964.0,0.3059000899256746,0.326591257955469,0.8600464226368174,0.1219954757025456,0.0179581016606367,0.5953961936434912,0.1670805999250296,Tier2,"size chart, t-shirt, collab, cod available",2,0
CUST00935,8,13,400.0,11925.0,0.8862599780120006,0.1352069229416356,0.5308402268752757,0.2414794935709646,0.2276802795537597,0.5997779658586383,0.7645822642771062,Tier3,"sale, order tracking, clearance",0,1
CUST00936,79,1,1150.0,1986.0,0.3720746851808085,0.4142161377395129,0.3895803843816336,0.37939666478381,0.2310229508345563,0.5446086109391453,0.594471818916674,Tier3,"trending, insta finds, try first order, new user offer",6,6
CUST00937,32,4,850.0,5127.0,0.3315047116835291,0.3636037892274247,0.7173265720372863,0.1392688670017925,0.1434045609609211,0.8275871686278556,0.6362217394465517,Tier3,"first order discount, jeans, insta finds, unboxing, reels",6,1
CUST00938,12,6,530.0,5310.0,0.6382714594848438,0.1730402124506119,0.5355575666251012,0.4027612823892295,0.0616811509856692,0.5606321408890902,0.5070749835848753,Metro,"clearance, budget, coupon, lowest price",0,3
CUST00939,58,3,2460.0,7247.0,0.2625286883488302,0.5094697210082157,0.6833829649475923,0.2593576501838147,0.057259384868593,0.4032542827363226,0.6544401979203401,Metro,"ethnic wear, wedding collection, occasion wear, kurta set",5,4
CUST00940,17,9,540.0,8962.0,0.7847322309723902,0.2462983392474817,0.5910353276862667,0.2216760408170131,0.1872886314967201,0.7682279197309898,0.7718557764897016,Tier3,"flat 50% off, coupon, bogo offer, cashback",0,1
CUST00941,87,1,3480.0,2543.0,0.2496913946673819,0.3006653028914964,0.097710306481942,0.3385077825063133,0.5637819110117447,0.5258474181974944,0.7295702687812355,Tier3,"jeans, occasion wear, t-shirt, gifting, diwali sale",5,6
CUST00942,31,2,1860.0,3727.0,0.3069549602314203,0.0626212398146937,0.5695910545151487,0.3209631506280045,0.1094457948568469,0.3428031157292679,0.2318117677180279,Metro,"my orders, favorite brand, restock, loyalty points",4,5
CUST00943,90,1,3090.0,2422.0,0.3804159066273359,0.4490934506022024,0.4000174550042957,0.3409844966724317,0.2589980483232724,0.3534889086977011,0.2961133774456604,Tier2,"gifting, diwali sale, size medium, wedding collection, family pack",5,2
CUST00944,65,1,1640.0,3143.0,0.4778710130222168,0.5517720063414471,0.7686778729071344,0.1179911219806089,0.1133310051122565,0.5986349333419686,0.3987814507114795,Tier2,"referral code, new user offer, order tracking, free shipping, loyalty points",6,4
CUST00945,13,4,710.0,2416.0,0.6193257235669691,0.3288429807863949,0.6700089466596221,0.2694120355501815,0.0605790177901964,0.4939375417349871,0.6508832229738877,Tier2,"lowest price, discount, free shipping, budget, cashback",0,3
CUST00946,33,6,1390.0,18034.0,0.259637667248936,0.1291160523606189,0.1666610024311523,0.1118493385088002,0.7214896590600475,0.321079758797361,0.1979854435752714,Tier3,"favorite brand, order tracking, restock, repeat order",4,6
CUST00947,36,2,3510.0,8878.0,0.0383747364198133,0.055877377011188,0.3516100390426928,0.4248833046583288,0.2235066562989783,0.1723413317731393,0.1161250994897186,Metro,"fit check, limited edition, premium",1,5
CUST00948,53,1,1390.0,1757.0,0.6635104121648893,0.5621685776360107,0.2209878745926836,0.2568811053406787,0.5221310200666376,0.7613689017436656,0.6567917606016244,Metro,"try first order, kurta, size chart, new user offer, trending",6,4
CUST00949,48,14,1680.0,37870.0,0.1365128449645321,0.0932301501509897,0.6571565393589076,0.2155342048012472,0.1273092558398451,0.4000438095280505,0.1276912946029071,Tier3,"usual size, cotton, free shipping",4,6
CUST00950,72,3,1540.0,2401.0,0.3134354106048824,0.7094957722632986,0.2691291564991423,0.2106256688820375,0.52024517461882,0.7157888788570037,0.2284217368842762,Metro,"exchange, size guide, size chart, lowest price, budget",3,4
CUST00951,83,4,1460.0,14947.0,0.4678812859399806,0.7674669504156488,0.5814641031883663,0.2935864655327522,0.1249494312788813,0.5115714684525463,0.2710321860583078,Tier2,"return policy, delivery time, free shipping, fit check",3,4
CUST00952,8,9,1220.0,16576.0,0.3415763380329684,0.27112100361019,0.7769890808398876,0.1727768763226876,0.0502340428374248,0.7055025386613708,0.2442405863812868,Tier2,"restock alert, streetwear, oversized fit, coupon, combo offer",2,0
CUST00953,41,4,1260.0,8341.0,0.3560979632573582,0.2372301193789988,0.4321796781617809,0.4240686235253424,0.1437516983128766,0.3260510920756578,0.2055953305711407,Metro,"favorite brand, membership, usual size",4,5
CUST00954,44,10,2250.0,61048.0,0.3507606462414106,0.1922922725447259,0.3474118057956214,0.5694027085608901,0.0831854856434883,0.5196390112374794,0.1987045223328826,Tier2,"order history, my orders, exclusive collection",4,2
CUST00955,13,1,600.0,577.0,0.8220283863172926,0.3544607112003771,0.497851957807819,0.3752811901824909,0.1268668520096899,0.5937625276093618,0.6619962078123396,Tier2,"budget, free shipping, kurta, discount",0,3
CUST00956,8,4,1440.0,8468.0,0.3654821877201629,0.4917421124320364,0.7690402429168968,0.0727077409487797,0.1582520161343235,0.912776674516906,0.4821274924614625,Tier2,"new drop, size medium, restock alert, hype",2,0
CUST00957,58,8,1030.0,14917.0,0.4234165402347364,0.7061540568559251,0.4572851112156936,0.3383099564413332,0.2044049323429731,0.7432339760084694,0.5219999001244312,Tier3,"new user offer, insta finds, reels, try first order, fit check",6,6
CUST00958,56,1,2190.0,1171.0,0.3541486080876597,0.1345808336987254,0.320498660651298,0.2084061298702151,0.4710952094784867,0.4949502510568465,0.5770960532789038,Metro,"sherwani, festive, wedding collection",5,5
CUST00959,38,1,4990.0,7290.0,0.2033366049493127,0.1109047186366031,0.2189009270375465,0.3958171611384722,0.3852819118239813,0.2119621885100726,0.2195366112833356,Metro,"full price, curated, designer drop, premium, premium fabric",1,5
CUST00960,9,8,1240.0,15551.0,0.3135087127620228,0.3093724723674298,0.8210210291080003,0.1555753132436511,0.0234036576483485,0.8194953986998585,0.1775037623409069,Tier3,"drop alert, streetwear, sherwani, trending now, new drop",2,0
CUST00961,17,2,1530.0,6226.0,0.2356828959704024,0.3898119479311483,0.7956992795392095,0.1261179267366509,0.0781827937241397,0.7507249032201919,0.3667262760412879,Metro,"sneaker match, curated, limited edition, streetwear, new drop",2,0
CUST00962,46,10,1670.0,19342.0,0.3865672098297945,0.0614112378593989,0.4176638053345696,0.4318385798666072,0.1504976147988232,0.3901486265321461,0.0708033827893061,Tier2,"trending, order tracking, jeans, favorite brand, repeat order",4,2
CUST00963,42,1,1310.0,3468.0,0.4469050382344182,0.6433212224298086,0.2337983436070095,0.668855841211122,0.0973458151818684,0.4707980927285633,0.5220267655342361,Tier3,"size guide, wishlist, reviews",3,6
CUST00964,30,11,3290.0,77581.0,0.1569635113545796,0.0735187745028591,0.3719182977643999,0.3117576563654015,0.3163240458701987,0.245651616355923,0.1606381781493438,Metro,"premium fabric, premium, luxury, full price",1,5
CUST00965,25,1,660.0,900.0,0.7570301735662389,0.456259907795168,0.635968552463827,0.1880436304140969,0.1759878171220761,0.6649619526857142,0.6359210686961484,Metro,"clearance, combo offer, flat 50% off",0,3
CUST00966,29,19,1360.0,51442.0,0.2844398588201524,0.1765617052183349,0.3566010434330007,0.4199220350753582,0.2234769214916411,0.4756855725385404,0.1904544792926039,Metro,"loyalty points, usual size, cotton, restock, jeans",4,5
CUST00967,8,11,1440.0,11576.0,0.5002871654832702,0.1434402813657282,0.419511828684005,0.4053343271750992,0.1751538441408956,0.8586095158534272,0.2536306309490537,Metro,"drop alert, collab, sneaker match, new drop",2,0
CUST00968,85,1,1240.0,737.0,0.4516612263653013,0.4773595953164109,0.6422415072515114,0.2221283004579015,0.1356301922905869,0.7166965038599877,0.5251801303721412,Tier3,"exchange, referral code, reels",6,6
CUST00969,47,1,850.0,685.0,0.4538810934658732,0.3310550355110204,0.3337861584409451,0.4363747055719885,0.2298391359870665,0.8066321035514975,0.5737483102035684,Tier2,"new user offer, insta finds, influencer recommended, referral code",6,4
CUST00970,14,12,1920.0,22010.0,0.1195247855723639,0.4271500417837717,0.6127099414905484,0.2734318832056728,0.1138581753037788,0.7338607221706391,0.3151149714471919,Tier2,"new drop, sneaker match, collab, hype",2,0
CUST00971,37,1,1030.0,854.0,0.5760169368961865,0.6493052868676674,0.4378214450770881,0.4617576322856159,0.100420922637296,0.6072027610590236,0.5247959100214423,Tier3,"cod available, jeans, size guide, exchange",3,6
CUST00972,15,6,820.0,4340.0,0.6591071623520905,0.5172438250350835,0.8452329350986045,0.1409260981772263,0.0138409667241692,0.7005103130071161,0.5442837016702483,Tier2,"lowest price, kurta, cotton, first order discount, sale",0,3
CUST00973,20,11,1290.0,30163.0,0.2839857178264032,0.0736850326883128,0.4111560777532522,0.1873129191961762,0.4015310030505716,0.4197139360967762,0.3001255995538594,Tier3,"favorite brand, usual size, new arrivals, influencer recommended, repeat order",4,6
CUST00974,18,13,670.0,9068.0,0.914683289134785,0.4411561825341363,0.7996721333680922,0.1338061837706686,0.0665216828612393,0.5019515598381179,0.6452682767331804,Tier2,"sale, budget, bogo offer, flat 50% off",0,3
CUST00975,60,1,1380.0,2899.0,0.4133616145181468,0.6404843751555627,0.5095037566815044,0.269346344234647,0.2211498990838487,0.7078819315351265,0.3417429721341086,Tier3,"new arrivals, welcome offer, referral code, order history",6,6
CUST00976,6,7,1330.0,10887.0,0.3846033885324453,0.2403590706595889,0.8273216394783155,0.066933986101367,0.1057443744203174,0.9347084767442168,0.1903915331938252,Metro,"restock alert, streetwear, collab",2,0
CUST00977,73,5,2100.0,14333.0,0.4684612530665251,0.2651084336949563,0.6824408062930093,0.1209027264403547,0.1966564672666359,0.4404111456755482,0.5501245659080382,Metro,"ethnic wear, usual size, order tracking, free shipping, membership",5,5
CUST00978,56,3,1300.0,7700.0,0.48812061422409,0.8449720397472501,0.411803524025215,0.4310526770607434,0.1571437989140416,0.546272792452389,0.4422349504906103,Metro,"size guide, delivery time, fit check, cod available, kurta",3,4
CUST00979,47,1,1960.0,4550.0,0.344790599598723,0.1713894582342092,0.4059654958089621,0.320930225780214,0.2731042784108238,0.2966493122467851,0.2297228261991722,Metro,"usual size, repeat order, my orders",4,5
CUST00980,23,4,930.0,6165.0,0.7042482568183704,0.7497780855156898,0.3493591534274975,0.421362745744791,0.2292781008277114,0.447524690423815,0.5800750699775137,Tier2,"budget, bogo offer, lowest price, free shipping, clearance",0,4
CUST00981,16,6,530.0,1762.0,0.8289192418871301,0.4265425060508142,0.7484396559267404,0.09360448224606,0.1579558618271995,0.6102999552665478,0.7527519035320855,Tier2,"budget, order tracking, sale",0,3
CUST00982,52,2,4360.0,18025.0,0.0719644408453956,0.1423979718773146,0.1241009541348128,0.5433427998192845,0.3325562460459028,0.4370207288413545,0.0602794585257732,Metro,"made to order, premium fabric, full price, order tracking",1,5
CUST00983,13,7,590.0,2772.0,0.6311076542422865,0.2813914272767122,0.5750444657587782,0.3927412745172358,0.0322142597239859,0.6336712988969304,0.7183437343596527,Metro,"sale, jeans, lowest price, trending",0,3
CUST00984,51,7,2780.0,21727.0,0.135485942347701,0.4722462035379459,0.2596590974197316,0.6464571353060321,0.0938837672742363,0.6325793390293727,0.6827538209094467,Metro,"wedding collection, gifting, t-shirt",5,5
CUST00985,98,7,3040.0,27406.0,0.1832113047837784,0.587563235393763,0.1590845595943174,0.4695001760252372,0.3714152643804453,0.386739631239768,0.2136486050691731,Tier2,"wedding collection, saree, family pack, gifting, size medium",5,2
CUST00986,7,8,1240.0,28702.0,0.3430206548930861,0.3775436989611458,0.8534162932370749,0.1029657012453891,0.0436180055175359,0.9319915542428154,0.3777971743046855,Metro,"oversized fit, free shipping, limited stock",2,0
CUST00987,11,5,1020.0,8763.0,0.2639832225214739,0.4142473094046736,0.8828674772622974,0.0227044960960401,0.0944280266416623,0.7028688294170506,0.3626244413660187,Metro,"sneaker match, lowest price, oversized fit",2,0
CUST00988,62,2,980.0,3925.0,0.5416219218377715,0.7199250103015742,0.3828688199505493,0.4508895658960402,0.1662416141534103,0.4136959616976925,0.432720749909785,Tier3,"delivery time, cod available, kurta",3,6
CUST00989,51,4,1670.0,4374.0,0.1233296459518065,0.1284494099973402,0.3100827299452923,0.3007762676600663,0.3891410023946412,0.425832168105533,0.3828028470674763,Metro,"membership, my orders, repeat order, early access",4,5
CUST00990,20,10,750.0,8046.0,0.732052374518575,0.136469526322201,0.6679225867983479,0.1069899746394942,0.2250874385621578,0.3520125199314495,0.4628211042388707,Tier2,"lowest price, coupon, exchange",0,3
CUST00991,64,1,1140.0,2173.0,0.5723755295881228,0.4172612031272438,0.1069529145080865,0.1398045127553313,0.753242572736582,0.666669911099239,0.5993082487598732,Metro,"first order discount, referral code, new user offer, t-shirt, reels",6,4
CUST00992,43,11,3980.0,70024.0,0.0419073372997711,0.2639233522571718,0.2997743929098217,0.3552602171423458,0.3449653899478325,0.342223522127298,0.0473943367154193,Metro,"curated, made to order, exchange, designer drop",1,5
CUST00993,61,1,2630.0,4476.0,0.32000025372303,0.3108004041867074,0.5232982231620062,0.4609880068720835,0.0157137699659101,0.235272134572011,0.1380699845324986,Metro,"coupon, order history, membership",4,5
CUST00994,43,1,860.0,973.0,0.482435773343703,0.2780753864267266,0.7540844050796288,0.1340053947819451,0.111910200138426,0.7987143945274345,0.6921204334164169,Tier3,"welcome offer, reels, try first order, first order discount, insta finds",6,1
CUST00995,47,3,5020.0,32164.0,0.0176525614263482,0.255791455493121,0.1580385266040924,0.3491908245134982,0.4927706488824094,0.2589954438760426,0.1561479075393427,Metro,"luxury, made to order, capsule collection, designer drop",1,5
CUST00996,55,1,5160.0,9465.0,0.1070187306340309,0.158588760283525,0.3881031752225921,0.4184585613020659,0.193438263475342,0.0784581997998469,0.0768860949609513,Metro,"limited edition, hype, exclusive collection, capsule collection",1,5
CUST00997,30,5,1350.0,3617.0,0.201122317208757,0.0652730515394304,0.718548801862614,0.1416462283213019,0.1398049698160839,0.4233226487560981,0.4096716027346448,Metro,"cotton, favorite brand, loyalty points, free shipping",4,0
CUST00998,13,9,790.0,9548.0,0.8438557058617139,0.3650725771565302,0.7928499812548742,0.1686171807543161,0.0385328379908097,0.4214485918603218,0.8033179969561257,Tier2,"size medium, lowest price, cashback, collab, flat 50% off",0,3
CUST00999,27,4,3360.0,28647.0,0.0705252302332094,0.2272241701819472,0.2496566794861027,0.3470868654432319,0.4032564550706654,0.1157442190071913,0.1287648013152355,Metro,"luxury, premium, designer drop, exclusive collection",1,5
CUST01000,20,2,640.0,2565.0,0.5161004007024469,0.4031971279423203,0.607260092185162,0.2712843489250994,0.1214555588897387,0.4968279925102564,0.5881943243932023,Tier2,"sale, bogo offer, t-shirt, budget",0,3
CUST01001,16,10,580.0,11221.0,0.8583043825120178,0.3151573028892242,0.8069499293252516,0.0722184402958329,0.1208316303789154,0.6036086337164596,0.7542581462200004,Metro,"order tracking, lowest price, favorite brand, loyalty points",0,3
CUST01002,15,9,650.0,8385.0,0.7911350650373009,0.4453168105875391,0.7159686117678872,0.2336826865072555,0.0503487017248572,0.4668117854620414,0.5266304231961451,Tier3,"gifting, cashback, clearance",0,1
CUST01003,44,11,2080.0,32666.0,0.2729220613964376,0.1786159500276813,0.4095870449775384,0.2084882001152609,0.3819247549072005,0.4002936998392484,0.1562902005125502,Tier2,"new arrivals, loyalty points, favorite brand, usual size",4,2
CUST01004,12,15,770.0,24916.0,0.7567718935135627,0.3645176371495274,0.7635923130785363,0.2316685363972611,0.0047391505242026,0.5678512465662892,0.6257617705403827,Metro,"combo offer, favorite brand, lowest price",0,3
CUST01005,61,1,1420.0,2317.0,0.5392368723986373,0.6151189051011581,0.3967053456342224,0.3199709299024115,0.283323724463366,0.4139568621487036,0.3980199825035661,Tier2,"size guide, fit check, delivery time, size chart",3,4
CUST01006,40,5,1990.0,10514.0,0.3291186220825316,0.1296077212265813,0.5259563779044201,0.3369422469273502,0.1371013751682297,0.312555270112774,0.1935607184147305,Tier3,"my orders, free shipping, lowest price, bogo offer, early access",4,6
CUST01007,38,1,840.0,1417.0,0.4130150045663743,0.4859008653955365,0.3486007716072847,0.2023013731076234,0.449097855285092,0.7126597005832579,0.5058983940974355,Tier3,"welcome offer, referral code, try first order, insta finds, new user offer",6,6
CUST01008,14,11,600.0,14409.0,0.5981692448134815,0.4992442767733951,0.4407199580602803,0.5584768739345267,0.0008031680051929,0.5942409457864717,0.6994705338427736,Tier2,"bogo offer, flat 50% off, clearance, size medium, kurta",0,3
CUST01009,47,1,980.0,1471.0,0.5468789846829125,0.5005579632542241,0.7454026710896337,0.1092601769425428,0.1453371519678235,0.6232899289742808,0.5950137753940045,Tier3,"reels, kurta, first order discount, unboxing, order tracking",6,1
CUST01010,65,3,1420.0,6053.0,0.3102520556298129,0.7787184155175445,0.2648821759808059,0.6338720322503323,0.1012457917688618,0.4406083269577386,0.3811331269998174,Tier2,"wishlist, size chart, order tracking, collab",3,4
CUST01011,8,6,1440.0,11589.0,0.4020617200996085,0.1992961055911652,0.5676623486442335,0.190213726255727,0.2421239251000393,0.8271016175666,0.3308287144072541,Tier2,"streetwear, sneaker match, drop alert",2,0
CUST01012,53,4,2270.0,10288.0,0.1937625837033572,0.3004647676658783,0.6083673482354568,0.2771008681336136,0.1145317836309296,0.2590278628493394,0.2779575916209363,Metro,"repeat order, favorite brand, restock, membership",4,5
CUST01013,50,5,1790.0,9678.0,0.3379729955597733,0.3059838398396191,0.1560895222707598,0.7077078640018132,0.136202613727427,0.6841164029819696,0.6483163286647158,Tier3,"occasion wear, sherwani, diwali sale, kurta set, gifting",5,6
CUST01014,49,1,1250.0,1481.0,0.5334108734276872,0.3488587003363368,0.7055127689380689,0.0966178414682001,0.197869389593731,0.6710923686303543,0.5232032921610337,Tier2,"referral code, welcome offer, new user offer, insta finds",6,3
CUST01015,38,4,1180.0,8897.0,0.4721081009668105,0.7171923412882617,0.5804614727646742,0.1676906886250425,0.2518478386102833,0.6332323074885523,0.3990551304531283,Tier2,"fit check, delivery time, return policy",3,4
CUST01016,12,5,1880.0,6062.0,0.2624105652255241,0.3111804242183447,0.8674994416871395,0.1016825837281654,0.030817974584695,0.8495513328911712,0.3465449931333888,Tier3,"exchange, limited stock, collab, delivery time, oversized fit",2,0
CUST01017,58,1,1330.0,3059.0,0.480632714114232,0.8953585584753104,0.3915201546291859,0.4984378494526192,0.1100419959181948,0.3820647127065218,0.1845826915125271,Tier2,"fit check, delivery time, still deciding",3,4
CUST01018,13,4,1690.0,16927.0,0.2608353558295001,0.2987931129211443,0.6368765101793835,0.1894318412265218,0.1736916485940946,0.7621193730842197,0.1972256557624541,Metro,"trending now, streetwear, premium fabric",2,0
CUST01019,11,11,680.0,8620.0,0.8152608243974603,0.4421227634211239,0.27302829040497,0.7093346891688396,0.0176370204261905,0.5400053320995719,0.6345828414503077,Tier2,"budget, t-shirt, exchange, cashback, designer drop",0,3
CUST01020,62,3,1390.0,8421.0,0.5070914962906495,0.8629893578792721,0.436419200198035,0.3162450278886041,0.2473357719133609,0.6651022914679515,0.4398642979985276,Tier2,"cod available, still deciding, size chart, return policy",3,4
CUST01021,66,5,2040.0,10293.0,0.2351375872546088,0.1105920615660074,0.3491586324912636,0.4117830044572184,0.239058363051518,0.3678973498646465,0.1413053018510741,Tier2,"cashback, usual size, order history, membership",4,2
CUST01022,63,2,1400.0,5292.0,0.2726515572797239,0.7086899623763497,0.4690659994937646,0.2577681783556715,0.2731658221505637,0.6611526669581491,0.3391720940743974,Metro,"size medium, fit check, reviews, still deciding",3,4
CUST01023,37,1,1750.0,2919.0,0.1901885892737377,0.1692605711172418,0.1819945049974547,0.3417939025418494,0.4762115924606957,0.3205478316788471,0.098252506931232,Metro,"order history, kurta, usual size",4,5
CUST01024,63,1,1250.0,2801.0,0.3112890337621312,0.7076204453496484,0.3794900623232425,0.2787934117602053,0.3417165259165522,0.5270834339077975,0.4291802449201323,Tier2,"return policy, wishlist, size guide",3,4
CUST01025,6,8,1010.0,16457.0,0.5091616058648968,0.4558829599387217,0.4419961723699415,0.5307661312842358,0.0272376963458225,0.6969319428658151,0.3132505386011096,Tier3,"new drop, free shipping, restock alert, hype, sneaker match",2,1
CUST01026,49,7,2090.0,20648.0,0.1321221741497746,0.3331197772155843,0.2570694808192336,0.429883883015648,0.3130466361651182,0.3753474506443667,0.1741897287706517,Metro,"restock, loyalty points, new arrivals, kurta set",4,5
CUST01027,13,5,1470.0,12243.0,0.1826761487055656,0.3247105652391121,0.3632893865202596,0.4953098804990994,0.1414007329806409,0.6601967752743236,0.3966945610517172,Metro,"restock alert, occasion wear, sneaker match",2,0
CUST01028,23,9,780.0,17254.0,0.5250471412688511,0.2340439116481938,0.7088542434207299,0.2560661660612962,0.0350795905179739,0.3877519689135002,0.5615941393868286,Tier3,"cashback, flat 50% off, lowest price",0,1
CUST01029,19,4,720.0,2224.0,0.828090565010603,0.1817539942148159,0.9226557059199372,0.0616872040074318,0.0156570900726308,0.3993933020837358,0.5539962748431645,Tier2,"budget, flat 50% off, bogo offer, cotton, reels",0,3
CUST01030,39,1,1650.0,955.0,0.4000018395197023,0.1228347533056174,0.3872646190574404,0.3768370034097437,0.2358983775328157,0.4429054013750625,0.3232882238376206,Metro,"my orders, kurta, repeat order",4,5
CUST01031,15,9,580.0,5904.0,0.8682780663204128,0.3585731988529833,0.8097904568454616,0.1283463109445798,0.0618632322099586,0.497978863525353,0.7732940956971575,Tier3,"flat 50% off, bogo offer, budget, limited edition, lowest price",0,1
CUST01032,54,1,980.0,1309.0,0.446271390255559,0.2700102544664878,0.5061313733690339,0.1806645029302737,0.3132041237006923,0.8449132742095955,0.4305184401611595,Tier2,"referral code, unboxing, trending, try first order, cotton",6,4
CUST01033,85,1,1610.0,3932.0,0.5435719840482268,0.704033089795951,0.462569019526386,0.2392969283955265,0.2981340520780873,0.475484913625271,0.3851483092337551,Tier2,"influencer recommended, try first order, streetwear, new drop",6,4
CUST01034,43,3,970.0,4474.0,0.4051148956803442,0.5312056424904968,0.4248030505507018,0.1351555420718474,0.4400414073774507,0.7666016265018114,0.3048551844221595,Metro,"wishlist, reviews, compare, still deciding",3,4
CUST01035,15,8,1380.0,24203.0,0.371023227421598,0.1890337939290738,0.814854944860035,0.1507580565652026,0.0343869985747624,0.7788691247163675,0.398599554412674,Metro,"drop alert, sneaker match, streetwear, hype, restock alert",2,0
CUST01036,63,1,1420.0,1385.0,0.2839995053860131,0.5877106532168858,0.4122883153949028,0.457216401997613,0.130495282607484,0.6524384096660724,0.3527305990985527,Tier2,"fit check, delivery time, order tracking, size medium, still deciding",3,4
CUST01037,104,6,3210.0,18732.0,0.2464566719081369,0.3253746783185502,0.1685141427797769,0.216417456118621,0.6150684011016021,0.3349820620139552,0.3550817483148261,Tier3,"kurta set, flat 50% off, t-shirt, saree",5,6
CUST01038,63,1,1140.0,1694.0,0.4646446409908418,0.8919768555327312,0.2120239870208211,0.3086449005471911,0.4793311124319876,0.8262301918190228,0.3038654503848694,Tier3,"still deciding, fit check, size chart, reviews, wishlist",3,4
CUST01039,11,1,1750.0,2765.0,0.2929287809161938,0.4190633116793217,0.6410558473293728,0.0440907048193066,0.3148534478513205,0.821849150873242,0.3253095037257644,Tier2,"streetwear, restock alert, usual size, favorite brand, oversized fit",2,0
CUST01040,76,1,1280.0,1541.0,0.5128709986407652,0.5705894198663919,0.3591791597943564,0.4216059011173761,0.2192149390882674,0.5989899754763174,0.5406360736195661,Metro,"insta finds, new user offer, exchange, trending, cotton",6,4
CUST01041,11,11,490.0,10210.0,0.8336274550955484,0.4864897196507896,0.5273921265010137,0.0350083169563267,0.4375995565426594,0.5999271978228818,0.7319554894006681,Tier3,"budget, flat 50% off, lowest price, combo offer, coupon",0,1
CUST01042,40,3,980.0,4641.0,0.4277884058649336,0.7137694236984033,0.4559389467113501,0.2443154479495159,0.2997456053391338,0.6373229998401697,0.4092785243817447,Tier2,"still deciding, clearance, cod available, compare",3,4
CUST01043,15,12,820.0,7674.0,0.5598161076535942,0.3267056651999133,0.7322963072172215,0.2200701345816038,0.0476335582011746,0.5941227946207311,0.6980843767007731,Tier3,"budget, size medium, clearance, coupon",0,1
CUST01044,10,2,1600.0,7075.0,0.2696615421621684,0.0798996125935705,0.849159450766289,0.0972307590670614,0.0536097901666495,0.7879799243488601,0.4824416329989988,Tier2,"luxury, new drop, drop alert, limited stock, collab",2,0
CUST01045,39,1,890.0,935.0,0.6102403595251538,0.5094861402652473,0.2861192984062399,0.2717905793488764,0.4420901222448835,0.7255535594731998,0.5017015501060167,Metro,"influencer recommended, exchange, try first order",6,4
CUST01046,10,6,1380.0,17351.0,0.3902613978325385,0.2362984480772392,0.8934855173505659,0.084797784570144,0.0217166980792899,0.7941788745872945,0.4038923124984037,Metro,"cotton, limited stock, streetwear, order tracking",2,0
CUST01047,97,1,1820.0,1005.0,0.3326166484338103,0.6281436173765604,0.49320594964937,0.1757415895832614,0.3310524607673685,0.5710324346460602,0.3318169849856813,Metro,"size chart, free shipping, saree",3,4
CUST01048,53,3,1910.0,8233.0,0.2550612768579816,0.1232416160194393,0.5098370259543381,0.2940390138759599,0.196123960169702,0.3123317515895131,0.0810960861610315,Tier3,"membership, new arrivals, ethnic wear, usual size, favorite brand",4,6
CUST01049,21,3,610.0,3351.0,0.7858842178352063,0.1934695252283015,0.6213117346235403,0.2179491246742435,0.1607391407022161,0.5221552320248076,0.5089536836482481,Tier3,"coupon, lowest price, discount, clearance, sale",0,1
CUST01050,55,10,2090.0,43990.0,0.1592999772777942,0.15445368712804,0.5804581718169837,0.2740154938828625,0.1455263343001537,0.3971458590343827,0.1966985003683997,Metro,"loyalty points, size medium, membership, order history, early access",4,5
CUST01051,77,1,1260.0,2413.0,0.6399151313048081,0.4822405293645729,0.6296754954140695,0.1946813463372328,0.1756431582486977,0.7066406512015845,0.761369467249932,Tier2,"trending, first order discount, welcome offer",6,4
CUST01052,55,2,1230.0,1380.0,0.4175375307551019,0.8230072332815511,0.2381865951799151,0.338463894112544,0.4233495107075407,0.5671616433116321,0.3756316367255317,Tier2,"reviews, occasion wear, exchange, delivery time, fit check",3,4
CUST01053,79,1,1350.0,1097.0,0.586496210405567,0.53182988635603,0.4432515494178893,0.3765403832186464,0.1802080673634641,0.6572248279692192,0.6502694213856165,Tier3,"trending, order tracking, welcome offer",6,6
CUST01054,27,6,2600.0,30070.0,0.0748136279973069,0.1303997389812945,0.3104114245518802,0.1678551961736713,0.5217333792744485,0.399881978904728,0.1057419463147623,Metro,"luxury, full price, exchange, free shipping",1,5
CUST01055,40,2,1880.0,2578.0,0.2072404207501003,0.081705501446765,0.2493647498870367,0.6550177837901331,0.0956174663228303,0.3399025940135624,0.1769434851920855,Tier2,"membership, restock, usual size, order tracking, exchange",4,2
CUST01056,63,5,2480.0,28762.0,0.2566630822955378,0.3784729586929521,0.4003470762697171,0.2629354075879224,0.3367175161423603,0.6570096457959648,0.4755106743499581,Metro,"diwali sale, festive, cotton, occasion wear, sherwani",5,5
CUST01057,8,8,1540.0,18603.0,0.2604632926234131,0.3569052343339995,0.8146369687842251,0.0720038611966863,0.1133591700190885,0.7609905120457308,0.3441142839167903,Metro,"hype, gifting, oversized fit, streetwear, new drop",2,0
CUST01058,11,2,1140.0,5561.0,0.2296200835700151,0.2434245880910871,0.5166843941026376,0.1865634322678685,0.2967521736294938,0.6652350835510334,0.2227428879008715,Metro,"restock alert, clearance, oversized fit",2,0
CUST01059,17,5,740.0,8485.0,0.4927705567467688,0.2886462370212451,0.7927346118959302,0.1423902913921435,0.0648750967119263,0.5130120864079283,0.8068297808043505,Tier2,"bogo offer, cashback, flat 50% off, jeans, budget",0,3
CUST01060,40,6,2020.0,25120.0,0.453177316778881,0.1869489990717037,0.0970927740133312,0.6745982019167301,0.2283090240699387,0.4053692693285513,0.0992414338440693,Metro,"restock, my orders, usual size",4,5
CUST01061,39,6,3880.0,50737.0,0.1135459603373928,0.1324354904411233,0.1712688753920069,0.4641116344701393,0.3646194901378538,0.1833245825464519,0.0663752931575053,Metro,"jeans, made to order, kurta, exclusive collection, limited edition",1,5
CUST01062,16,12,710.0,6656.0,0.6798674122861248,0.5054318804994885,0.6048760045654811,0.2526962616782062,0.1424277337563127,0.4276413574246404,0.6171566884044137,Tier2,"bogo offer, cashback, lowest price",0,3
CUST01063,37,4,3380.0,13261.0,0.0238065138121886,0.0575793411399668,0.1162252537776969,0.4009241767927246,0.4828505694295784,0.2124454816374516,0.1352109266804835,Tier2,"premium, exclusive collection, luxury",1,2
CUST01064,81,1,1610.0,2134.0,0.3163364652600169,0.5773142690308483,0.6318121573868213,0.3421245288514313,0.0260633137617473,0.5036035007166891,0.4109835675665437,Tier3,"t-shirt, order tracking, still deciding, cod available",3,6
CUST01065,15,12,680.0,20712.0,0.7201836087381835,0.2349437543626959,0.7203632587663317,0.1870230646407338,0.0926136765929345,0.5457608776005248,0.4219281878002296,Tier2,"flat 50% off, t-shirt, sale, coupon",0,3
CUST01066,93,1,1260.0,3306.0,0.2195965885361091,0.844932717251445,0.6845157962102544,0.2737988899279054,0.0416853138618402,0.5457777953210499,0.2740674591602531,Tier3,"kurta, compare, cod available, fit check, reviews",3,6
CUST01067,64,1,1170.0,678.0,0.4668134915809527,0.5149353423105811,0.4507950307287341,0.3823448866637734,0.1668600826074923,0.4992107259953453,0.3837728830377712,Tier2,"return policy, cotton, free shipping, t-shirt, cod available",3,4
CUST01068,9,5,1410.0,16002.0,0.3194072301039928,0.1990196893066607,0.9382454431705618,0.0297126305946191,0.0320419262348191,0.6042547491199647,0.3639915499455916,Metro,"trending now, exchange, oversized fit, hype",2,0
CUST01069,81,1,1180.0,742.0,0.4213023117919515,0.4170807751898461,0.3609144553538126,0.3424065461890012,0.296678998457186,0.5919772881609455,0.4702230071496717,Metro,"reels, jeans, referral code, unboxing",6,4
CUST01070,16,10,670.0,7390.0,0.6881259824320004,0.3115242618961474,0.4829149469212193,0.1222944570875564,0.3947905959912242,0.7723370167728201,0.5895248312356463,Tier2,"combo offer, cashback, kurta, coupon",0,3
CUST01071,50,3,1310.0,5625.0,0.3970590336438862,0.5999734765362753,0.1824131005393779,0.4199755650881752,0.397611334372447,0.6292658723495917,0.4618867492135508,Metro,"cod available, reviews, still deciding, size chart, jeans",3,4
CUST01072,78,1,1500.0,1900.0,0.4012883417109035,0.8455074489332723,0.3191631790276253,0.530676686536856,0.1501601344355186,0.335403550270294,0.2666348185092964,Tier2,"cod available, fit check, wishlist, size chart",3,4
CUST01073,9,15,1230.0,30516.0,0.3290328318836309,0.4857288434566655,0.9128466017740589,0.0739835479544737,0.0131698502714674,0.7122131745422844,0.5280957033980368,Tier2,"hype, free shipping, collab, limited stock",2,0
CUST01074,45,1,1100.0,2760.0,0.4828904167017557,0.5217964462242498,0.4891762180355132,0.3420750319403065,0.1687487500241802,0.6692826470217406,0.6103689768169163,Metro,"reels, insta finds, first order discount, jeans, welcome offer",6,4
CUST01075,60,2,3390.0,7737.0,0.0762707841910793,0.4597238101486137,0.189704734972131,0.6169885317072035,0.1933067333206654,0.5673953428274682,0.5917954850114516,Tier3,"gifting, sherwani, family pack",5,6
CUST01076,18,1,790.0,668.0,0.6328194384919734,0.4671762661230152,0.8009844293176792,0.1777690551444578,0.0212465155378628,0.3269680966976385,0.5990013541288685,Metro,"clearance, t-shirt, order tracking",0,3
CUST01077,59,4,2350.0,22615.0,0.2650983175312222,0.1797489454377675,0.2579973488418564,0.6631085345477622,0.0788941166103814,0.1454571056341804,0.0802312179820783,Tier2,"cotton, new arrivals, my orders, favorite brand",4,2
CUST01078,54,1,1390.0,3032.0,0.5082015522608968,0.4343634536165789,0.4323167922863506,0.2638978577344093,0.3037853499792399,0.4123717625969837,0.5074397807569688,Tier3,"unboxing, new user offer, influencer recommended",6,6
CUST01079,34,5,3610.0,19526.0,0.036364562412509,0.120970390803612,0.220375536896801,0.5080880966631979,0.2715363664400012,0.228982190130767,0.1235307638664549,Metro,"premium, made to order, capsule collection",1,5
CUST01080,7,11,910.0,8737.0,0.5047321464091877,0.1059076144177018,0.7883267740201985,0.143052668894049,0.0686205570857524,0.9323785799911688,0.2801355901573453,Tier2,"cotton, collab, delivery time",2,0
CUST01081,15,10,1570.0,33855.0,0.5456984520660572,0.2230199944287801,0.722317055958443,0.2440200217660564,0.0336629222755005,0.7963408419501722,0.3469927191304189,Tier3,"size medium, new drop, oversized fit, sneaker match, limited stock",2,0
CUST01082,55,4,1730.0,18587.0,0.2295365426595291,0.0859605737216892,0.5174724881907766,0.4367654007327133,0.04576211107651,0.1894275415774395,0.2879198540541428,Tier2,"membership, free shipping, jeans, early access",4,2
CUST01083,43,15,1480.0,29323.0,0.209176353648376,0.156170444010258,0.3589791651077748,0.4116182207084383,0.229402614183787,0.3815835113236241,0.3127225603078075,Tier2,"early access, size medium, membership",4,2
CUST01084,14,8,1760.0,12849.0,0.4104753883977068,0.3832077842080174,0.7830595573567078,0.1648113883644744,0.0521290542788177,0.7881158172204558,0.3201985329806447,Metro,"sneaker match, limited stock, restock alert, new drop, streetwear",2,0
CUST01085,18,8,690.0,5174.0,0.8379202577442884,0.2917356972400949,0.8480315298072171,0.133845064381308,0.0181234058114749,0.5772468715494602,0.7838063991815192,Tier3,"clearance, order tracking, exchange",0,1
CUST01086,68,2,1120.0,4742.0,0.3229403512740774,0.3451599077827832,0.3888545947292938,0.5235993235715497,0.0875460816991565,0.5297780061287573,0.3916183584771687,Tier3,"influencer recommended, trending, reels, try first order, first order discount",6,6
CUST01087,45,4,1900.0,15701.0,0.0871047689264243,0.1103160897939945,0.2629753446650428,0.4614594693244067,0.2755651860105506,0.3738122597309254,0.29416859276285,Tier2,"usual size, early access, membership, loyalty points, my orders",4,2
CUST01088,46,1,1170.0,2060.0,0.5033220352445616,0.5017771967783066,0.4754409592542223,0.3016257276004901,0.2229333131452875,0.5073177143442494,0.660480233826891,Tier2,"new user offer, reels, welcome offer, saree",6,4
CUST01089,11,7,520.0,2395.0,0.7130844920986473,0.2350267966066692,0.6166861986165871,0.2041477053695554,0.1791660960138575,0.6522299106530814,0.7132623154048688,Metro,"limited edition, t-shirt, sale, cashback",0,3
CUST01090,22,4,680.0,2397.0,0.8365362869272834,0.3049201622287703,0.7407281325269851,0.251544865100902,0.0077270023721128,0.3556115453406044,0.7854724352383003,Tier3,"flat 50% off, lowest price, cashback, bogo offer",0,1
CUST01091,49,3,2320.0,16482.0,0.1571307443093463,0.2370623678880292,0.4241886016158953,0.0697689829985987,0.5060424153855059,0.433913938726895,0.2352941158868009,Metro,"order history, cotton, restock",4,5
CUST01092,11,12,600.0,5276.0,0.8425092127129928,0.1470933413170697,0.4378871594018505,0.461931306892633,0.1001815337055165,0.4782617653801675,0.5499083033180464,Tier3,"exchange, discount, sale, combo offer",0,1
CUST01093,66,1,3160.0,5563.0,0.4010098171674254,0.3085893907748411,0.3641397484875075,0.3403049990338307,0.2955552524786616,0.2916390796045459,0.5858190607030024,Tier2,"size medium, family pack, try first order",5,2
CUST01094,83,2,1170.0,5353.0,0.6043166197292816,0.3700317991228835,0.4835672964773735,0.3708149226237547,0.1456177808988717,0.7331256131776782,0.4658207822161984,Metro,"new user offer, unboxing, trending now, welcome offer",6,4
CUST01095,65,1,1270.0,1883.0,0.4564681803588499,0.7374457878501832,0.439752681967082,0.1574750593909512,0.4027722586419666,0.6905742269075504,0.2988052588762206,Tier2,"cod available, reviews, fit check",3,4
CUST01096,58,1,1570.0,1026.0,0.4204007835244487,0.3431323709427827,0.7260780106229247,0.177246737993462,0.0966752513836133,0.6550737854214923,0.5330753153539932,Tier2,"sale, unboxing, first order discount",6,4
CUST01097,13,30,570.0,46962.0,0.8316071276523668,0.4191826483551129,0.6516571071260263,0.3015679778217995,0.0467749150521741,0.4736724627410794,0.5659220387949709,Tier2,"cotton, flat 50% off, bogo offer",0,3
CUST01098,31,1,900.0,2008.0,0.5028312596234621,0.7069309232828775,0.0738076259571598,0.5170875166719227,0.4091048573709173,0.724432155939251,0.5112313849475487,Metro,"return policy, wishlist, fit check, delivery time, size guide",3,4
CUST01099,12,13,610.0,9845.0,0.6748341949819604,0.3682006663006134,0.337457585945998,0.3422677825440332,0.3202746315099688,0.7278073257589132,0.6402583392143782,Tier2,"bogo offer, budget, free shipping, coupon, cashback",0,3
CUST01100,43,4,2180.0,14486.0,0.1942446788781781,0.0408168172396921,0.4593357411174297,0.3172142081087142,0.2234500507738562,0.2908537347261021,0.170584740193482,Tier2,"usual size, loyalty points, membership, restock",4,2
CUST01101,9,1,1460.0,1629.0,0.2601971370527907,0.1762009401537261,0.7112553202680978,0.2584719847681825,0.0302726949637196,0.9184327076437891,0.3386448833508548,Metro,"size medium, wedding collection, collab, streetwear",2,0
CUST01102,49,1,1600.0,750.0,0.1733821117052584,0.3007826002268279,0.5835408868751093,0.2530419524647961,0.1634171606600946,0.1680202856158529,0.2862132392658599,Metro,"exchange, loyalty points, size medium, early access",4,5
CUST01103,43,2,4360.0,7384.0,0.1873559450237192,0.2441331649529733,0.3431719608321891,0.3421039972215561,0.3147240419462548,0.2099947454935426,0.1233339879171098,Metro,"exclusive collection, curated, full price",1,5
CUST01104,91,7,3440.0,28200.0,0.2258129665852302,0.5071763702945487,0.8643054273424116,0.0725650917792186,0.0631294808783698,0.4586214541726894,0.3299932966445617,Tier2,"occasion wear, family pack, gifting, kurta set, order tracking",5,2
CUST01105,57,1,930.0,1901.0,0.5795435612084822,0.2486644038105695,0.5457167334759329,0.2401516711191252,0.2141315954049419,0.8586348077640106,0.7650266532728237,Tier3,"insta finds, first order discount, referral code, welcome offer",6,6
CUST01106,55,1,910.0,645.0,0.5189422046034587,0.4620133194846015,0.3914918293507172,0.4088396328767282,0.1996685377725544,0.6623986640488353,0.7149279481964831,Tier2,"referral code, t-shirt, trending",6,4
CUST01107,85,1,3660.0,6926.0,0.369702473223933,0.4307842179278907,0.3551883633279504,0.4305803248033695,0.21423131186868,0.2862979189126509,0.4648031212309396,Metro,"family pack, ethnic wear, festive, order tracking",5,5
CUST01108,8,15,1240.0,45447.0,0.518569596176746,0.2148548935905196,0.5351123789025841,0.1391233737095694,0.3257642473878464,0.7941513068949241,0.3350458273425445,Tier2,"restock alert, collab, trending now, drop alert, exchange",2,0
CUST01109,39,1,960.0,2449.0,0.4669170126507838,0.6467023997316689,0.5754806999927465,0.2985008430376627,0.1260184569695907,0.5975319378400797,0.5266363535353465,Metro,"size chart, reviews, hype",3,4
CUST01110,14,11,860.0,21230.0,0.6276477001838836,0.306453368208497,0.4553222847926467,0.5237910197063987,0.0208866955009545,0.5316747455390916,0.5400250682905459,Tier2,"flat 50% off, clearance, budget, usual size",0,3
CUST01111,54,1,1270.0,1329.0,0.4671335773498843,0.7257780242920828,0.3050065479496386,0.4022946191992322,0.292698832851129,0.6680694074508232,0.5125117969562456,Metro,"compare, my orders, kurta",3,4
CUST01112,12,6,1360.0,12527.0,0.3359681736446278,0.3121059718155218,0.3830891427713712,0.51398918836792,0.1029216688607088,0.721537011091944,0.3604153710326882,Metro,"order tracking, cashback, sneaker match, drop alert",2,0
CUST01113,42,8,1630.0,17869.0,0.4193760446848804,0.1275994098364545,0.4533838126396581,0.2945274319156075,0.2520887554447342,0.3346595573223285,0.3334638074244085,Metro,"early access, repeat order, usual size, jeans, my orders",4,5
CUST01114,55,1,1120.0,1354.0,0.4003370649350974,0.8415725415583685,0.2242964576579777,0.4283019055022176,0.3474016368398046,0.6401438645428957,0.5338682603642066,Tier2,"cotton, free shipping, compare, still deciding, size chart",3,4
CUST01115,74,1,6000.0,5457.0,0.0152178801361957,0.297189012442243,0.0530795513508889,0.7500496855509414,0.1968707630981696,0.1084813423307324,0.1714317592666823,Metro,"premium, made to order, designer drop, jeans, limited edition",1,5
CUST01116,15,3,590.0,4020.0,0.8512456915008817,0.0987887773554566,0.6577474093434063,0.1670622123240801,0.1751903783325135,0.6756623134230505,0.7914846985755628,Tier2,"sale, budget, clearance",0,3
CUST01117,44,1,950.0,1210.0,0.3420982271999866,0.6552473217275293,0.5696244643922472,0.3207565161879649,0.1096190194197878,0.592535562048621,0.5639859490202899,Tier2,"size guide, cod available, cotton",3,4
CUST01118,62,1,980.0,1164.0,0.4899699086713557,0.2625665752805801,0.1022437533253047,0.3507692568441902,0.5469869898305051,0.6917815468459577,0.5862623753343077,Tier3,"reels, welcome offer, trending, cotton",6,6
CUST01119,43,4,1200.0,7867.0,0.8451733473874915,0.4502414603878454,0.6984526960537286,0.1056688800776821,0.1958784238685892,0.6955223921094822,0.7249727928845306,Tier2,"reels, size medium, influencer recommended, trending, t-shirt",6,3
CUST01120,56,1,1220.0,1554.0,0.4052648710670443,0.6627535955441254,0.2708325584620223,0.3157335005995582,0.4134339409384194,0.6439792219484474,0.3304946009295374,Metro,"discount, fit check, sale, cashback, delivery time",3,4
CUST01121,81,2,2640.0,9153.0,0.2512316425031348,0.3617602427329655,0.4414453475576999,0.3735539307025871,0.1850007217397129,0.4120045331063133,0.5443858704813307,Tier2,"wedding collection, capsule collection, free shipping",5,2
CUST01122,52,1,1120.0,1253.0,0.39914540986678,0.7163655573786049,0.3256351722094106,0.4376658059770299,0.2366990218135594,0.4999371883043156,0.4435243005240698,Metro,"size chart, wishlist, loyalty points, delivery time, reviews",3,4
CUST01123,81,3,1950.0,9445.0,0.2291354132664329,0.8344428144470495,0.1621365454834128,0.5862431080292663,0.2516203464873209,0.616389765563083,0.4518045468074406,Metro,"reviews, cotton, wishlist",3,4
CUST01124,57,1,4330.0,6426.0,0.0711897787337843,0.3967536490193653,0.0548171819227612,0.4250763099957808,0.5201065080814581,0.1560304560960613,0.255644315395403,Tier2,"curated, limited edition, luxury, exclusive collection",1,2
CUST01125,29,12,950.0,16765.0,0.5239552038502074,0.7613475015678035,0.5195762187869499,0.1686296318374629,0.3117941493755872,0.5491334100050446,0.344608657341644,Metro,"size chart, new drop, still deciding",3,4
CUST01126,37,6,3930.0,23373.0,0.0434925055896596,0.0802511252272644,0.0415668921397083,0.5668954874375021,0.3915376204227896,0.2490827021678642,0.2942510908751488,Metro,"premium fabric, made to order, exclusive collection, capsule collection, free shipping",1,5
CUST01127,12,8,620.0,13445.0,0.8054737576953833,0.2665189572799269,0.5173801421952675,0.2325153417890142,0.2501045160157182,0.7190344756580402,0.6262906689530727,Tier3,"wedding collection, occasion wear, cashback, flat 50% off",0,1
CUST01128,49,11,3570.0,64086.0,0.0223896095120104,0.1038875721118628,0.2651469946418398,0.3356612669075175,0.3991917384506427,0.1423466183650099,0.0957001714540943,Metro,"luxury, free shipping, exclusive collection",1,5
CUST01129,75,1,1580.0,2136.0,0.2740749073325438,0.6839665778213108,0.2041934872259442,0.5597471855333745,0.2360593272406812,0.620634111770374,0.4034758523087056,Tier2,"size guide, limited edition, free shipping, made to order",3,4
CUST01130,65,3,2490.0,5547.0,0.2336239395360623,0.5113863839092597,0.3706572410473953,0.372359689981352,0.2569830689712526,0.4086809438705792,0.3334453327133298,Tier2,"occasion wear, order tracking, saree, size medium",5,2
CUST01131,11,3,1410.0,6380.0,0.3887635577440624,0.3613727804402718,0.5861034751771282,0.1676060787448033,0.2462904460780684,0.7746952661071771,0.3498678839587025,Tier2,"new drop, collab, free shipping, trending now, oversized fit",2,0
CUST01132,11,1,1500.0,881.0,0.2359480079998506,0.4385923717849978,0.7387762737418092,0.1801343349499122,0.0810893913082786,0.8043083118802052,0.5333289950183965,Metro,"hype, limited stock, trending now",2,0
CUST01133,45,3,1020.0,2862.0,0.3248349760410349,0.6147730471533848,0.1711667808695692,0.503467753902404,0.3253654652280269,0.4572642996034815,0.2726731610754015,Tier3,"size guide, fit check, kurta",3,6
CUST01134,51,1,1110.0,623.0,0.4537359601455287,0.7913694889816368,0.3409192929338151,0.5583755562419017,0.1007051508242832,0.6012995967441676,0.3941182270456785,Tier2,"delivery time, wishlist, still deciding, return policy",3,4
CUST01135,73,2,2800.0,8342.0,0.3943703691810576,0.3677754656526605,0.1307755615190831,0.5850054149317908,0.2842190235491259,0.5419946573301838,0.2766660156008953,Metro,"ethnic wear, occasion wear, diwali sale, cotton",5,5
CUST01136,86,3,3350.0,15804.0,0.4453239649426241,0.4493625736120676,0.4490016441820173,0.5151102043339549,0.0358881514840276,0.348259053804779,0.4997470645005163,Tier2,"kurta set, limited edition, occasion wear",5,2
CUST01137,51,1,1490.0,842.0,0.2989820586958824,0.8280989554190974,0.3503376894657253,0.4052600994679718,0.2444022110663028,0.4796245621383956,0.406690377300595,Tier3,"restock alert, t-shirt, size chart, return policy, delivery time",3,6
CUST01138,14,11,640.0,12836.0,0.6685230631205664,0.197177239475417,0.5924005830674817,0.3120524745623422,0.0955469423701761,0.3879221535892315,0.7051673769648195,Tier3,"kurta, clearance, bogo offer",0,1
CUST01139,50,4,4360.0,31639.0,0.1400769564021288,0.2581784029206329,0.0663774517497379,0.4583508957810336,0.4752716524692284,0.2397794502912586,0.1279379919425008,Metro,"limited edition, curated, luxury, t-shirt",1,5
CUST01140,9,6,1570.0,15790.0,0.194826393577734,0.2162027958053746,0.5933332302607396,0.352775169240509,0.0538916004987514,0.8095747756806257,0.3415569452621902,Tier2,"limited stock, order tracking, hype",2,0
CUST01141,16,11,580.0,12441.0,0.8303767994990033,0.2225260428724034,0.4454602428936632,0.2923725079582263,0.2621672491481104,0.4465598550968545,0.7731981008710336,Tier3,"sale, bogo offer, discount, free shipping, flat 50% off",0,1
CUST01142,16,2,720.0,2848.0,0.717801749721969,0.2857781803641254,0.9088047820198024,0.0477848895151045,0.0434103284650928,0.479989679792189,0.738109069770314,Tier3,"order tracking, exchange, clearance, discount, lowest price",0,1
CUST01143,39,1,920.0,2467.0,0.7061759907308557,0.2835137450526255,0.6279423418552945,0.111728277899039,0.2603293802456664,0.6051035459319273,0.6576397492699273,Tier2,"first order discount, welcome offer, delivery time, fit check",6,3
CUST01144,49,1,1640.0,3474.0,0.2392286972230357,0.0745016894205168,0.5896138028965885,0.1447718391670686,0.2656143579363428,0.1620593530699052,0.1333230160501446,Tier2,"early access, favorite brand, kurta, loyalty points",4,2
CUST01145,17,8,660.0,9886.0,0.6364557736713073,0.3235752611961223,0.7197852270064754,0.0712861689591979,0.2089286040343265,0.5104849207128951,0.6447108745634359,Tier2,"discount, sale, exchange, t-shirt, budget",0,3
CUST01146,9,4,1700.0,10138.0,0.4067514346352363,0.4610748183580359,0.9717266726849462,0.0265173727992783,0.0017559545157754,0.8537114812739858,0.4552820516184171,Tier3,"drop alert, cotton, restock alert",2,0
CUST01147,33,10,2070.0,22392.0,0.3450321888443289,0.1770763668860426,0.6578972894076095,0.1688311728618971,0.1732715377304934,0.3633835814915042,0.1941209385414431,Tier2,"order history, new user offer, my orders",4,2
CUST01148,31,5,2880.0,20945.0,0.1947215804706075,0.2349476765062011,0.027296922154804,0.6141265974255052,0.3585764804196907,0.46230024547777,0.3025342882932793,Metro,"limited edition, capsule collection, cotton, luxury",1,5
CUST01149,11,7,530.0,2555.0,0.8590132407581065,0.2377375745331389,0.595930408367554,0.0412146144318097,0.3628549772006362,0.4368202638653306,0.8213821110312328,Tier3,"premium fabric, size medium, lowest price, bogo offer",0,1
CUST01150,40,1,790.0,1020.0,0.6108191509181314,0.5680262504026703,0.5798360738884865,0.2741711969989407,0.1459927291125728,0.7106292435284713,0.6908515158647234,Tier2,"try first order, reels, premium fabric, new user offer",6,4
CUST01151,51,4,1470.0,7868.0,0.3237654901823034,0.0629316619778234,0.2616610289898888,0.4904907823451555,0.2478481886649557,0.3137052264075466,0.1792654286812734,Metro,"loyalty points, usual size, my orders, new arrivals",4,5
CUST01152,84,1,2820.0,4217.0,0.2754671675934485,0.3419595159807153,0.717505846689056,0.1310179771302415,0.1514761761807025,0.339917152096409,0.4587162268028075,Tier2,"ethnic wear, occasion wear, family pack, order tracking, kurta set",5,2
CUST01153,61,6,1660.0,7728.0,0.3224276530000977,0.3601383497109999,0.3992695718108475,0.0461008335390335,0.5546295946501187,0.2901649526901882,0.2907151097235976,Tier2,"order history, early access, my orders, membership",4,2
CUST01154,10,3,1490.0,8462.0,0.4207488437175039,0.3562216969823374,0.603813922909039,0.3876047398197176,0.0085813372712432,0.8516563588357484,0.1358854094871729,Tier2,"kurta, trending now, oversized fit, drop alert, free shipping",2,0
CUST01155,69,1,820.0,696.0,0.6670293923979176,0.3141828141056612,0.3338864234722384,0.4876791805132003,0.1784343960145612,0.5929863930490084,0.7414496026287138,Tier2,"new user offer, first order discount, kurta, kurta set, t-shirt",6,4
CUST01156,44,5,1670.0,9397.0,0.3012368302158154,0.1569340209505418,0.4153329035932199,0.2251587808187993,0.3595083155879809,0.4363382313069381,0.213935969077168,Metro,"my orders, early access, family pack",4,5
CUST01157,58,3,1370.0,6645.0,0.4793981871926811,0.5342633166769817,0.3203978583491311,0.3631156075766542,0.3164865340742146,0.7485181170067856,0.7099189301405332,Tier2,"trending, cotton, try first order, premium",6,4
CUST01158,37,2,4720.0,8217.0,0.0550517195835378,0.1723994886977945,0.1862984640629239,0.3490581568454923,0.4646433790915836,0.388320774340827,0.2481132638833683,Metro,"early access, limited edition, jeans, premium fabric, exclusive collection",1,5
CUST01159,34,1,1040.0,1919.0,0.3998154294894464,0.4822412545292372,0.3720614426899263,0.1719651462554685,0.455973411054605,0.7756410625310499,0.6417696327013451,Tier2,"cotton, influencer recommended, insta finds, try first order",6,4
CUST01160,47,3,2470.0,12851.0,0.2684190194265671,0.3419400580526985,0.3079913890248716,0.4532994088471059,0.2387092021280224,0.135600509094442,0.4511899547097632,Metro,"wedding collection, festive, saree, gifting",5,5
CUST01161,15,6,1310.0,8840.0,0.2778067498887929,0.3637925062360816,0.8424940190974554,0.1437263730260554,0.013779607876489,0.6109454050383926,0.2530368897312572,Metro,"oversized fit, jeans, sneaker match",2,0
CUST01162,9,8,1270.0,6611.0,0.5058295360998946,0.3680190251866328,0.5827659461887142,0.1501053440128118,0.2671287097984739,0.8249089161047028,0.3709364489790495,Metro,"coupon, limited stock, trending now, collab",2,0
CUST01163,40,4,1960.0,10748.0,0.3557075686546789,0.3719826418856047,0.1268311512210296,0.3846801438413593,0.4884887049376112,0.4803370691170078,0.5756929604019577,Metro,"gifting, saree, ethnic wear, festive, kurta",5,5
CUST01164,11,8,750.0,6797.0,0.8540718893636343,0.3264809849864756,0.6408943012724839,0.3476143899005231,0.0114913088269929,0.4501370442607623,0.613472992681608,Tier3,"exchange, free shipping, budget",0,1
CUST01165,53,1,1440.0,2284.0,0.2478473583946828,0.7315657508643877,0.5337744309806466,0.2040532779165328,0.2621722911028204,0.5618583781673497,0.4312621785271964,Metro,"size guide, size chart, fit check, wishlist, cod available",3,4
CUST01166,47,1,1730.0,2956.0,0.3471883995443512,0.1751153052814261,0.5334721642352651,0.4500207289060037,0.016507106858731,0.4718741485442452,0.2064490839719681,Tier2,"clearance, usual size, loyalty points, bogo offer, my orders",4,2
CUST01167,21,2,620.0,564.0,0.5879648321112031,0.4640784854775059,0.6110938361468986,0.2080611609922185,0.1808450028608829,0.7597985789445958,0.6725437645730562,Tier2,"combo offer, flat 50% off, lowest price",0,3
CUST01168,54,4,1630.0,12741.0,0.2554003004990168,0.1232317030450914,0.5198570621670056,0.4015586583152651,0.0785842795177294,0.3041778392917476,0.1389823929464251,Tier2,"early access, my orders, reels",4,2
CUST01169,24,5,660.0,4938.0,0.7773907496469531,0.3629675082740662,0.623804267977954,0.2513307710029308,0.1248649610191152,0.5850256983220582,0.5095491547772795,Tier3,"coupon, cashback, clearance, discount",0,1
CUST01170,21,7,750.0,2222.0,0.7745126410158638,0.448530809320249,0.7565883630469953,0.1589713587918,0.0844402781612046,0.3289116777251741,0.7535173744982389,Tier3,"clearance, flat 50% off, bogo offer, budget",0,1
CUST01171,64,2,2330.0,9065.0,0.1372303277661851,0.2573008119850112,0.5331083212471608,0.3319372245694675,0.1349544541833715,0.2731284305178646,0.0883529340904432,Tier2,"order history, favorite brand, usual size, free shipping",4,2
CUST01172,83,1,3420.0,7116.0,0.2062090142804874,0.4182718364376077,0.3218052046163947,0.4097493587044764,0.2684454366791288,0.4108273536427841,0.6137376059600456,Tier3,"family pack, diwali sale, saree",5,6
CUST01173,52,1,5120.0,6109.0,0.3000373261337748,0.2469500496177776,0.0829396577996222,0.7093609746890394,0.2076993675113383,0.1237772724746273,0.0799423911772311,Tier2,"capsule collection, premium, lowest price",1,2
CUST01174,46,1,910.0,1831.0,0.6458050987485879,0.3858462556498482,0.6196538233976742,0.2601522976526857,0.1201938789496401,0.8483235259142923,0.7691585593032149,Metro,"referral code, reels, influencer recommended, size medium, try first order",6,4
CUST01175,8,3,1390.0,11140.0,0.4075274604032598,0.0728698335179853,0.6653043064017398,0.3298994529802773,0.0047962406179829,0.8839560990311561,0.477620266551379,Tier2,"sneaker match, new drop, exchange, drop alert",2,0
CUST01176,18,8,580.0,6432.0,0.8037717997038744,0.3012478790181986,0.7005431370166646,0.1973424279521101,0.1021144350312253,0.3603006090486502,0.53970720812683,Tier3,"budget, bogo offer, clearance, discount, coupon",0,1
CUST01177,70,1,1870.0,3015.0,0.2106351627700323,0.0844632448323828,0.6245913595665216,0.1240955431615218,0.2513130972719568,0.0885518209027813,0.2225204472311234,Tier2,"my orders, fit check, membership",4,2
CUST01178,17,9,510.0,5745.0,0.856435739553473,0.2772879506258175,0.555855717829863,0.1958080650840643,0.2483362170860726,0.6653264534848073,0.5424535287484358,Tier2,"return policy, reviews, lowest price",0,3
CUST01179,36,1,2190.0,2147.0,0.1217249117062201,0.2007102037492444,0.3251487772044267,0.3681599671087404,0.3066912556868328,0.3294101410941857,0.2647281889521828,Tier3,"restock, loyalty points, my orders, order history",4,6
CUST01180,38,2,1260.0,2454.0,0.5678571164596273,0.3931023879109899,0.4210689220846663,0.2876374795489299,0.2912935983664036,0.6842380106693691,0.6984149814620555,Tier2,"occasion wear, influencer recommended, exchange, referral code, trending",6,4
CUST01181,71,1,1690.0,3305.0,0.3536588855024299,0.8301673916891913,0.3515140084734741,0.533224826164686,0.1152611653618398,0.5487672708944633,0.3634365375090047,Tier2,"size chart, reviews, return policy, drop alert",3,4
CUST01182,40,2,1590.0,6565.0,0.2493666588111514,0.2531309879700854,0.7490320635642861,0.2234739282597541,0.0274940081759599,0.4617743633842177,0.256759968319128,Metro,"order history, usual size, favorite brand, influencer recommended, restock",4,0
CUST01183,61,2,1180.0,6276.0,0.4693021777752401,0.4192952243468413,0.5055463770824878,0.3290171781877806,0.1654364447297315,0.6273696150034367,0.4857083339295549,Tier2,"designer drop, try first order, insta finds",6,4
CUST01184,15,8,1570.0,16092.0,0.3421642820936433,0.4983173583383162,0.8062058783482354,0.0685676737050129,0.1252264479467516,0.7355575011061162,0.4706978551673799,Tier2,"kurta, cotton, streetwear",2,0
CUST01185,12,20,480.0,9374.0,0.8483838392797911,0.371252728215714,0.8548198559603098,0.0836545768091768,0.0615255672305134,0.796866895364525,0.6570213416405907,Tier3,"flat 50% off, discount, budget",0,1
CUST01186,70,1,1460.0,3306.0,0.3120056475778556,0.8518540040649542,0.3862463471655655,0.2092077068984046,0.4045459459360299,0.4265818183676474,0.2529284314889121,Tier3,"reviews, kurta set, compare, size guide, return policy",3,6
CUST01187,40,2,1600.0,4428.0,0.418470416375215,0.1020262989821548,0.6712427343977357,0.2698622096874167,0.0588950559148475,0.3465447606221585,0.2408518925551045,Tier3,"membership, restock, early access, size medium",4,6
CUST01188,44,4,2080.0,13744.0,0.1968487460263263,0.1633038434883788,0.4596832235294318,0.5144891221037063,0.0258276543668618,0.2532590431851882,0.1472326245454266,Tier3,"new arrivals, my orders, reels, favorite brand, repeat order",4,6
CUST01189,10,7,490.0,4091.0,0.8867274452900127,0.3715949043206792,0.8293829550649932,0.1000119293085337,0.070605115626473,0.5115944336094245,0.4769358049118665,Metro,"cashback, lowest price, exchange, combo offer, size medium",0,3
CUST01190,40,1,1560.0,2093.0,0.3738166521273664,0.1828220629213542,0.3809692950108535,0.2813442110859569,0.3376864939031896,0.4118279837239709,0.0615620482884128,Tier2,"t-shirt, favorite brand, membership",4,2
CUST01191,58,2,1290.0,4558.0,0.3606861593778107,0.7633959880569925,0.5551131108291703,0.3317941844137534,0.1130927047570763,0.489949099963568,0.3072019092980391,Tier2,"return policy, cod available, capsule collection, still deciding",3,4
CUST01192,72,5,2860.0,26902.0,0.50622334389279,0.2837198165498432,0.1098302701534526,0.713073421693045,0.1770963081535024,0.4637860095442647,0.5105995268068895,Metro,"family pack, ethnic wear, t-shirt, welcome offer",5,5
CUST01193,35,2,1570.0,1670.0,0.2154665834049449,0.0918885680116354,0.5460910742694699,0.3485555856569075,0.1053533400736223,0.2587348263185232,0.0942937016019166,Tier2,"favorite brand, usual size, early access",4,2
CUST01194,10,9,1600.0,17777.0,0.3761709898996512,0.2017865754178105,0.9316112372166871,0.0319460042461135,0.0364427585371991,0.7307290669591878,0.3085853617241086,Tier2,"limited stock, sneaker match, cotton",2,0
CUST01195,12,9,620.0,11519.0,0.8549109308635241,0.3017871154811716,0.4907632237322794,0.4814858466476163,0.0277509296201042,0.6145284814938051,0.6488257893909808,Tier2,"coupon, clearance, order tracking, combo offer",0,3
CUST01196,28,8,920.0,16115.0,0.6963959791296944,0.2479850575693584,0.6336875984047124,0.1914165351005807,0.1748958664947067,0.1925454343135629,0.6990280051349375,Tier2,"sale, order tracking, flat 50% off",0,3
CUST01197,44,4,2260.0,9269.0,0.2043256163212801,0.1617525422461626,0.5907215534965286,0.2541704696288422,0.1551079768746291,0.3350304950595488,0.2343025165375953,Tier2,"repeat order, loyalty points, order history, usual size",4,2
CUST01198,57,8,2250.0,32422.0,0.1077454366417866,0.1872296602988235,0.4836756961634346,0.4179567965751459,0.0983675072614195,0.434454964256744,0.0603204652232377,Metro,"designer drop, early access, luxury, loyalty points",4,5
CUST01199,16,17,650.0,13559.0,0.7825633786721983,0.4428288038093886,0.8380597538765601,0.0973729718968411,0.0645672742265986,0.7433660454585214,0.5991867935948365,Tier3,"jeans, coupon, sale, clearance",0,1
CUST01200,71,1,1490.0,1726.0,0.3585054287614019,0.4690896227445706,0.4793117861393994,0.2847652715430113,0.2359229423175891,0.6956532645566154,0.7365692139555012,Tier3,"referral code, unboxing, first order discount, jeans",6,6
CUST01201,52,1,1990.0,2469.0,0.1922103753757482,0.1434037465494836,0.541681041960491,0.2604203614639901,0.197898596575519,0.3890709278646909,0.1575759596544512,Tier3,"membership, cotton, repeat order, loyalty points, kurta",4,6
CUST01202,55,1,1460.0,2150.0,0.6301162145100209,0.6679248493369294,0.3311929061627182,0.206980822432298,0.4618262714049838,0.5475970448575473,0.5298132437617108,Tier2,"trending, first order discount, t-shirt, referral code, try first order",6,4
CUST01203,42,4,4560.0,38966.0,0.0886649281451859,0.1275826437693364,0.3658245051597475,0.4778987037328405,0.1562767911074119,0.1745915116105835,0.0941122986141822,Metro,"premium fabric, curated, kurta, made to order, limited edition",1,5
CUST01204,21,1,770.0,1124.0,0.8510740807258569,0.3997617510538206,0.824320376823631,0.1617630876639985,0.0139165355123706,0.3786980772327102,0.3362130605829645,Tier3,"flat 50% off, budget, lowest price, favorite brand, order history",0,1
CUST01205,13,9,1580.0,7244.0,0.5305268776276145,0.3723280258218348,0.7504056728492831,0.0965069863496931,0.1530873408010238,0.8716156573801305,0.4644967130100047,Tier2,"hype, streetwear, drop alert, oversized fit",2,0
CUST01206,37,1,870.0,553.0,0.6284370691669678,0.3121452444636204,0.2770715980656743,0.2084597098912274,0.5144686920430982,0.8754596976657764,0.6387138199224358,Tier3,"trending, sale, influencer recommended, new user offer, first order discount",6,6
CUST01207,10,4,1680.0,13407.0,0.4530538079652831,0.2779779921457671,0.5355386880642107,0.1500701288714625,0.3143911830643267,0.8113074469609521,0.2682305909890738,Metro,"collab, streetwear, sneaker match, try first order",2,0
CUST01208,12,16,1300.0,15907.0,0.3866807091047316,0.2098635893704167,0.5025336580783788,0.3462620963374391,0.1512042455841819,0.8424979207325879,0.3946264596994759,Tier3,"trending now, size medium, streetwear, membership, restock alert",2,1
CUST01209,67,3,2670.0,5349.0,0.2869714804883577,0.2823777642135709,0.3598610076692039,0.3562225012894393,0.2839164910413567,0.5294095902936726,0.5332748300728403,Tier3,"sherwani, saree, festive, gifting, size medium",5,6
CUST01210,10,9,490.0,3931.0,0.8486140926733168,0.1842599174796587,0.6192848054000378,0.12149169898111,0.2592234956188521,0.6028954678284154,0.6276061395803242,Tier3,"budget, coupon, sale, size medium, combo offer",0,1
CUST01211,60,3,3350.0,23689.0,0.334005636062151,0.267095485395308,0.1816679231366685,0.380836125993176,0.4374959508701555,0.518253906364054,0.3161941179204956,Metro,"festive, cotton, saree, diwali sale",5,5
CUST01212,57,1,1930.0,4652.0,0.2473855341608033,0.1910813801348339,0.2202818719513416,0.7268538962177808,0.0528642318308774,0.1715606237216468,0.0790470259114599,Tier2,"order history, early access, sneaker match, loyalty points, repeat order",4,2
CUST01213,37,1,1510.0,2774.0,0.3718023580963507,0.2618654786640329,0.3388219403440581,0.3819162764083854,0.2792617832475564,0.3304125515880073,0.1180652300868026,Metro,"order history, my orders, usual size",4,5
CUST01214,18,6,530.0,2377.0,0.7705696147306377,0.3281768767918471,0.6634789969083893,0.2523545452910817,0.084166457800529,0.5178295447820467,0.7322163376105608,Tier3,"flat 50% off, clearance, capsule collection",0,1
CUST01215,16,11,1610.0,19699.0,0.3850465504304295,0.296616196175706,0.7351780883971584,0.1093176950492183,0.1555042165536232,0.7235236421653077,0.2720277480532729,Metro,"new drop, trending now, streetwear, favorite brand, limited stock",2,0
CUST01216,22,9,790.0,5627.0,0.7287109425558185,0.3391277040692931,0.8495123966462701,0.1282040249317076,0.0222835784220221,0.6456102895496347,0.5688054421701987,Tier2,"discount, lowest price, welcome offer, flat 50% off",0,3
CUST01217,47,1,870.0,1286.0,0.520027305155106,0.4946099416572659,0.591042803495514,0.3097714279060529,0.099185768598433,0.6929616656576374,0.617442825773771,Metro,"try first order, t-shirt, welcome offer, trending",6,4
CUST01218,14,1,1590.0,1043.0,0.1790690238897318,0.4812354981080965,0.9157497984506572,0.0775133832948191,0.0067368182545237,0.6754116316536091,0.1803830220429706,Metro,"new drop, restock alert, trending now",2,0
CUST01219,8,30,1300.0,64743.0,0.4516827871614143,0.3779107713685736,0.5628146381945104,0.2649209977445514,0.1722643640609381,0.945985557452594,0.1936098109983773,Metro,"new drop, limited stock, drop alert",2,0
CUST01220,19,5,570.0,2709.0,0.7097473019676062,0.3201099110015444,0.8175217260388482,0.1117673965231482,0.0707108774380036,0.5733815564514972,0.6800008167811343,Tier2,"sale, combo offer, collab",0,3
CUST01221,8,5,1240.0,4762.0,0.4208307337746187,0.2862328503413786,0.6496619025737849,0.2679339453157818,0.0824041521104332,0.66069353903405,0.4311088882854298,Tier2,"sneaker match, hype, trending now, collab",2,0
CUST01222,42,1,1000.0,1437.0,0.7719234766920363,0.4472739416759899,0.6086060469587857,0.1786281787674775,0.2127657742737368,0.7160061752097829,0.7186659368282146,Tier3,"influencer recommended, try first order, trending, unboxing",6,1
CUST01223,40,5,1740.0,10222.0,0.4118363278418824,0.0998899441628147,0.3509768738698919,0.5653335268648918,0.0836895992652161,0.3765998636726743,0.2703479946067814,Tier2,"repeat order, my orders, loyalty points, new arrivals, usual size",4,2
CUST01224,11,10,2050.0,42692.0,0.186388284694865,0.1648384055084628,0.7249589476308597,0.110168641547368,0.1648724108217722,0.8923403150725677,0.1515713729039234,Tier2,"free shipping, exchange, sneaker match, coupon, budget",2,0
CUST01225,55,1,1160.0,720.0,0.3928777090787887,0.66376005300072,0.4013761297495002,0.2737231834477568,0.3249006868027429,0.5420488866195562,0.2611217144929016,Metro,"order tracking, size guide, reviews, jeans",3,4
CUST01226,88,1,1350.0,501.0,0.474406341445183,0.5257880820283638,0.2132092904490166,0.2718812464329806,0.5149094631180028,0.7431534157606149,0.2178708336574966,Tier3,"exchange, unboxing, insta finds, new arrivals, welcome offer",6,6
CUST01227,7,10,1260.0,17707.0,0.4483686513194213,0.1563385571726701,0.7957260484615042,0.1310446542468359,0.0732292972916597,0.725901461554901,0.3278888910875612,Tier3,"trending now, limited stock, oversized fit, sneaker match",2,0
CUST01228,74,1,1360.0,2758.0,0.5694223283574281,0.5045368281489199,0.8123521769904576,0.1454662991334321,0.0421815238761103,0.8457407567737464,0.7157330430419786,Metro,"order tracking, insta finds, unboxing, trending",6,4
CUST01229,13,2,1820.0,5133.0,0.2972437886753375,0.3557421012975584,0.836319559021094,0.1048058912821475,0.0588745496967584,0.913421860218176,0.2264487217808119,Metro,"limited edition, oversized fit, streetwear, drop alert",2,0
CUST01230,14,4,600.0,2554.0,0.7426891756234446,0.3021873154734912,0.8725004323509299,0.1227232571825589,0.0047763104665109,0.523572988490077,0.6781769125701316,Tier2,"cashback, flat 50% off, jeans, discount",0,3
CUST01231,22,3,930.0,2829.0,0.7337280805241184,0.4469619554340358,0.4569592440791362,0.4382344043351017,0.1048063515857621,0.4086784190555117,0.5798399240721949,Metro,"jeans, sneaker match, trending now",0,4
CUST01232,46,3,940.0,1618.0,0.6452584546470488,0.3449442629948154,0.3878099166564707,0.3291289926031754,0.2830610907403537,0.9155832981918128,0.6780147512101543,Tier2,"trending, restock, order history, new arrivals, my orders",6,4
CUST01233,32,3,4000.0,22510.0,0.0335058041058812,0.1190317197989487,0.3227483423298806,0.4961492067380739,0.1811024509320453,0.1922700248709899,0.0662693936146345,Metro,"capsule collection, made to order, trending now, full price",1,5
CUST01234,102,1,1410.0,1122.0,0.2755128941367257,0.8457968486580238,0.619673645198318,0.3341870129638178,0.0461393418378641,0.4943695085523426,0.2856748241244771,Tier2,"delivery time, order tracking, free shipping, new user offer",3,4
CUST01235,15,2,530.0,721.0,0.7642669820017297,0.280186274357553,0.8210870680398783,0.1147964971080453,0.0641164348520762,0.5956378211973139,0.7247344843852765,Tier3,"discount, clearance, cotton",0,1
CUST01236,9,30,500.0,14081.0,0.8438694439275408,0.3850447965444938,0.6667607650942762,0.2927059124839477,0.0405333224217761,0.7168720113243868,0.7391490769161717,Tier3,"bogo offer, coupon, clearance",0,1
CUST01237,61,1,2160.0,1457.0,0.1591600635729827,0.1115111416356338,0.5781229860244295,0.187715038570965,0.2341619754046055,0.3189833886407268,0.3415016024799782,Metro,"size medium, early access, restock, new arrivals, usual size",4,5
CUST01238,74,1,2230.0,2734.0,0.1646977608169552,0.1984854209918822,0.6313796775626322,0.2564014209494021,0.1122189014879655,0.3466111996998636,0.1498049971248769,Metro,"my orders, early access, membership, wedding collection, loyalty points",4,5
CUST01239,65,2,2460.0,9934.0,0.4306200405349229,0.4261777771359097,0.5090074414771784,0.3602382400427475,0.130754318480074,0.382795309014476,0.566787374863559,Metro,"size chart, family pack, sherwani, saree, festive",5,4
CUST01240,9,5,1090.0,9336.0,0.4330581678210053,0.1096819496631375,0.4020140913262682,0.3468354120149557,0.251150496658776,0.8047396233624504,0.3038914133533689,Tier3,"trending now, collab, new drop, drop alert",2,6
CUST01241,45,5,1810.0,5075.0,0.173757984582053,0.0835862837869431,0.2567662636010335,0.3378094967872615,0.405424239611705,0.2716667073585806,0.2011308236792859,Tier3,"exclusive collection, favorite brand, usual size, exchange",4,6
CUST01242,46,1,1200.0,2716.0,0.5677145025328243,0.3203095111297802,0.4858397227845834,0.4084657633786345,0.1056945138367822,0.6996061481372547,0.5447955426472841,Tier2,"trending, reels, referral code, cotton",6,4
CUST01243,30,4,1230.0,2658.0,0.27655505240686,0.1320121422215714,0.34348137376102,0.3099479306462678,0.3465706955927121,0.5166337741476212,0.2975720726963801,Tier2,"early access, order history, loyalty points",4,2
CUST01244,64,3,2890.0,8149.0,0.3011641681147709,0.3993573565405561,0.378028933706715,0.3085489184837685,0.3134221478095165,0.3961102830997973,0.5728248377727053,Tier2,"saree, gifting, ethnic wear",5,2
CUST01245,45,4,1940.0,19640.0,0.1364914846915436,0.0468447447100553,0.3920670256792696,0.2559744304440302,0.3519585438767001,0.2435807675496983,0.2011739656744127,Metro,"order history, influencer recommended, early access, favorite brand, cotton",4,5
CUST01246,14,8,590.0,5355.0,0.8388317945904382,0.3605213570869426,0.5772214342808478,0.2014337296352266,0.2213448360839256,0.5916345399320528,0.5977307445615498,Metro,"budget, coupon, sale, bogo offer",0,3
CUST01247,48,2,1780.0,3710.0,0.2723006648788511,0.1117777925563991,0.5790529599688219,0.0924460864051842,0.3285009536259939,0.324217338504139,0.3842457085172793,Tier3,"trending, loyalty points, new arrivals, order history, favorite brand",4,6
CUST01248,57,4,3080.0,11653.0,0.4828699450912285,0.2255680771768433,0.3600996962445119,0.4577168549267357,0.1821834488287524,0.5759000362385067,0.4625994244613791,Tier2,"sherwani, kurta set, exchange, sale",5,2
CUST01249,5,3,1150.0,2844.0,0.4311496305847006,0.4169323586266786,0.7493795027103137,0.1476168697891194,0.1030036275005667,0.7987969769707314,0.5173893498137915,Metro,"new drop, restock alert, compare, limited stock",2,0
CUST01250,19,1,670.0,814.0,0.6837325885530698,0.393070319564651,0.7030266884036597,0.2861953458740969,0.0107779657222433,0.4214505971520639,0.6310662413122077,Tier3,"streetwear, sale, flat 50% off, bogo offer, combo offer",0,1
CUST01251,17,15,600.0,18340.0,0.7778068454550602,0.4170517388080735,0.8062926161384374,0.0630225117476096,0.1306848721139529,0.4220459626443506,0.5132751364465357,Tier2,"cashback, budget, coupon",0,3
CUST01252,37,2,1200.0,4411.0,0.4334540856961151,0.7593685948687434,0.468810470436388,0.3498487245545058,0.1813408050091062,0.6450091683988688,0.3442847198943303,Metro,"size chart, delivery time, still deciding, reviews, kurta",3,4
CUST01253,18,6,670.0,4241.0,0.4421769585828382,0.3455952517635153,0.64477443836094,0.2487855658961414,0.1064399957429185,0.5503014029290855,0.6637927643381418,Tier2,"flat 50% off, coupon, bogo offer, budget, cotton",0,3
CUST01254,33,1,3940.0,6868.0,0.1312935332929537,0.2829773482074479,0.1443465108749962,0.5321205090137182,0.3235329801112855,0.3103657248102104,0.1270083414200405,Metro,"capsule collection, exclusive collection, full price, designer drop",1,5
CUST01255,9,12,520.0,4884.0,0.7096943237139486,0.2131738640690351,0.7749539485561805,0.1032009747158931,0.1218450767279264,0.6161253939718903,0.5269614033891777,Tier2,"lowest price, clearance, cashback",0,3
CUST01256,17,4,540.0,2111.0,0.7760851152579423,0.3952627084307084,0.898587604122911,0.0838851011348933,0.0175272947421954,0.4424882834494973,0.5225043097839037,Tier3,"order tracking, combo offer, clearance, coupon, sale",0,1
CUST01257,18,12,660.0,12049.0,0.8762149249475325,0.3358078401906918,0.5468154422744229,0.29874350911867,0.1544410486069071,0.5526113857368037,0.582123844254761,Tier2,"jeans, cotton, cashback",0,3
CUST01258,56,2,1810.0,8116.0,0.1585776641720011,0.213385144337557,0.551365112989345,0.146756648206611,0.3018782388040441,0.5390768179651534,0.2913146479305781,Tier2,"kurta, loyalty points, new arrivals, order history, favorite brand",4,2
CUST01259,82,1,1080.0,1630.0,0.601277645245299,0.3473622439620604,0.5705497060025124,0.214772115034856,0.2146781789626316,0.7075417850294519,0.6642907074192771,Tier2,"return policy, influencer recommended, reels, new user offer, trending",6,4
CUST01260,19,5,870.0,7725.0,0.7915105647305131,0.4499849180187305,0.5899170717222536,0.2834044356885109,0.1266784925892354,0.4829938992443035,0.5327182992580357,Tier3,"flat 50% off, jeans, clearance, bogo offer, size medium",0,1
CUST01261,11,2,1300.0,4832.0,0.6464397404204859,0.36286594184831,0.4077486436790042,0.296924930780347,0.2953264255406486,0.8880446551515573,0.3417971394238454,Tier3,"new drop, loyalty points, size medium",2,6
CUST01262,15,6,670.0,5627.0,0.914238729134326,0.3810401723953199,0.526297356566131,0.2838918819284241,0.1898107615054449,0.5397056413375355,0.7984245481611439,Tier2,"capsule collection, flat 50% off, premium fabric",0,3
CUST01263,38,4,1110.0,6002.0,0.4693529746684509,0.4998968786949281,0.4017554162367692,0.4707136998902911,0.1275308838729396,0.8578506451793023,0.6173575658222934,Tier3,"unboxing, try first order, new user offer, trending, influencer recommended",6,6
CUST01264,15,14,1930.0,30065.0,0.3125401151753912,0.4020874034603314,0.8717637800659536,0.1116690859771766,0.0165671339568697,0.7624412557241768,0.2424637207645228,Metro,"fit check, drop alert, restock alert, oversized fit, compare",2,0
CUST01265,12,13,440.0,14267.0,0.7401184781231952,0.4741967053853598,0.5462989016159567,0.4179620973342637,0.0357390010497796,0.5399666384237313,0.6329278310989334,Metro,"coupon, influencer recommended, lowest price, try first order, combo offer",0,3
CUST01266,12,8,560.0,8850.0,0.7928095972296251,0.2470467948068041,0.7470618259923117,0.1681034942978585,0.0848346797098298,0.6810721459592469,0.6934896307607864,Metro,"clearance, combo offer, kurta, limited stock, cashback",0,3
CUST01267,50,5,1580.0,10832.0,0.3027949823523751,0.0998009416835152,0.278691910854989,0.4881829526176356,0.2331251365273754,0.2692153420777405,0.0997151025237883,Tier2,"favorite brand, flat 50% off, new arrivals, my orders, kurta",4,2
CUST01268,40,5,1380.0,13014.0,0.1881802863662653,0.2508723279459262,0.5201030539521915,0.3471278025192886,0.1327691435285199,0.4792204864015916,0.3134303908862516,Metro,"referral code, my orders, early access, t-shirt, insta finds",4,5
CUST01269,10,3,1110.0,3289.0,0.3349044526695286,0.2624083638004251,0.6459990166141133,0.337267243247468,0.0167337401384187,0.6360702319817978,0.2416241861239116,Tier2,"jeans, trending now, restock alert, usual size, sneaker match",2,0
CUST01270,65,1,2060.0,2369.0,0.1940593193114335,0.45251477615985,0.2136346002071584,0.6541081234765983,0.1322572763162433,0.2575872677814706,0.5419069471190733,Tier3,"kurta set, size medium, family pack",5,6
CUST01271,71,2,1290.0,3304.0,0.3435071910537324,0.6689963685140059,0.6675328895873573,0.2408195434925381,0.0916475669201045,0.6245237061254258,0.2045070206701209,Tier2,"capsule collection, delivery time, return policy, fit check",3,4
CUST01272,11,6,1610.0,14640.0,0.3798642077367155,0.2942375535075356,0.6288878784769903,0.2225230207393645,0.148589100783645,0.7797287886883898,0.286890539649773,Metro,"new drop, collab, drop alert",2,0
CUST01273,45,1,960.0,1077.0,0.661925819675393,0.3932024119289422,0.6542122794989448,0.2905570759952967,0.0552306445057584,0.7950734526290338,0.474759463330388,Tier3,"referral code, size medium, influencer recommended",6,1
CUST01274,14,3,570.0,2603.0,0.6929534771014406,0.2499770086410656,0.6404307683004152,0.2784472910748647,0.0811219406247199,0.7049665154841711,0.6673163116685689,Tier3,"budget, discount, coupon",0,1
CUST01275,13,3,1340.0,7935.0,0.3843563325613316,0.417503460211536,0.7479764547487319,0.1230262743496901,0.1289972709015781,0.7379245619803199,0.4142741716299032,Tier2,"order history, hype, limited stock",2,0
CUST01276,67,6,2670.0,19905.0,0.2466813184669415,0.0945899248970739,0.5165923493897733,0.2929764649208367,0.1904311856893902,0.2704098592353095,0.0435607286903815,Metro,"loyalty points, size medium, usual size, my orders",4,5
CUST01277,30,5,1600.0,15530.0,0.4309414488122378,0.0915768702799579,0.7597046854515057,0.1576378976692516,0.0826574168792426,0.3985266788855848,0.1025373808437847,Tier2,"kurta, early access, usual size, jeans",4,2
CUST01278,15,8,510.0,3880.0,0.8038265763268096,0.466945177224655,0.2828002017060963,0.0486412906655304,0.6685585076283733,0.3890013996523434,0.8852357995165562,Tier3,"discount, t-shirt, clearance, flat 50% off",0,1
CUST01279,10,6,1120.0,8647.0,0.3974440725284513,0.1851674334358097,0.2936578907867005,0.3126112158855441,0.3937308933277553,0.7997854467659268,0.2268949102724879,Tier2,"collab, trending now, jeans, size medium",2,0
CUST01280,56,4,900.0,4931.0,0.3521178294322032,0.3900352405120728,0.3370079299289232,0.3984683403589619,0.2645237297121149,0.8110325726260144,0.863258512557649,Metro,"reels, insta finds, order tracking, referral code, welcome offer",6,4
CUST01281,43,10,1520.0,31168.0,0.3177295449952391,0.1161603608112262,0.5380951233528926,0.3092590286829204,0.1526458479641871,0.5407684657466001,0.2931815131780181,Metro,"usual size, my orders, repeat order, loyalty points, size medium",4,5
CUST01282,76,3,5120.0,34589.0,0.02368304185045,0.0578207784394915,0.4710202651529657,0.1535035609529908,0.3754761738940434,0.2871397820506625,0.0926016609284298,Tier2,"fit check, made to order, luxury",1,2
CUST01283,46,6,1680.0,5831.0,0.388036552406429,0.3729921695957418,0.4636494334585395,0.3427165422546001,0.1936340242868604,0.522683330845012,0.6396822998368817,Tier2,"occasion wear, sherwani, repeat order, new arrivals",5,2
CUST01284,63,1,1310.0,1434.0,0.3536542600282346,0.6587819755378774,0.0291062874650461,0.7355506227181664,0.2353430898167873,0.5657548453475405,0.4208376518352684,Tier3,"wishlist, return policy, cod available, reviews, delivery time",3,6
CUST01285,19,10,1000.0,23422.0,0.7844335332650367,0.188710534997786,0.4553117103630749,0.1191232807095534,0.4255650089273716,0.6199905576892618,0.6379300526556072,Tier2,"budget, size medium, bogo offer",0,3
CUST01286,50,1,1120.0,1562.0,0.4638864478387906,0.7505476007781418,0.4947990645140974,0.1824692137343043,0.3227317217515982,0.6799962280643904,0.3350515672787129,Tier3,"wishlist, size chart, still deciding, fit check, cod available",3,6
CUST01287,64,1,1280.0,1030.0,0.5150130090826062,0.7197307774767133,0.3485898894619751,0.275992708540349,0.375417401997676,0.3925756555173165,0.2591968679285818,Tier3,"still deciding, size guide, order history, membership, return policy",3,6
CUST01288,41,1,890.0,962.0,0.4732154780805687,0.5162701392083059,0.6683399125458297,0.2551109633558254,0.0765491240983448,0.8127226396036,0.5679627722898105,Metro,"exchange, order tracking, trending",6,4
CUST01289,62,2,5860.0,12339.0,0.0407764372389988,0.2876194322231151,0.0379410742286331,0.4615174096049976,0.5005415161663693,0.2229769560826601,0.0583800910751248,Metro,"luxury, curated, designer drop, sherwani, free shipping",1,5
CUST01290,21,26,560.0,13405.0,0.6661043305484108,0.1699043018315293,0.6222646469201737,0.1625925184113222,0.2151428346685041,0.5042694202190013,0.5579950746990078,Tier2,"order tracking, size medium, bogo offer, clearance",0,3
CUST01291,7,10,1080.0,12936.0,0.4265936107815329,0.3667037059803162,0.5953112862405808,0.260141099239603,0.1445476145198162,0.8877199913323656,0.4516968673583906,Metro,"fit check, size medium, new drop",2,0
CUST01292,12,6,1520.0,12113.0,0.203701915550343,0.3176900114531226,0.8105273226327637,0.1182629366464163,0.07120974072082,0.5367482579933607,0.4634159470958428,Metro,"exchange, limited stock, drop alert, wishlist",2,0
CUST01293,53,1,1190.0,1456.0,0.6469997689547908,0.5828206144683737,0.2630051081027992,0.4804597070260181,0.2565351848711827,0.8214628209807037,0.3467235672991856,Metro,"trending, insta finds, jeans",6,4
CUST01294,16,22,830.0,29527.0,0.6413255535754134,0.38398597835144,0.8893706141145208,0.108315139395576,0.0023142464899032,0.3543362964665176,0.5404949977752482,Tier3,"bogo offer, discount, lowest price, new user offer",0,1
CUST01295,15,6,1370.0,20777.0,0.2656261666677617,0.3359657442890998,0.9323551750346504,0.0621417774454129,0.0055030475199369,0.8660250127664533,0.3647975110202996,Tier3,"sale, trending now, sneaker match, limited stock",2,0
CUST01296,80,2,3330.0,14290.0,0.1982136440380614,0.265010324143127,0.4096252763549279,0.3877401050333169,0.2026346186117551,0.2746494403131409,0.5005752579393975,Tier2,"saree, family pack, wedding collection, kurta, festive",5,2
CUST01297,8,5,1460.0,5106.0,0.1483673632163067,0.1862359533180674,0.6021881237861635,0.3025678809911872,0.0952439952226493,0.8140329017807846,0.2798782897472018,Metro,"oversized fit, drop alert, limited stock, cotton, sneaker match",2,0
CUST01298,13,2,570.0,2982.0,0.930256604810688,0.2198002876996018,0.4532271143589064,0.418794545407754,0.1279783402333395,0.2339376921110408,0.3897506729529056,Metro,"budget, coupon, saree",0,3
CUST01299,94,2,2540.0,10337.0,0.1429233709614553,0.3156183724637828,0.6422629138834828,0.2512455169935872,0.1064915691229298,0.1545527157066107,0.1799976634304488,Tier2,"my orders, wedding collection, loyalty points, restock",4,2
CUST01300,77,5,3480.0,14550.0,0.1682784863984422,0.3237916412489507,0.3500125146697544,0.3705966658878947,0.2793908194423509,0.3281070323710305,0.541048996986934,Tier3,"family pack, sherwani, occasion wear",5,6
CUST01301,87,1,3300.0,6650.0,0.3693913695310866,0.2758302688100852,0.3539220964985812,0.267071616738759,0.3790062867626597,0.4353909037294684,0.4327641467997956,Tier2,"sherwani, ethnic wear, occasion wear, kurta set",5,2
CUST01302,68,3,1450.0,5558.0,0.5846791173728786,0.3645591325633632,0.748886153514118,0.1549053864587462,0.0962084600271359,0.7726820794063216,0.5380227019117306,Tier2,"lowest price, first order discount, new user offer, try first order, discount",6,3
CUST01303,43,1,1740.0,3983.0,0.2980222678201588,0.1389399085031955,0.3918932629616162,0.3265254092001273,0.2815813278382565,0.2722509075830658,0.2163444255676924,Metro,"order history, favorite brand, usual size",4,5
CUST01304,36,10,1720.0,9366.0,0.5327245816993803,0.0780530436681588,0.5024807438025861,0.3818032810976502,0.1157159750997636,0.2783639616928817,0.1441901046203273,Tier2,"repeat order, size chart, usual size, cotton, cod available",4,2
CUST01305,74,5,2250.0,8712.0,0.2463631624518331,0.2730838242778384,0.3679908293229263,0.4836938977786841,0.1483152728983896,0.3577480217598028,0.1011473649807479,Tier3,"loyalty points, restock, new arrivals, favorite brand, cod available",4,6
CUST01306,43,2,4100.0,4672.0,0.0595572435319079,0.3590209841061135,0.3827780962961638,0.4451188240416808,0.1721030796621553,0.1500435731572456,0.0376575617023323,Metro,"luxury, full price, made to order",1,5
CUST01307,14,13,720.0,7786.0,0.7918772457576791,0.338339526819128,0.8774949988345659,0.0236421471298205,0.0988628540356134,0.5795021194736345,0.4348931819438207,Tier3,"bogo offer, discount, clearance",0,1
CUST01308,61,1,2260.0,4856.0,0.323003920891863,0.4288684661781944,0.5000630133209201,0.3380112782273465,0.1619257084517333,0.3899650937678982,0.6929367411339459,Metro,"ethnic wear, wedding collection, family pack, kurta set, wishlist",5,4
CUST01309,46,1,1100.0,2291.0,0.5163951023117743,0.6151593084500068,0.2985910128980236,0.4032928318981601,0.2981161552038162,0.704220327417761,0.6230289349521927,Metro,"first order discount, size medium, trending",6,4
CUST01310,44,3,990.0,2049.0,0.3017637111920603,0.6117307813225167,0.5450925557538159,0.3786364812351213,0.0762709630110629,0.6544279635476401,0.3956332674101378,Tier2,"cod available, compare, delivery time, size chart",3,4
CUST01311,52,2,1240.0,6683.0,0.6621101031459498,0.4140358705532694,0.6074992453454789,0.2936749147119886,0.0988258399425325,0.7750898978149529,0.6858257976599609,Tier2,"order tracking, influencer recommended, limited stock, new user offer",6,3
CUST01312,17,15,730.0,21408.0,0.6483388345459755,0.4202157377503381,0.7670472122659768,0.1307519474612061,0.1022008402728169,0.3602188879461303,0.7020833589174323,Tier3,"lowest price, premium, sale",0,1
CUST01313,35,10,1790.0,32848.0,0.1999574275438938,0.0561134367592478,0.3926711992922804,0.3714939676708716,0.2358348330368478,0.364532973960584,0.1035493891045564,Tier3,"repeat order, discount, loyalty points, favorite brand, clearance",4,6
CUST01314,85,5,3840.0,48394.0,0.1733726997860949,0.449549364559174,0.4494882362707726,0.4331296371986981,0.1173821265305291,0.3956142864734201,0.3956962351891006,Tier3,"gifting, kurta set, influencer recommended, exchange, sherwani",5,6
CUST01315,56,2,1340.0,3052.0,0.3289301142068188,0.5675143868724228,0.3803150560736606,0.3771224040008258,0.2425625399255135,0.6847959842989442,0.1821125094094258,Metro,"exchange, size medium, reviews, size chart, wishlist",3,4
CUST01316,80,2,2800.0,6253.0,0.1722689416033987,0.2574565429969097,0.3134048362557137,0.1498144649560007,0.5367806987882855,0.2545146467629525,0.1225913832706014,Metro,"usual size, t-shirt, new arrivals, jeans",4,5
CUST01317,67,1,1140.0,1019.0,0.5537966890310263,0.7371659224744009,0.5441974160308397,0.2340054163238653,0.2217971676452951,0.6396685516806978,0.51461582250033,Tier2,"unboxing, insta finds, first order discount, jeans, trending",6,4
CUST01318,94,7,2920.0,47731.0,0.3680256519674408,0.2478898476890772,0.2994316783578525,0.6045340649719704,0.0960342566701771,0.4196143429400558,0.3150221315748808,Tier2,"ethnic wear, wedding collection, festive, gifting, streetwear",5,2
CUST01319,40,1,1160.0,2207.0,0.4403672945302589,0.556586687871501,0.5667522395184642,0.3860621294233936,0.0471856310581422,0.817637143241441,0.2763136425562729,Tier2,"trending, first order discount, cotton, referral code",6,4
CUST01320,19,2,840.0,1260.0,0.8219779065215472,0.3628219237858602,0.6931617196385568,0.2576006781293464,0.0492376022320966,0.5414757138684999,0.5531528889543721,Tier2,"bogo offer, coupon, sale",0,3
CUST01321,9,8,1460.0,13945.0,0.373390310309706,0.2445541541640543,0.5767291650329943,0.1992372531733308,0.2240335817936747,0.899353613520074,0.3258745924631849,Tier2,"my orders, sneaker match, limited stock",2,0
CUST01322,50,1,1140.0,1879.0,0.2914769460136536,0.7596809671341964,0.3741094206207677,0.2292163082479479,0.3966742711312842,0.6651039126363056,0.4380058208721279,Tier2,"t-shirt, cod available, fit check",3,4
CUST01323,11,14,600.0,11224.0,0.8477319203891343,0.6191566834702023,0.7531626393383687,0.1656250366960997,0.0812123239655316,0.5221466650779063,0.733720724830442,Tier2,"exchange, lowest price, clearance",0,3
CUST01324,13,3,1550.0,4455.0,0.2404828569748072,0.3413260237623098,0.8280922471454779,0.1583277632788718,0.0135799895756502,0.8821723887104224,0.3702000239641964,Metro,"my orders, restock alert, trending now, exchange",2,0
CUST01325,15,6,1430.0,20577.0,0.3002200358501684,0.2499411947029458,0.5961476468153869,0.291050928245502,0.1128014249391111,0.8913646677478896,0.3663081653882769,Metro,"trending now, streetwear, drop alert",2,0
CUST01326,66,3,1320.0,2243.0,0.4567877841166233,0.649469877077911,0.3902494567948061,0.4621950326909051,0.1475555105142886,0.6654635726162698,0.3958054567598555,Tier3,"repeat order, wishlist, size chart, early access",3,6
CUST01327,53,1,4590.0,6790.0,0.1166397680238269,0.1774428617529066,0.242265249156174,0.4419368652896041,0.3157978855542219,0.0521577848047532,0.1464710702335889,Metro,"luxury, free shipping, capsule collection",1,5
CUST01328,66,4,5320.0,16264.0,0.1878978230494702,0.2628028357030485,0.1553906433695672,0.6013582656972596,0.2432510909331731,0.0804762020654742,0.0763062713766665,Metro,"premium fabric, curated, exclusive collection, limited edition",1,5
CUST01329,38,10,1920.0,40998.0,0.1988792840777664,0.1104167424493543,0.4115140181102134,0.4929427792672017,0.095543202622585,0.5483840983841921,0.4097268693786076,Tier2,"free shipping, restock, favorite brand, early access, order history",4,2
CUST01330,63,7,2380.0,31559.0,0.2057701769258,0.2382313799644856,0.5792523888497283,0.2847257205605918,0.1360218905896797,0.176492123927677,0.2170768611702881,Tier2,"new arrivals, order history, favorite brand",4,2
CUST01331,60,1,5100.0,12286.0,0.2435061847458462,0.3592851735449112,0.0589524109244896,0.5668041335736383,0.374243455501872,0.3308190103376799,0.1028590756132843,Metro,"designer drop, sneaker match, premium fabric, exclusive collection, premium",1,5
CUST01332,41,11,3510.0,39770.0,0.010200964175008,0.1912073455774697,0.2530386347136385,0.6508233241859451,0.0961380411004165,0.3867621611623055,0.1889709056821593,Metro,"premium, made to order, limited edition, full price",1,5
CUST01333,12,1,1540.0,1660.0,0.1771678705301903,0.1356961958428443,0.7711736294508827,0.060161353568295,0.1686650169808223,0.7839558188913014,0.4079434654099355,Metro,"limited stock, t-shirt, trending now",2,0
CUST01334,17,23,690.0,34221.0,0.7715391505485719,0.36365056053961,0.6235845591966211,0.1502558612291263,0.2261595795742525,0.5552353794605992,0.702603358318319,Tier3,"usual size, membership, flat 50% off",0,1
CUST01335,56,5,3330.0,16658.0,0.2113698854895412,0.3017846898820128,0.373588353324154,0.4608165904936984,0.1655950561821476,0.4292142389902115,0.4362733753603051,Tier2,"saree, kurta set, diwali sale, order tracking",5,2
CUST01336,69,1,3490.0,8090.0,0.4056656870343796,0.3187827737773938,0.3980917155990752,0.456465892011513,0.1454423923894118,0.4347510611365663,0.523469773905762,Tier3,"kurta, occasion wear, saree, gifting",5,6
CUST01337,62,1,2300.0,2073.0,0.471010751722735,0.4777937134024378,0.5033416806786146,0.4547927170750411,0.0418656022463442,0.5674619741924808,0.4276654060054551,Tier2,"size chart, festive, family pack",5,4
CUST01338,8,12,1230.0,28370.0,0.3926893934660164,0.2314885452234697,0.7806552241033345,0.1298815704343688,0.0894632054622964,0.8986478110977297,0.2987340895794291,Tier2,"restock alert, exchange, reels",2,0
CUST01339,9,10,1200.0,14768.0,0.4600397403167233,0.3018915398283187,0.6579566860333635,0.2751088469381659,0.0669344670284706,0.7639249807117213,0.424397728672266,Metro,"limited stock, jeans, collab",2,0
CUST01340,15,3,550.0,1453.0,0.7088343635553253,0.4475806360149912,0.8666870006230232,0.0074481807132853,0.1258648186636913,0.4066058866719283,0.5958196777421831,Tier2,"lowest price, budget, bogo offer, size medium, delivery time",0,3
CUST01341,40,13,1160.0,35303.0,0.2789177880391953,0.1248197232739639,0.4571536059061383,0.1359765585786439,0.4068698355152177,0.3391098313333217,0.2554083044225304,Metro,"favorite brand, occasion wear, my orders, t-shirt",4,5
CUST01342,104,2,3450.0,6683.0,0.121238836438674,0.6728916882315158,0.154974000158166,0.5749437504217979,0.2700822494200363,0.6209151334902314,0.4061735678789975,Tier3,"jeans, wedding collection, exchange, favorite brand, ethnic wear",5,6
CUST01343,9,9,500.0,9649.0,0.6978417303587015,0.2549218535504788,0.693368545913857,0.1914245365823021,0.1152069175038408,0.6763219926585567,0.6432031189516277,Tier2,"kurta, combo offer, flat 50% off, budget, coupon",0,3
CUST01344,17,2,730.0,1480.0,0.7933147070951709,0.362694400797559,0.4471529346165328,0.2389812977742974,0.3138657676091697,0.6253373884992283,0.6126568671596981,Tier2,"bogo offer, coupon, clearance, premium, exchange",0,3
CUST01345,83,1,2750.0,5217.0,0.2255169278443389,0.406054879930698,0.0721702686923669,0.5119115403916712,0.4159181909159619,0.5896277710816318,0.4175676356862869,Tier3,"wedding collection, family pack, coupon, gifting",5,6
CUST01346,60,1,2200.0,2817.0,0.2305537691004416,0.3322015300569848,0.3083054437774283,0.5115237250103222,0.1801708312122495,0.3771753488611118,0.5245946991119427,Tier3,"made to order, occasion wear, gifting",5,6
CUST01347,12,5,590.0,5613.0,0.5849051809170647,0.3562676311812536,0.5790270510532702,0.3019000015722684,0.1190729473744613,0.5996443948888476,0.5735857947355749,Tier3,"lowest price, bogo offer, budget, cashback, clearance",0,1
CUST01348,93,5,3310.0,34809.0,0.2068945455173654,0.294168095666164,0.2425545424457005,0.4504888041342909,0.3069566534200085,0.249740253780525,0.3499637617623408,Tier2,"my orders, saree, gifting, kurta set",5,2
CUST01349,47,1,1110.0,1162.0,0.5270074145219925,0.4330183576043446,0.5826924292392529,0.290396994645591,0.126910576115156,0.7478944620575178,0.5191163968079147,Metro,"full price, t-shirt, unboxing, first order discount",6,4
CUST01350,29,10,1340.0,18188.0,0.4374956327510592,0.0508972696898672,0.4136745988338484,0.1010113706690501,0.4853140304971015,0.4082540797590521,0.1480757532348435,Tier3,"loyalty points, new arrivals, repeat order, my orders",4,6
CUST01351,15,3,740.0,5728.0,0.6330062830624203,0.4165529522054239,0.7542556800699487,0.031640045320478,0.2141042746095734,0.6083761760571215,0.779203706776933,Tier2,"sale, free shipping, combo offer, flat 50% off",0,3
CUST01352,71,1,1100.0,1071.0,0.563347038344326,0.3786215456583427,0.4701943560920696,0.2292329378404275,0.3005727060675028,0.5208458178530531,0.5232728255202548,Tier2,"membership, try first order, trending, unboxing",6,4
CUST01353,51,5,2110.0,19157.0,0.1975959303029231,0.0879873779397223,0.5692011972896902,0.1757890822505879,0.2550097204597218,0.3045271355333769,0.269552685201213,Metro,"loyalty points, order tracking, exchange, my orders, usual size",4,5
CUST01354,99,4,2630.0,18264.0,0.1592409192188019,0.1883141841236154,0.6493605674638117,0.1652015870665556,0.1854378454696327,0.3529688287493416,0.0992680030597134,Tier3,"trending now, t-shirt, streetwear, free shipping, my orders",4,6
CUST01355,86,1,3670.0,6325.0,0.2576345120570431,0.4968103863881045,0.6273677410614622,0.3083057770714184,0.0643264818671194,0.2894347660829131,0.4311584474812938,Tier2,"festive, diwali sale, exchange, saree, kurta set",5,2
CUST01356,9,5,1420.0,10750.0,0.1728424728872139,0.2697431755548661,0.8933482624919399,0.0745614137048482,0.0320903238032119,0.7317789747333204,0.1830316578259474,Metro,"sneaker match, bogo offer, trending now, limited stock, restock alert",2,0
CUST01357,14,3,630.0,1867.0,0.8121591432913827,0.2816389379639989,0.5834458517484135,0.4087278617207653,0.0078262865308212,0.5628357404536113,0.7280000028209427,Tier2,"coupon, luxury, lowest price, budget, cashback",0,3
CUST01358,49,1,1090.0,1428.0,0.7427635522075455,0.422815810630281,0.1153571974223892,0.5993991591340929,0.2852436434435178,0.3726329318115087,0.4681022130800528,Metro,"order tracking, referral code, try first order",6,4
CUST01359,12,7,1700.0,15066.0,0.4038680483405306,0.304670408183703,0.9396375140962684,0.04746564105834,0.0128968448453915,0.8966790788873992,0.3588370750031978,Metro,"discount, exchange, oversized fit, drop alert, new drop",2,0
CUST01360,7,11,1190.0,33140.0,0.3586846171822888,0.1222977013134171,0.6131648677483879,0.1370951383846649,0.2497399938669472,0.8432695559081914,0.2935084322906924,Tier2,"cotton, sneaker match, hype",2,0
CUST01361,12,28,580.0,10577.0,0.8559851064195647,0.318124296320127,0.7782451346813887,0.127776590132739,0.0939782751858723,0.6868033103023176,0.7008665371118619,Tier3,"lowest price, combo offer, coupon, flat 50% off, jeans",0,1
CUST01362,12,5,1810.0,19766.0,0.2410521210981847,0.2449738370099089,0.7647506735426262,0.1691689455962373,0.0660803808611365,0.8433883526304414,0.3175273255134965,Metro,"drop alert, hype, kurta, sneaker match, limited stock",2,0
CUST01363,16,4,630.0,2900.0,0.5356172386528026,0.4209464019904372,0.8230983386086685,0.1136447965371624,0.063256864854169,0.5882155036806814,0.6274217416145016,Tier2,"kurta, bogo offer, budget",0,3
CUST01364,74,1,1060.0,2835.0,0.5649338515668539,0.520416124062861,0.2699640055070607,0.6058627878623477,0.1241732066305916,0.7114413898282405,0.4620094269352252,Tier2,"influencer recommended, insta finds, reels",6,4
CUST01365,81,10,2710.0,33377.0,0.2038692810991484,0.3757835895670012,0.1694383096832839,0.5479064820776898,0.2826552082390264,0.5677306440730028,0.2958681429126867,Tier2,"diwali sale, budget, saree, order tracking, family pack",5,2
CUST01366,45,1,1050.0,2073.0,0.2723825549829949,0.8678683236469711,0.1937135869728882,0.420811691823653,0.3854747212034588,0.6298884252773118,0.3465159784970757,Tier2,"wishlist, size guide, still deciding",3,4
CUST01367,55,5,1770.0,19212.0,0.2037376896215024,0.0399379111883327,0.7445049581423747,0.2187284011670501,0.0367666406905751,0.173988080813918,0.3048809594388267,Tier2,"premium fabric, early access, new arrivals, membership",4,2
CUST01368,17,5,1900.0,20198.0,0.34527893705654,0.3924311054594435,0.7394564504604474,0.1784111332515639,0.0821324162879885,0.9202491483589492,0.3228857252122104,Tier2,"limited stock, first order discount, sneaker match",2,0
CUST01369,33,4,1690.0,4111.0,0.3140729323062419,0.27471164699915,0.7689725634067206,0.0873011736928098,0.1437262629004696,0.3918852720112635,0.1550032742098837,Metro,"early access, order history, favorite brand, repeat order, new arrivals",4,0
CUST01370,47,1,1350.0,2541.0,0.389535460151055,0.7281186035241597,0.3202103110521824,0.2449834677836847,0.4348062211641328,0.5361344508786161,0.233123421529026,Metro,"cod available, cotton, reviews, hype",3,4
CUST01371,35,9,2040.0,42825.0,0.1875583538703187,0.0924970738978536,0.2552774882284115,0.0828995220901969,0.6618229896813917,0.2891247329692896,0.3379545116432556,Tier2,"return policy, early access, membership, new arrivals, loyalty points",4,2
CUST01372,95,5,1690.0,19496.0,0.3759558312322785,0.7832507798939513,0.4022463557530952,0.3169314066376789,0.2808222376092258,0.4651542931723074,0.3325526762004423,Tier2,"order tracking, cod available, still deciding, trending now",3,4
CUST01373,10,14,500.0,5164.0,0.901997227061578,0.2285915703801149,0.6347425523535529,0.2869459084981988,0.0783115391482481,0.6198067365474312,0.7892057962025605,Tier3,"combo offer, budget, limited stock, flat 50% off",0,1
CUST01374,9,7,570.0,2466.0,0.8873381118810705,0.3780439711225846,0.7965427499472485,0.1513058734711447,0.0521513765816065,0.5650627415302838,0.4392243233393572,Tier3,"flat 50% off, budget, clearance, sale",0,1
CUST01375,37,1,1860.0,2574.0,0.3704877367270067,0.4613892267170174,0.435519951563607,0.494984990028861,0.0694950584075319,0.6844034982997953,0.6960622833501033,Tier2,"wedding collection, free shipping, ethnic wear",5,4
CUST01376,49,3,1780.0,6358.0,0.3773438419048277,0.0690283954941074,0.5278269362239529,0.2341960341735747,0.2379770296024721,0.2623184120481796,0.3003182174854996,Tier2,"membership, loyalty points, cotton, new arrivals",4,2
CUST01377,56,2,1170.0,2988.0,0.2842097825902046,0.6564602087264226,0.3529984261948858,0.5694178973767919,0.0775836764283224,0.5372723832109794,0.4911089855401643,Metro,"kurta, diwali sale, festive, compare",3,4
CUST01378,92,1,1310.0,2586.0,0.2860735396313269,0.7699191135047071,0.3150620978742405,0.5448860866344164,0.1400518154913431,0.7051503659111049,0.1927073537685286,Tier2,"still deciding, delivery time, size guide, wishlist",3,4
CUST01379,15,3,620.0,3714.0,0.5759132073174126,0.2803243766438835,0.893936085611359,0.0431609154866955,0.0629029989019456,0.5187679330124775,0.7735104927155647,Tier3,"cotton, cashback, budget",0,1
CUST01380,37,1,1000.0,1851.0,0.2297791420755153,0.7136992736365831,0.5397409102937417,0.2534081428173615,0.2068509468888969,0.5652026278157524,0.4464883243007876,Tier2,"compare, fit check, delivery time",3,4
CUST01381,41,2,1740.0,5097.0,0.2423803027778582,0.1077932137353372,0.345575615956774,0.3053880554790961,0.3490363285641298,0.2470925735717216,0.1708851307690715,Tier2,"membership, early access, cod available",4,2
CUST01382,20,2,710.0,3028.0,0.8485001960453047,0.2965123912093583,0.5139719098813652,0.1510184034606775,0.3350096866579573,0.3749920963545533,0.6591845492548782,Tier2,"lowest price, discount, kurta",0,3
CUST01383,38,4,1210.0,7734.0,0.2569568906478425,0.1199600624560346,0.4801262239467275,0.2773129616857215,0.2425608143675507,0.4998563330393056,0.1957582087739765,Tier3,"restock, order history, kurta, repeat order, loyalty points",4,6
CUST01384,96,2,1400.0,6249.0,0.4604173521882347,0.52942121966112,0.2598243170646658,0.5834106467246235,0.1567650362107105,0.5139964419730556,0.2738626474547245,Metro,"try first order, reels, first order discount, unboxing, referral code",6,4
CUST01385,20,1,870.0,1705.0,0.6954351120822816,0.2515355262907019,0.6201358072085655,0.3719699286186778,0.0078942641727565,0.4368120492410884,0.5891220015101135,Tier2,"lowest price, size medium, exchange",0,3
CUST01386,44,2,1070.0,2736.0,0.359280152382072,0.5763516385317617,0.1690832202276903,0.4037196104913675,0.4271971692809421,0.6595058388469502,0.6080219921323576,Tier2,"fit check, reviews, wishlist, size guide, size chart",3,4
CUST01387,45,3,1590.0,3373.0,0.2450294074649128,0.1195540123556921,0.2992366891886854,0.3922028284773046,0.3085604823340101,0.3762300627100502,0.2712274665779387,Tier2,"loyalty points, insta finds, early access, membership, order history",4,2
CUST01388,50,5,1530.0,19290.0,0.46020468753783,0.7195171265121195,0.2168511809577251,0.1036685471330541,0.6794802719092207,0.664808737983575,0.3732270871581111,Metro,"fit check, size guide, compare, order tracking",3,4
CUST01389,12,12,590.0,14326.0,0.9260739916122036,0.3763659884740778,0.6620628808921295,0.2599713011655881,0.0779658179422823,0.5373464345840081,0.7397902544255264,Tier3,"clearance, discount, sale, lowest price, flat 50% off",0,1
CUST01390,23,4,830.0,3705.0,0.8746828501158366,0.2958764854862975,0.5362501610659778,0.2108035304192035,0.2529463085148187,0.6890781576192653,0.4659416592890281,Tier2,"combo offer, early access, jeans",0,3
CUST01391,57,3,2430.0,13758.0,0.3182499138569489,0.2019337195126815,0.4251480856365546,0.2184689738080854,0.35638294055536,0.502569351872971,0.4310135222488035,Metro,"festive, kurta set, saree",5,5
CUST01392,73,6,2520.0,19061.0,0.5292885183510574,0.46899525924064,0.2023297858693347,0.3137464414141785,0.4839237727164867,0.3266668308209155,0.5545648565636515,Metro,"ethnic wear, family pack, saree, wedding collection, festive",5,5
CUST01393,10,6,1380.0,17448.0,0.2513617237461105,0.2438052876538955,0.4577117902860546,0.2013157806508277,0.3409724290631176,0.5825474455014823,0.3847204853828551,Tier2,"streetwear, limited stock, hype",2,0
CUST01394,40,1,1030.0,655.0,0.5814496051746535,0.5111878583146751,0.515003952257627,0.1588049734630961,0.3261910742792769,0.614271334088964,0.5443374632890695,Metro,"reels, influencer recommended, trending, new user offer, referral code",6,4
CUST01395,6,2,1210.0,1589.0,0.4497517063464195,0.3405978599713087,0.7234924297250078,0.1656811071750863,0.110826463099906,0.7775350393557305,0.5600079660174297,Tier3,"cotton, kurta, size medium",2,1
CUST01396,49,3,770.0,2038.0,0.590947553285745,0.4127133099234797,0.3362980765998066,0.2759205655038064,0.387781357896387,0.66654226114482,0.4052660280693131,Metro,"flat 50% off, cod available, still deciding",3,4
CUST01397,12,13,1180.0,17916.0,0.2221529696671677,0.3779638299400478,0.8646518237335145,0.0890194503875519,0.0463287258789337,0.9087593890715274,0.2979226747370623,Metro,"drop alert, limited stock, streetwear",2,0
CUST01398,9,3,1440.0,5858.0,0.4448405601335282,0.3292381350796074,0.8101374997859344,0.0561807806870407,0.1336817195270249,0.6962360934378687,0.3303702761049719,Tier2,"streetwear, trending now, drop alert, collab",2,0
CUST01399,47,5,1020.0,4880.0,0.5768275116827759,0.2311965348389216,0.6429705044527415,0.1581057302751279,0.1989237652721307,0.4856275881903447,0.3760509462349171,Tier3,"trending, referral code, try first order, free shipping, jeans",6,6
CUST01400,66,2,2680.0,9901.0,0.2719738504767138,0.25761368755532,0.4810636162766751,0.3570643964120794,0.1618719873112455,0.3536910567771447,0.5556035106425097,Metro,"usual size, free shipping, occasion wear, family pack",5,5
CUST01401,47,1,910.0,1863.0,0.5338192449814065,0.3083098201359796,0.6662326557614496,0.2763012846034174,0.0574660596351329,0.7000540504911393,0.6531108399087729,Tier2,"unboxing, new user offer, order tracking, referral code",6,3
CUST01402,85,1,3150.0,2412.0,0.2954872744522148,0.3157903656508036,0.4150150949321045,0.3105794044877592,0.2744055005801362,0.5284038853210328,0.5939730203578502,Metro,"occasion wear, wedding collection, festive, gifting",5,5
CUST01403,8,5,1630.0,11828.0,0.2970047550359506,0.3496945286629117,0.9139763782422298,0.0771047883271776,0.0089188334305925,0.8750925601860441,0.3257479094323836,Metro,"hype, collab, kurta, my orders, trending now",2,0
CUST01404,47,2,1720.0,2556.0,0.2671135839725267,0.0888178240910351,0.2232888022262199,0.3983304473244844,0.3783807504492955,0.4388130874015172,0.2070199587497028,Metro,"t-shirt, gifting, early access, loyalty points",4,5
CUST01405,14,6,1690.0,21529.0,0.3025516318137646,0.1956334938231637,0.8350624692717132,0.1219203184945065,0.0430172122337801,0.7174298651736029,0.3122068699607613,Tier3,"streetwear, hype, t-shirt, restock alert",2,0
CUST01406,50,1,1050.0,944.0,0.5872969985608086,0.290347212265371,0.6375766885830221,0.1994767501149264,0.1629465613020514,0.8243910866555176,0.6488139870170807,Metro,"unboxing, insta finds, cotton, gifting, first order discount",6,4
CUST01407,69,1,980.0,1835.0,0.314033190184732,0.5857706369536892,0.1221981600340387,0.3933856786995981,0.4844161612663631,0.8144134193752713,0.3136978787257409,Metro,"free shipping, reviews, order tracking",3,4
CUST01408,55,2,1210.0,2911.0,0.4873321851500438,0.6732003633030764,0.3959643679444912,0.2385625659669389,0.3654730660885699,0.6377474124909773,0.5049129580614425,Tier2,"reviews, discount, size guide, order tracking, bogo offer",3,4
CUST01409,90,1,3430.0,5814.0,0.2439194326637095,0.5182058569778495,0.2099542839814296,0.6669522534272048,0.1230934625913654,0.2766443926160972,0.4374513065330808,Tier2,"influencer recommended, sherwani, family pack, size medium, exchange",5,2
CUST01410,14,13,510.0,14527.0,0.9114337254403264,0.3232591912664438,0.8216172083717778,0.1382591405491691,0.040123651079053,0.3884031502269187,0.4695055627352369,Tier3,"flat 50% off, combo offer, clearance, cotton, bogo offer",0,1
CUST01411,6,14,1110.0,36850.0,0.2956628292015151,0.4081422206601373,0.7217108697018828,0.1810540567231894,0.0972350735749276,0.948659119007932,0.3469137147743767,Metro,"size medium, new drop, trending now",2,0
CUST01412,17,1,1710.0,2953.0,0.2905137270025604,0.1546196948796572,0.6169602651183519,0.262698922340639,0.1203408125410089,0.7463522830445846,0.3471005878843737,Tier3,"designer drop, new drop, trending now, premium fabric, drop alert",2,6
CUST01413,26,3,2930.0,19033.0,0.0567565179488988,0.3092821400133738,0.1432599009906239,0.6583466519263993,0.1983934470829767,0.2425143099048504,0.3496773887178914,Tier2,"capsule collection, premium, limited stock, made to order",1,2
CUST01414,20,3,830.0,4982.0,0.7407931903352487,0.3940105733682697,0.6826642593853449,0.2332529544956686,0.0840827861189864,0.6020311680504552,0.7512414189160611,Tier2,"clearance, exchange, size medium, designer drop",0,3
CUST01415,68,1,1060.0,665.0,0.513655019186921,0.4852320195044056,0.697571843616965,0.2243379105755194,0.0780902458075155,0.5885072057091526,0.6205433201890651,Tier2,"welcome offer, first order discount, trending, reels, referral code",6,4
CUST01416,20,19,830.0,17753.0,0.7081513296816389,0.3404097438681216,0.8003785403238887,0.0137679026711754,0.1858535570049359,0.428216954704423,0.7533864836728487,Tier3,"cotton, coupon, repeat order",0,1
CUST01417,17,10,690.0,16647.0,0.8174153938495944,0.3089150890168156,0.2568980324156899,0.2639644703079662,0.4791374972763438,0.4764849423845645,0.7265190315699963,Tier2,"clearance, cashback, coupon, budget",0,3
CUST01418,58,1,2800.0,1975.0,0.4251712404871517,0.1897162375129658,0.3760241083482749,0.5059414019722386,0.1180344896794865,0.4148755943502611,0.564820700100777,Metro,"festive, occasion wear, kurta set, streetwear, family pack",5,5
CUST01419,57,1,1230.0,2976.0,0.551521466994021,0.522331909511435,0.4175307613104186,0.4345292968382633,0.147939941851318,0.475658735006475,0.4231510151998203,Tier3,"insta finds, trending, kurta, cotton",6,6
CUST01420,15,17,660.0,24283.0,0.6933273242737026,0.3956519816225298,0.5649760393742534,0.2613204037006744,0.1737035569250723,0.5536899457278933,0.6878882974514519,Metro,"flat 50% off, coupon, free shipping, kurta, clearance",0,3
CUST01421,47,4,2020.0,18520.0,0.3159627168406658,0.1852960547943578,0.1710933711927497,0.4976674753996817,0.3312391534075686,0.5110500236400823,0.1201024265686031,Metro,"order history, loyalty points, jeans, favorite brand, clearance",4,5
CUST01422,51,6,2140.0,9524.0,0.1498227353951055,0.4780474981187997,0.4303141513942333,0.34744309300312,0.2222427556026467,0.51582021752799,0.1406949142675558,Tier2,"new arrivals, order tracking, my orders, membership, usual size",4,2
CUST01423,7,8,1170.0,11597.0,0.4084034980137546,0.192606283214815,0.851089346397957,0.0571983986264455,0.0917122549755974,0.9032097499977566,0.486142986732939,Tier2,"collab, jeans, new drop, delivery time, restock alert",2,0
CUST01424,36,2,3590.0,8512.0,0.4334636796176922,0.2606859807430621,0.3745559278764717,0.3430091389350413,0.282434933188487,0.2905283029498815,0.203891005172353,Tier3,"sneaker match, designer drop, premium fabric",1,6
CUST01425,33,5,1100.0,3241.0,0.3582401567337112,0.2420950004211398,0.1600137577032151,0.4879505411590306,0.3520357011377542,0.6070326034174228,0.2767713291745835,Metro,"size medium, trending, t-shirt, order history",4,5
CUST01426,71,1,2330.0,2992.0,0.4233678161802635,0.3056672516059714,0.1193286539326335,0.67853197676895,0.2021393692984164,0.6356410946128472,0.4542804491210218,Tier3,"order tracking, sherwani, family pack, saree, occasion wear",5,6
CUST01427,52,2,1970.0,3640.0,0.3358135064778881,0.1457707506521695,0.3338386988212813,0.1753760383688141,0.4907852628099045,0.3647321055674097,0.1486692036917682,Metro,"favorite brand, exchange, new arrivals, order history, welcome offer",4,5
CUST01428,36,1,3690.0,2710.0,0.0632615918447705,0.1792028147694701,0.0587051009701717,0.5542303792136627,0.3870645198161657,0.1083231632194501,0.2211413691935817,Tier2,"exclusive collection, kurta, made to order",1,2
CUST01429,81,1,1020.0,656.0,0.633652311422327,0.3799477804127787,0.5653555567874564,0.1403650466808009,0.2942793965317425,0.7190219936906711,0.488212990382614,Tier3,"welcome offer, try first order, order tracking, influencer recommended, first order discount",6,6
CUST01430,10,13,400.0,3933.0,0.7455133467282188,0.4086139325883039,0.436236602768572,0.3523763743692562,0.2113870228621718,0.7411317233691175,0.7592239029252458,Tier3,"made to order, flat 50% off, capsule collection, bogo offer, budget",0,1
CUST01431,7,2,1690.0,8026.0,0.1483609937569699,0.4581541764600488,0.6569575680023498,0.3428546326739212,0.000187799323729,0.8845338863509667,0.5295555510099941,Metro,"sneaker match, trending now, sale",2,0
CUST01432,13,7,570.0,8754.0,0.7414739379340315,0.4801140058811881,0.7352283232357065,0.1920856349348712,0.0726860418294223,0.6340833740842199,0.6545492800653653,Metro,"budget, sale, discount, lowest price, cashback",0,3
CUST01433,11,2,1400.0,3368.0,0.1671786931525449,0.3822319240390883,0.7860828315892452,0.1675270185605615,0.0463901498501932,0.6777821686739771,0.2754701403762588,Metro,"hype, streetwear, drop alert",2,0
CUST01434,51,2,1370.0,1571.0,0.1992611766597927,0.658447144968244,0.5022600506736904,0.1945750878928201,0.3031648614334896,0.5195348952652098,0.3522318071301949,Tier2,"compare, size chart, return policy, wishlist, still deciding",3,4
CUST01435,64,1,3340.0,9144.0,0.3261482301804674,0.5258883805054396,0.6658023308062461,0.2011981160999746,0.1329995530937794,0.5508520672649788,0.5425952006472132,Tier2,"trending now, diwali sale, restock alert, saree",5,2
CUST01436,68,1,1270.0,1205.0,0.5112031107372695,0.3749837060025401,0.5229376642413732,0.18149165068899,0.2955706850696367,0.7226913795653912,0.5374808112158594,Tier3,"cotton, first order discount, trending, unboxing",6,6
CUST01437,17,3,590.0,4217.0,0.50355715140623,0.3230773445565673,0.3361205179379067,0.6056806225454371,0.0581988595166562,0.385324794056749,0.567160016638654,Metro,"discount, flat 50% off, cashback, bogo offer, budget",0,4
CUST01438,63,2,2550.0,10269.0,0.3284129441411417,0.4788860740363529,0.5554274307055171,0.1877233614165973,0.2568492078778856,0.3182428638440482,0.4112293035026906,Tier2,"cotton, festive, gifting, kurta set",5,2
CUST01439,11,5,1500.0,13460.0,0.4067586961178998,0.2089567155117577,0.7019271277818366,0.1290555991489122,0.1690172730692511,0.6172090872616243,0.4323714100480588,Tier2,"welcome offer, hype, oversized fit",2,0
CUST01440,12,12,540.0,8980.0,0.6481863001237788,0.2767702853685673,0.4366899241513829,0.5075788993671115,0.0557311764815055,0.6983990559645905,0.6090339141894944,Tier2,"flat 50% off, budget, new arrivals, jeans, combo offer",0,3
CUST01441,42,2,1630.0,6125.0,0.2246683363111809,0.2080495779933192,0.4036263386044155,0.2516748604854104,0.3446988009101741,0.1894378740089761,0.1740089805709202,Tier2,"favorite brand, size medium, sherwani",4,2
CUST01442,80,1,1510.0,3752.0,0.1873296422477623,0.5666262476191405,0.472703253530988,0.1089525117213028,0.4183442347477091,0.5847569903962992,0.4529133136903683,Tier3,"insta finds, unboxing, referral code, trending, try first order",6,6
CUST01443,13,5,660.0,5738.0,0.8866292161846102,0.3087248161229849,0.8286139507695393,0.1495298740464795,0.0218561751839812,0.5143784069319309,0.6336873755912418,Tier2,"flat 50% off, clearance, discount, bogo offer",0,3
CUST01444,43,15,2460.0,70198.0,0.2992203169292096,0.1863132299571028,0.7233207604189771,0.2078638556385136,0.0688153839425092,0.7081832783901515,0.7317717764444645,Tier2,"family pack, sherwani, new drop",5,0
CUST01445,41,6,1400.0,17169.0,0.4270008343945679,0.1879098048998287,0.5813420041200139,0.1352266104670163,0.2834313854129698,0.486593321735271,0.3220636404720887,Tier3,"usual size, membership, order history, new arrivals",4,6
CUST01446,37,2,1100.0,3246.0,0.6287514056775472,0.8011014021735448,0.5661827053162344,0.2829812498614204,0.1508360448223451,0.763455711114017,0.2696370891962404,Metro,"size medium, insta finds, return policy, delivery time",3,4
CUST01447,50,5,2080.0,13535.0,0.4118840780946385,0.1678014656077613,0.4442821773628331,0.4029838458638162,0.1527339767733505,0.500527593259424,0.6406922572114058,Tier2,"order tracking, kurta set, saree, ethnic wear, gifting",5,2
CUST01448,7,17,430.0,11189.0,0.8007869838089323,0.2950267231939168,0.8452302316414257,0.1203628689242027,0.0344068994343714,0.6588136371653549,0.5914736737048256,Tier2,"exchange, cotton, bogo offer, flat 50% off, coupon",0,3
CUST01449,8,18,1530.0,67113.0,0.2937511795284172,0.3788695018634111,0.8057302897581905,0.1831115630630156,0.0111581471787938,0.5851612965759074,0.3701127536303971,Tier3,"cotton, restock alert, kurta, trending now, streetwear",2,0
CUST01450,63,1,3520.0,6891.0,0.2098087274883884,0.4287541784535273,0.1458836095973149,0.2385897918871708,0.6155265985155142,0.3565582269909595,0.4365497908218332,Tier2,"festive, saree, diwali sale, t-shirt, cotton",5,2
CUST01451,61,2,1090.0,2070.0,0.5758653910567741,0.2944142273658935,0.4273728479347051,0.510438470277871,0.0621886817874238,0.6200482728978867,0.7057977160154278,Tier2,"first order discount, insta finds, reels, referral code",6,4
CUST01452,7,4,1210.0,9423.0,0.3594939427294203,0.2519072680920972,0.6232714714191054,0.3101468790818422,0.0665816494990522,0.9303307386774202,0.2951200628825321,Tier2,"oversized fit, free shipping, kurta, bogo offer, limited stock",2,0
CUST01453,12,6,490.0,5654.0,0.7222617024587253,0.2544297653357799,0.7920341681419055,0.153637806531298,0.0543280253267963,0.5774760634047582,0.870027232236534,Tier2,"cashback, discount, bogo offer, unboxing",0,3
CUST01454,8,11,1680.0,20278.0,0.4810664329660818,0.3163038787737072,0.60727528507823,0.3344893158135506,0.0582353991082193,0.6778701049464319,0.1408171848710111,Tier2,"new drop, restock alert, sneaker match, collab",2,0
CUST01455,14,7,1580.0,8198.0,0.6148976714040649,0.1008001066333637,0.8921224261764767,0.0958919668204901,0.011985607003033,0.8523570764533283,0.3033521291126996,Tier2,"trending now, restock alert, drop alert",2,0
CUST01456,16,1,560.0,587.0,0.7964414250013596,0.333627238329327,0.7042987786725083,0.2610145535188874,0.0346866678086041,0.7359112930308374,0.6854218387280772,Tier3,"sale, combo offer, discount",0,1
CUST01457,31,1,3020.0,2775.0,0.0399244508906043,0.3208634164808026,0.0694429496316882,0.8504398905473916,0.0801171598209203,0.3138086999014957,0.1253984377492832,Metro,"luxury, jeans, capsule collection, trending now, size medium",1,5
CUST01458,66,1,1120.0,2304.0,0.4116079171103402,0.5727448128882892,0.1413817452428245,0.1829696690874164,0.675648585669759,0.5041324884906616,0.4225010595787938,Tier2,"still deciding, compare, size chart, reviews, wishlist",3,4
CUST01459,58,3,1290.0,10010.0,0.4793090404820228,0.4309987269588058,0.5823342077979313,0.3545476633740179,0.0631181288280508,0.7633968623904942,0.5778671815874191,Metro,"welcome offer, cotton, insta finds, occasion wear, reels",6,4
CUST01460,15,2,960.0,1364.0,0.7915393111289364,0.2745694246029251,0.4394148380133093,0.4748030002275319,0.0857821617591586,0.679372659493561,0.441485419955318,Tier2,"cashback, cotton, discount, early access",0,3
CUST01461,71,7,1090.0,7974.0,0.4177021655751422,0.7229977740621313,0.5697492120294566,0.1720881075004381,0.2581626804701052,0.7041352230732494,0.4254541603971368,Metro,"membership, size guide, free shipping, fit check, size medium",3,4
CUST01462,17,7,530.0,2535.0,0.8527199720438442,0.3887857531829755,0.8884613142242164,0.0932499317598898,0.0182887540158937,0.5681672851151365,0.5934501055333516,Tier2,"bogo offer, discount, t-shirt",0,3
CUST01463,117,1,3750.0,3180.0,0.3164632069685171,0.2973254299323444,0.4511024691514514,0.5274599780529887,0.0214375527955598,0.3602466484726294,0.2949166708650882,Tier3,"family pack, wedding collection, festive, sherwani",5,6
CUST01464,47,2,4650.0,7104.0,0.0657495261078593,0.2033838120032873,0.0596003968416378,0.7755331244224689,0.1648664787358932,0.0775535164281322,0.1920784387778842,Tier2,"luxury, order tracking, curated, sherwani, designer drop",1,2
CUST01465,50,6,2060.0,25185.0,0.3852633984749958,0.204983494574863,0.6166081156555103,0.2550694906286251,0.1283223937158645,0.2632017719660101,0.1866933616009853,Tier3,"budget, early access, my orders, favorite brand",4,6
CUST01466,13,8,680.0,11452.0,0.716933146454807,0.3202147337110981,0.4948860981809538,0.3878409295344549,0.1172729722845911,0.6217632075691636,0.6985095122630458,Tier3,"combo offer, free shipping, bogo offer",0,1
CUST01467,20,14,600.0,6301.0,0.5522335920560966,0.440728454254512,0.7740235525203043,0.1752146017280481,0.0507618457516475,0.6413556139138887,0.5361525726229666,Tier2,"clearance, trending, lowest price, discount, t-shirt",0,3
CUST01468,27,4,1390.0,2864.0,0.3752692176789108,0.1274468032995797,0.3799091996991334,0.4456461913093442,0.1744446089915223,0.6141630511186738,0.2073306712968776,Metro,"restock, referral code, order tracking, exchange",4,5
CUST01469,14,2,1740.0,3230.0,0.3861953072036147,0.3812576687250186,0.8581736690744862,0.0791781640409436,0.0626481668845703,0.792914580802278,0.3559386917904132,Metro,"streetwear, new drop, hype, sneaker match, oversized fit",2,0
CUST01470,6,21,1000.0,35467.0,0.4218424652261577,0.2372385970716395,0.5833120523699301,0.3344312606497646,0.0822566869803052,0.7736550440836103,0.5897087069841509,Metro,"trending now, restock alert, streetwear",2,0
CUST01471,7,7,940.0,16634.0,0.4522046332180504,0.1103554539584787,0.6728075226988123,0.1708786947264809,0.1563137825747067,0.8984202268083156,0.5410914778508011,Tier3,"trending now, streetwear, cotton, oversized fit",2,1
CUST01472,7,15,940.0,22256.0,0.5550883440533465,0.3701298765050257,0.7604855984187585,0.1868154875381344,0.0526989140431071,0.9142575605870747,0.4882556506059803,Metro,"new drop, order tracking, limited stock, streetwear",2,0
CUST01473,18,12,630.0,12531.0,0.7321350637790092,0.4851755532089107,0.5718200118618801,0.2021324211624548,0.2260475669756652,0.5019417330850504,0.6674363585808781,Tier3,"lowest price, combo offer, bogo offer",0,1
CUST01474,18,4,3590.0,27344.0,0.062619612901169,0.2057644401941003,0.4659171729474483,0.4505729248188301,0.0835099022337215,0.1641427813915614,0.1423561283592763,Metro,"limited edition, full price, exclusive collection",1,5
CUST01475,13,13,610.0,11605.0,0.7804778643117293,0.3431376080928402,0.3111362997707215,0.6879484232832286,0.0009152769460498,0.7637542054886448,0.7321278253817342,Tier3,"flat 50% off, lowest price, sale, cashback, coupon",0,1
CUST01476,90,1,3340.0,2634.0,0.1765858807688976,0.1755214826734802,0.2748864018848845,0.4705686888761653,0.25454490923895,0.489856127036386,0.4504724369350306,Tier2,"ethnic wear, kurta set, kurta, cotton",5,2
CUST01477,53,3,980.0,5794.0,0.529649509549433,0.4568037288816554,0.552840846272486,0.0207519299163947,0.4264072238111191,0.563672091882954,0.5668021658511505,Tier2,"size medium, welcome offer, first order discount",6,4
CUST01478,37,3,3410.0,14773.0,0.0565877098005089,0.1068967980726974,0.0165487646827493,0.7958382123168372,0.1876130230004134,0.195629380321411,0.1468765362947489,Metro,"kurta, exchange, jeans, trending, full price",1,5
CUST01479,13,4,580.0,4023.0,0.7762512715770782,0.3715285627580463,0.5854703403857879,0.4079585961397521,0.0065710634744598,0.5158427075966603,0.7859736500203489,Tier2,"free shipping, designer drop, bogo offer",0,3
CUST01480,7,6,1700.0,10141.0,0.1731587814907329,0.436709575810501,0.7857762554394128,0.1055903376566936,0.1086334069038935,0.8401481498063094,0.3713752249141535,Metro,"kurta set, free shipping, wedding collection, streetwear, sneaker match",2,0
CUST01481,66,4,1880.0,9419.0,0.145788997325498,0.2687387446977604,0.750200568440616,0.1947409094754058,0.0550585220839781,0.3921500631788521,0.0739867704013173,Metro,"restock, jeans, order history, favorite brand, membership",4,5
CUST01482,45,3,1010.0,1735.0,0.5297007705050818,0.552164786474978,0.6449475402550828,0.2456019342880535,0.1094505254568637,0.5504685957528921,0.3923271134329051,Tier3,"jeans, fit check, reviews",3,6
CUST01483,27,3,3040.0,14002.0,0.0547438408882509,0.1669831379129705,0.1851529872988299,0.5709017563866368,0.2439452563145334,0.3158589048093788,0.0395179759363506,Tier2,"limited edition, designer drop, luxury, premium, premium fabric",1,2
CUST01484,16,1,530.0,1086.0,0.8417328240912338,0.400319621458182,0.4976649604730083,0.2836838722501542,0.2186511672768375,0.4188725939091507,0.4349504498828707,Tier2,"discount, sale, budget, size medium",0,3
CUST01485,62,1,1100.0,1300.0,0.5873287109586289,0.3569599037353917,0.6265632606672661,0.247111155668074,0.1263255836646599,0.5988024817965742,0.4590327570042883,Tier2,"referral code, diwali sale, new user offer",6,4
CUST01486,36,4,1650.0,6678.0,0.2419931178051596,0.1208855634364821,0.27130496739743,0.6423908265486766,0.0863042060538933,0.5316701875326346,0.0261506762329004,Metro,"restock, early access, usual size, favorite brand, loyalty points",4,5
CUST01487,53,1,2600.0,2361.0,0.3452311438950772,0.2861238629952536,0.0523064933378498,0.1773214230003731,0.770372083661777,0.454326011208752,0.5231640318192039,Tier2,"discount, flat 50% off, sherwani, cashback",5,2
CUST01488,36,1,2850.0,2378.0,0.0657769565289137,0.2152758669026,0.0519393383343509,0.697862096574501,0.250198565091148,0.2243772019217728,0.2086119194676885,Metro,"cotton, made to order, premium, size medium, limited edition",1,5
CUST01489,15,4,720.0,7196.0,0.7723736738322616,0.3671205600547155,0.8641228010031247,0.1269970292863959,0.0088801697104794,0.6133833377874156,0.6657046839667091,Tier3,"jeans, bogo offer, cashback, coupon",0,1
CUST01490,11,1,1960.0,2707.0,0.3096346845298908,0.3668346524597771,0.6325484132932583,0.3407571746023601,0.0266944121043814,0.6847332463328483,0.1636616350654709,Tier3,"streetwear, collab, influencer recommended, hype, limited stock",2,6
CUST01491,48,1,2460.0,6731.0,0.3704945176502028,0.4312408622731159,0.2440410257394664,0.4946273592978843,0.2613316149626491,0.511573854789963,0.685096328274652,Metro,"occasion wear, wishlist, reviews, wedding collection, cotton",5,4
CUST01492,8,13,1260.0,29514.0,0.4955502231002747,0.276902531624399,0.6307409831828211,0.2152123457212868,0.1540466710958919,0.4967181958557571,0.4249422208815064,Metro,"collab, new drop, streetwear, size medium, limited stock",2,0
CUST01493,37,7,1590.0,18556.0,0.2058212322743789,0.0789261366423953,0.3960631254785866,0.5284477574550096,0.0754891170664037,0.3848957353294336,0.3022068787756025,Tier2,"restock, exchange, favorite brand, loyalty points, repeat order",4,2
CUST01494,13,3,1260.0,8458.0,0.4052063491157942,0.3779243981238938,0.90621219812411,0.0547414414271359,0.0390463604487541,0.7918025348305215,0.3968217941609032,Tier3,"cotton, streetwear, kurta",2,1
CUST01495,38,2,900.0,1381.0,0.5776795931361167,0.6858684489413891,0.0559337838805605,0.4194521287004724,0.5246140874189672,0.7584456235390202,0.449149899244805,Metro,"wishlist, still deciding, return policy, compare, reviews",3,4
CUST01496,85,1,1170.0,2961.0,0.5695210733368709,0.3495301669237649,0.5352209740377324,0.125399850799898,0.3393791751623696,0.7496664479657499,0.585789723904019,Tier3,"influencer recommended, trending, try first order, referral code",6,6
CUST01497,36,27,1600.0,108237.0,0.449662503403688,0.1754286330861276,0.3875248638066022,0.2790223839590976,0.3334527522343001,0.2436214715515799,0.3048866389805623,Metro,"sale, order history, usual size, loyalty points",4,5
CUST01498,44,1,4840.0,7748.0,0.0526678641289769,0.2936441971929295,0.2404297148691328,0.5013197240594939,0.2582505610713733,0.3201363706090457,0.1357855461600089,Metro,"premium, full price, cashback, free shipping",1,5
CUST01499,11,9,1160.0,23326.0,0.19468935570947,0.4191842498477121,0.7810701439521155,0.2024853483229814,0.0164445077249031,0.7393407025750184,0.3574110686296449,Tier2,"streetwear, oversized fit, trending now, kurta, sneaker match",2,0
CUST01500,79,1,960.0,585.0,0.5209771676447077,0.4237640659936268,0.688615191185098,0.2767733684347059,0.0346114403801961,0.705482796425216,0.3463270643621612,Tier2,"welcome offer, trending, exchange, first order discount, insta finds",6,4
CUST01501,34,1,3260.0,7672.0,0.1566695445028365,0.2442208433235649,0.2191083344531025,0.3269501636678239,0.4539415018790735,0.1940429486242029,0.2257039227995809,Metro,"exclusive collection, full price, limited edition",1,5
CUST01502,129,1,4670.0,9190.0,0.249474741168515,0.3301421773072745,0.4916565776601249,0.3189515120313563,0.1893919103085186,0.2764088781554466,0.7394096722738992,Tier2,"saree, kurta set, ethnic wear, limited stock",5,2
CUST01503,59,4,1870.0,6894.0,0.2211159705446775,0.0801479668027553,0.6264152988880124,0.2533183353018022,0.1202663658101853,0.255835661973106,0.0814496182403501,Metro,"usual size, restock, new arrivals",4,5
CUST01504,43,1,940.0,1906.0,0.7514675469195486,0.317605724398826,0.3479092022675288,0.1165476809490563,0.5355431167834149,0.6576470287404454,0.518056700478883,Tier3,"trending, first order discount, new user offer",6,6
CUST01505,62,1,1330.0,2625.0,0.5228452052065057,0.6410674936939409,0.3810976425788429,0.3108134788612344,0.3080888785599227,0.4697549920217347,0.289560446934597,Tier3,"wishlist, t-shirt, coupon, compare, size chart",3,6
CUST01506,47,3,1950.0,5498.0,0.1574201298955589,0.1291247663592349,0.2800736883054767,0.3146051139943304,0.4053211977001927,0.2658466890501038,0.2715629136949776,Tier3,"cotton, restock, size medium",4,6
CUST01507,68,3,1820.0,7862.0,0.2124207988685385,0.1388709112234509,0.7170687913450571,0.1374691624513871,0.1454620462035558,0.3219541517716711,0.4169582596568637,Tier2,"membership, new arrivals, loyalty points",4,2
CUST01508,39,10,1350.0,19583.0,0.392218750969173,0.1049760594763188,0.5122159199469605,0.3801528725546998,0.1076312074983397,0.2707860396290409,0.4078650095078435,Tier2,"order history, new arrivals, restock, drop alert",4,2
CUST01509,47,1,1340.0,874.0,0.6119389606888467,0.5361651593578707,0.4067171721548091,0.3194893520792751,0.2737934757659158,0.726074992450616,0.5599142226301227,Tier3,"referral code, trending, insta finds",6,6
CUST01510,41,1,1100.0,1516.0,0.2851366433516233,0.6261573674797806,0.1577825662408997,0.5993978331025588,0.2428196006565415,0.6794943398062603,0.3894288874578839,Tier2,"delivery time, size guide, still deciding",3,4
CUST01511,11,16,480.0,15073.0,0.7301374485818273,0.3416169937591646,0.7570372383311599,0.2019243399284629,0.0410384217403772,0.7101155521898526,0.6356813504042184,Tier2,"coupon, flat 50% off, lowest price",0,3
CUST01512,25,11,1160.0,12917.0,0.3971575610643238,0.1259658628359425,0.6962871691978659,0.244031088812226,0.059681741989908,0.3313369029967934,0.2183413894172889,Tier2,"repeat order, usual size, new arrivals",4,2
CUST01513,47,5,3540.0,13572.0,0.249312876712012,0.2270458197464137,0.2369717221679204,0.5842419325018094,0.1787863453302702,0.2294638559302755,0.1954007625819792,Metro,"exclusive collection, premium fabric, designer drop, premium",1,5
CUST01514,107,1,1320.0,2870.0,0.3384396464425619,0.8361075789572007,0.1480583310046355,0.3914176204337083,0.4605240485616561,0.7389613860698334,0.4937537439171584,Metro,"size guide, compare, jeans, sale",3,4
CUST01515,33,5,4110.0,46192.0,0.0863880250137702,0.3405452033833178,0.0475949086602563,0.7844577877114335,0.1679473036283101,0.1416005130043686,0.206143135948991,Metro,"cotton, exclusive collection, full price, kurta",1,5
CUST01516,29,30,1900.0,91987.0,0.2019225598361396,0.0767098441017582,0.2384876673250867,0.26566872282878,0.4958436098461331,0.3165356923465055,0.1858901984330999,Tier2,"loyalty points, restock, cotton",4,5
CUST01517,7,12,1240.0,19373.0,0.3425613423416293,0.6778500975400682,0.5903414428230429,0.0849622147507714,0.3246963424261856,0.913686074162452,0.4006653995935924,Metro,"hype, oversized fit, free shipping, streetwear, influencer recommended",2,0
CUST01518,37,2,4470.0,17157.0,0.1024889244157821,0.1680364061488105,0.2072242480031257,0.4627995590856811,0.329976192911193,0.2744458621747943,0.2193098549921244,Metro,"t-shirt, full price, premium fabric, new drop",1,5
CUST01519,34,1,800.0,416.0,0.6490111461926241,0.5102161125712754,0.4003050646412904,0.4867622408617409,0.1129326944969684,0.8023051502621058,0.5830950989117156,Tier3,"welcome offer, referral code, trending, first order discount",6,6
CUST01520,9,3,1100.0,5887.0,0.5277227901408441,0.187146124103112,0.6521713075407699,0.1603634370715417,0.1874652553876883,0.9222184301862436,0.3580983603387562,Tier2,"collab, drop alert, sneaker match, restock alert, streetwear",2,0
CUST01521,72,1,2590.0,6043.0,0.1032789836344464,0.3252267395658763,0.5110149391521476,0.445849924611481,0.0431351362363714,0.5603408785517593,0.6050513326265031,Metro,"wedding collection, gifting, ethnic wear, full price, sherwani",5,5
CUST01522,56,1,980.0,780.0,0.5975123639322808,0.505000108547452,0.1889169069988895,0.4827303967218428,0.3283526962792676,0.6781002033546505,0.6122333266348745,Tier2,"trending, first order discount, reels, welcome offer",6,4
CUST01523,56,3,1090.0,5384.0,0.4425511297902708,0.4480501859207413,0.5806179118797614,0.3456225201912397,0.0737595679289987,0.7920519868257179,0.316592463004096,Tier2,"order tracking, new user offer, insta finds, kurta, trending",6,4
CUST01524,45,4,1630.0,4753.0,0.1940337040673633,0.1749586484233156,0.428625908896355,0.3247550370935377,0.2466190540101073,0.3416114734082332,0.4009900732841806,Metro,"t-shirt, my orders, repeat order, early access, order tracking",4,5
CUST01525,8,4,1220.0,7920.0,0.3413727814840847,0.1393838936703682,0.8695703610563554,0.0957834270955491,0.0346462118480953,0.7338982303997831,0.1913362025908626,Metro,"drop alert, sneaker match, hype",2,0
CUST01526,26,5,3640.0,39448.0,0.2738459219598964,0.1473342442195322,0.3048749976067284,0.4522254694893685,0.2428995329039029,0.3815478251297416,0.1181913861743887,Tier2,"full price, curated, premium, luxury",1,2
CUST01527,13,23,760.0,19098.0,0.7348936068921597,0.5105678456380718,0.5941430016288308,0.3958107374478028,0.0100462609233664,0.5354555101624712,0.7159078146394775,Tier3,"lowest price, budget, coupon",0,1
CUST01528,33,1,960.0,2766.0,0.6045761987785508,0.4510787136152852,0.767908014276707,0.1777694133897454,0.0543225723335476,0.713215838639091,0.5131809395970179,Tier2,"first order discount, reels, budget",6,3
CUST01529,64,4,2230.0,4956.0,0.3660619592837373,0.5201888151815383,0.4181954585212783,0.3805520504151129,0.2012524910636086,0.5367717522885513,0.4444423405128599,Tier2,"occasion wear, diwali sale, ethnic wear, exchange, cotton",5,2
CUST01530,99,1,4100.0,5910.0,0.347139430404895,0.3839737333660198,0.4325911159078521,0.1441881670718313,0.4232207170203166,0.2791658926682508,0.475617248562976,Metro,"sherwani, wedding collection, occasion wear",5,5
CUST01531,10,9,1340.0,33360.0,0.509909648242348,0.1991605306983934,0.5549819927672528,0.2305311555853603,0.2144868516473868,0.9226409605286618,0.2913876611551826,Metro,"oversized fit, sneaker match, order tracking",2,0
CUST01532,45,3,760.0,2014.0,0.5397389542361621,0.4333186317301484,0.1021372986976352,0.3963540760926751,0.5015086252096896,0.7215532007047654,0.4337248336821844,Tier2,"size guide, reviews, cod available",3,4
CUST01533,75,2,5600.0,14264.0,0.0306241946457957,0.2643227741449314,0.1941546527962507,0.2920230348216073,0.5138223123821419,0.1464959375680685,0.1914957240284953,Metro,"made to order, size medium, sneaker match, hype, cotton",1,5
CUST01534,54,4,960.0,2150.0,0.5656881968107875,0.6543355117961687,0.1485507979618406,0.6817766243343176,0.1696725777038418,0.4404682357219556,0.3373701585254748,Metro,"order tracking, reviews, wishlist",3,4
CUST01535,21,10,870.0,12467.0,0.7009386644654501,0.2725836826114772,0.6118144855944366,0.3546823770113435,0.0335031373942197,0.4553280857125209,0.6206253282684445,Tier2,"bogo offer, clearance, discount, curated",0,3
CUST01536,15,6,770.0,4074.0,0.7205349531732617,0.2928613483265037,0.8210142238629239,0.1661947962456255,0.0127909798914505,0.4246707905733605,0.7672811518903573,Metro,"bogo offer, clearance, ethnic wear, order tracking, cashback",0,3
CUST01537,46,5,2070.0,13730.0,0.3340414238612698,0.193513507291616,0.4736139512420688,0.3107327810322164,0.2156532677257147,0.5752579552747366,0.0816786997276027,Metro,"order history, repeat order, my orders, restock, loyalty points",4,5
CUST01538,14,19,570.0,11606.0,0.8721976647531744,0.3300432465509159,0.5045148253330363,0.3525562642190945,0.1429289104478692,0.7743000285078852,0.639548641365786,Metro,"bogo offer, clearance, combo offer, free shipping, budget",0,3
CUST01539,12,12,650.0,6338.0,0.917228690459079,0.3349800718785296,0.9121825235373242,0.0397264744228102,0.0480910020398657,0.7157737679466751,0.8023903864127367,Metro,"exchange, bogo offer, lowest price, flat 50% off",0,3
CUST01540,37,1,3050.0,4857.0,0.0743472627534606,0.2238024392217559,0.2655432950217062,0.4127907468233816,0.3216659581549121,0.1919339028443209,0.2330219042375397,Tier2,"made to order, limited edition, capsule collection",1,2
CUST01541,17,6,700.0,6840.0,0.6937001884305569,0.1698375945235007,0.7241548154297753,0.1292467281327302,0.1465984564374943,0.5182683037414252,0.7154562132440564,Tier3,"flat 50% off, trending, unboxing, free shipping, try first order",0,1
CUST01542,74,3,2340.0,13461.0,0.3288265603633998,0.4367435568900305,0.6072686215475134,0.1741736586132967,0.2185577198391897,0.5730567687074087,0.428546826801531,Tier2,"ethnic wear, saree, diwali sale, gifting",5,2
CUST01543,10,10,1260.0,31137.0,0.2538961013837366,0.1604145152573806,0.5937173021613527,0.0953158338994276,0.3109668639392197,0.8010483485494867,0.3183989345315793,Metro,"streetwear, sneaker match, clearance",2,0
CUST01544,42,1,1010.0,1398.0,0.5269635314472157,0.4388145319091798,0.4936173793308588,0.4438532683148922,0.0625293523542489,0.735781079977334,0.6776049508689466,Tier3,"full price, trending, kurta",6,6
CUST01545,10,4,590.0,4055.0,0.7951827906474407,0.3996649288484079,0.8236860433710581,0.1355265421075232,0.0407874145214186,0.6643674500451623,0.5452737325981575,Tier2,"flat 50% off, fit check, bogo offer, t-shirt, clearance",0,3
CUST01546,7,11,1170.0,31286.0,0.3960347307983966,0.4614090214068353,0.6839215790114183,0.2670774147392529,0.0490010062493289,0.7156886386090254,0.6133104018729043,Tier2,"new drop, restock alert, jeans, sneaker match, limited stock",2,0
CUST01547,11,1,1380.0,2096.0,0.2750926721957625,0.2747169174582073,0.847687369241311,0.1028410858474593,0.0494715449112295,0.7209899849497315,0.3918546790890059,Tier2,"exchange, collab, restock alert",2,0
CUST01548,15,11,700.0,16476.0,0.5790045649068889,0.2619417255447445,0.7424650124067164,0.1738839637849451,0.0836510238083384,0.5065435773867661,0.5181070041560998,Tier3,"clearance, discount, combo offer, coupon",0,1
CUST01549,27,7,3240.0,36184.0,0.1888127087927342,0.1484224758905451,0.1764929583397151,0.7339060617202042,0.0896009799400805,0.2029676930842731,0.1926919835985665,Metro,"curated, premium, kurta, luxury, exclusive collection",1,5
CUST01550,105,2,1780.0,4883.0,0.2312895990957304,0.7424764523461481,0.7293032648086504,0.1558714128497469,0.1148253223416027,0.4470789923340178,0.3697303282744086,Tier2,"still deciding, made to order, size guide, return policy, cod available",3,4
CUST01551,73,1,1580.0,958.0,0.3118090990981915,0.7410030096613293,0.7719021031406889,0.1222643256039873,0.1058335712553238,0.4365460872793411,0.3605423344480175,Tier3,"compare, still deciding, cod available, fit check",3,6
CUST01552,63,2,1990.0,5207.0,0.2658636625514928,0.1309886625280369,0.4620066758874791,0.4549834047080009,0.0830099194045198,0.3514837816904164,0.2439124753353118,Tier3,"favorite brand, repeat order, size medium, restock alert",4,6
CUST01553,47,7,1620.0,19902.0,0.1680178889139418,0.1044084965276684,0.6061312979723362,0.1410036273193164,0.2528650747083472,0.1992225386639364,0.1159495815905058,Tier2,"my orders, order history, restock, loyalty points",4,2
CUST01554,13,4,540.0,1596.0,0.7105589338005769,0.3539671641470415,0.7959073459009178,0.2017768479257556,0.0023158061733265,0.5125791321597639,0.6966330644594656,Metro,"sale, clearance, coupon, bogo offer, lowest price",0,3
CUST01555,34,3,1320.0,7858.0,0.3631895488040422,0.072142786739027,0.729178229802517,0.1621387586603769,0.108683011537106,0.4547589666844132,0.1733569347914402,Tier2,"order history, size medium, order tracking",4,2
CUST01556,13,5,560.0,5103.0,0.7600383146238239,0.2963059755916764,0.7414067362622907,0.1365202811326861,0.1220729826050232,0.6507468179826397,0.6974878782958277,Tier2,"lowest price, coupon, discount",0,3
CUST01557,41,1,1050.0,958.0,0.4443146739948994,0.5703196316412011,0.3794085346043999,0.3988611606693388,0.2217303047262611,0.8250530946452722,0.5268752319275263,Tier3,"compare, order tracking, size guide, kurta",3,6
CUST01558,103,1,2060.0,3488.0,0.3326995359430467,0.8758497819435357,0.1572389093673359,0.4312394624240684,0.4115216282085956,0.6455047029599617,0.4619141237092006,Tier2,"return policy, order tracking, still deciding",3,4
CUST01559,36,1,870.0,470.0,0.5263472104416204,0.4799069412769268,0.7683733942350602,0.0826888862197356,0.1489377195452042,0.8826832677505669,0.3966141169015496,Metro,"welcome offer, diwali sale, exchange",6,0
CUST01560,10,4,1300.0,9771.0,0.1820396117788026,0.18224329305524,0.7714840871617328,0.1545470785534657,0.0739688342848015,0.947306833240349,0.3525856906419684,Metro,"streetwear, collab, limited stock",2,0
CUST01561,75,2,2270.0,8061.0,0.5316621818077403,0.3525036891741012,0.4499065101685083,0.3750283392491524,0.1750651505823393,0.5381709922701815,0.4974544028675688,Tier3,"sherwani, diwali sale, ethnic wear, saree",5,6
CUST01562,45,5,1370.0,13280.0,0.1729718625295559,0.0363415357065726,0.4342335072120611,0.3013714104245812,0.2643950823633574,0.2881810228463152,0.1637980657285271,Tier2,"my orders, favorite brand, repeat order, designer drop",4,2
CUST01563,60,3,2040.0,10086.0,0.1480718825708754,0.1098647227979694,0.5285065066564575,0.1987491270182851,0.2727443663252573,0.2824999598507702,0.1221091440068723,Metro,"favorite brand, repeat order, t-shirt, restock, cotton",4,5
CUST01564,13,6,1350.0,7947.0,0.2787949721175292,0.3376600578060362,0.7208064346505213,0.1079961093724739,0.1711974559770047,0.6684500769581,0.2933306814059735,Metro,"drop alert, collab, new drop, flat 50% off, hype",2,0
CUST01565,51,2,4450.0,15656.0,0.0324513671916408,0.3205999267828414,0.1075896898017302,0.3252680644535228,0.5671422457447468,0.1702702640975053,0.0362458202638201,Metro,"designer drop, made to order, curated, limited edition",1,5
CUST01566,68,6,3430.0,40817.0,0.3327265011567666,0.4061031783375243,0.5480139400272218,0.3775462898350947,0.0744397701376834,0.4172199195256274,0.7474634184317038,Tier3,"cotton, sherwani, new drop, exchange",5,6
CUST01567,92,1,3380.0,7674.0,0.1993626312706963,0.4482917144493415,0.4414184431944315,0.2558783489843814,0.3027032078211871,0.5873255733822472,0.4692012631654071,Tier2,"saree, sherwani, festive",5,2
CUST01568,72,3,3260.0,12760.0,0.3860155354367564,0.2744323976924497,0.3884813642509493,0.3452931103942411,0.2662255253548093,0.4803057010521603,0.4199538475757872,Tier3,"kurta set, family pack, saree",5,6
CUST01569,34,7,1700.0,18724.0,0.1595531918900049,0.1845987643390471,0.1010987585266321,0.2616084388481442,0.6372928026252237,0.4281890259413294,0.2020547581006549,Tier3,"order history, repeat order, restock, early access",4,6
CUST01570,8,14,1520.0,19850.0,0.5551279009610425,0.3754979930715511,0.9142022902544334,0.0765622271124758,0.0092354826330907,0.9027300061468442,0.4087511476911931,Tier2,"limited stock, trending now, size medium, exchange, t-shirt",2,0
CUST01571,49,1,950.0,1759.0,0.7957186638608363,0.3707911941312823,0.4115688769112851,0.3595635673983581,0.2288675556903568,0.8104158062850186,0.6037228651090282,Metro,"influencer recommended, discount, referral code, new user offer, reels",6,4
CUST01572,9,8,870.0,6503.0,0.4789135436219504,0.1122296251280295,0.5756951591270294,0.3041803576068435,0.120124483266127,0.6470316583875634,0.3590404508154283,Tier2,"free shipping, full price, sneaker match, streetwear",2,0
CUST01573,15,10,640.0,9294.0,0.6316948721350639,0.6419766676723474,0.801037026175059,0.1767647686150712,0.0221982052098698,0.5847080592937638,0.4947241768040552,Tier2,"flat 50% off, sale, budget, coupon, clearance",0,3
CUST01574,111,4,3380.0,17112.0,0.1530882452088643,0.5400560046502418,0.3241402680865438,0.6180044047030526,0.0578553272104035,0.359878556797319,0.4801371338959196,Tier3,"festive, curated, saree, family pack",5,6
CUST01575,49,6,4000.0,39407.0,0.1374243367207074,0.1045461609327459,0.4067532439631964,0.2768262668070654,0.3164204892297382,0.2189739215318919,0.0405203598449507,Tier3,"premium, curated, luxury",1,5
CUST01576,37,3,1180.0,6914.0,0.7605825895141044,0.4126574367036402,0.5425319574627208,0.3829794462046483,0.0744885963326309,0.7110776295059813,0.504384205055097,Tier2,"insta finds, trending, new user offer, first order discount",6,3
CUST01577,61,1,2720.0,5228.0,0.3799140367524666,0.490403176983343,0.3875611846826449,0.290467082488093,0.3219717328292621,0.4923442975437423,0.544406490896104,Tier3,"wedding collection, gifting, kurta set, occasion wear, family pack",5,6
CUST01578,46,3,970.0,6153.0,0.4044210589825527,0.5580496284695714,0.5421274023971802,0.2060762103603673,0.2517963872424524,0.7006914606925595,0.4167668706590383,Tier2,"size guide, size chart, welcome offer, return policy",3,4
CUST01579,38,1,1080.0,1283.0,0.4228870474534595,0.5626006256150987,0.3012665525529527,0.4194490902803741,0.2792843571666731,0.694544755114977,0.2881867278656913,Metro,"order tracking, delivery time, wishlist",3,4
CUST01580,54,1,1170.0,1642.0,0.7700146743051781,0.6796293623636732,0.2082301153447185,0.6131379295814207,0.1786319550738609,0.4793227357337499,0.5948564081963185,Metro,"fit check, size medium, curated",3,4
CUST01581,17,10,770.0,6177.0,0.682445529044184,0.3827784727766522,0.6389777407620886,0.154226934957668,0.2067953242802432,0.4601414582635756,0.554785801194929,Tier3,"coupon, budget, bogo offer, sale, clearance",0,1
CUST01582,16,7,1620.0,16845.0,0.353940576190794,0.2184642614985242,0.5819509621654787,0.0647262326509502,0.353322805183571,0.7696073965647564,0.4633839573990893,Tier3,"restock alert, trending now, hype",2,0
CUST01583,73,1,2880.0,6495.0,0.2729355809037662,0.3591841422028629,0.2674851094756982,0.2997949195827476,0.4327199709415542,0.4784479649181045,0.2820109787845768,Metro,"wedding collection, ethnic wear, made to order, family pack",5,5
CUST01584,7,17,1300.0,16397.0,0.268925884559932,0.2792385748158707,0.7675696032348323,0.2184328564430399,0.0139975403221279,0.8466265731830686,0.5871556327734504,Tier2,"hype, jeans, cotton, collab, new drop",2,0
CUST01585,33,1,960.0,1050.0,0.6452727017334822,0.3966026540435252,0.6304858513847202,0.1304974770151159,0.2390166716001638,0.7586876306634819,0.517435904946851,Tier2,"clearance, unboxing, flat 50% off",6,3
CUST01586,72,1,1500.0,2878.0,0.5288479224527276,0.3399357763857779,0.5548803678127732,0.1868778404072006,0.2582417917800264,0.6653319836588805,0.6607185850008476,Tier3,"insta finds, kurta, trending, restock alert, first order discount",6,6
CUST01587,26,20,1060.0,42933.0,0.8193919082695557,0.3554880215299324,0.734517308403863,0.1030651947072032,0.1624174968889337,0.4524617087091886,0.6536779389766049,Tier2,"budget, lowest price, bogo offer",0,3
CUST01588,41,1,950.0,588.0,0.5669630394229876,0.3232823796874557,0.5024858766578318,0.419304142112802,0.0782099812293661,0.8762618142358198,0.4560767801076096,Tier2,"size medium, first order discount, insta finds, welcome offer, influencer recommended",6,4
CUST01589,37,3,910.0,6168.0,0.5936514846738331,0.259439475343163,0.6502374278726968,0.0592448352742402,0.290517736853063,0.936457282625425,0.5704048464875411,Tier2,"first order discount, insta finds, influencer recommended, order tracking, unboxing",6,3
CUST01590,36,3,4450.0,23077.0,0.11874857605562,0.3164791425219233,0.242736504809555,0.1467477055459825,0.6105157896444624,0.4237359336035414,0.2161165437214341,Metro,"designer drop, exchange, full price, made to order",1,5
CUST01591,8,11,1250.0,27756.0,0.3226700102515607,0.2018055036439295,0.714237332788127,0.2587855529242157,0.0269771142876574,0.8695273647223903,0.3346344099077084,Metro,"lowest price, collab, order tracking, free shipping",2,0
CUST01592,50,2,1230.0,3214.0,0.4828380298647591,0.5700178747827879,0.1043274462141282,0.4211333741176699,0.4745391796682018,0.6006839080548022,0.343098414703004,Metro,"discount, return policy, fit check, still deciding",3,4
CUST01593,36,5,1980.0,19595.0,0.2003796938156508,0.19630170419743,0.6794904847832987,0.1989306188071513,0.12157889640955,0.291280525753869,0.2121537758279582,Tier3,"order history, restock, early access, new arrivals",4,6
CUST01594,10,3,1450.0,11006.0,0.2899576663043454,0.3394962848986973,0.7039376769941619,0.1929054416956228,0.1031568813102154,0.8339636682577185,0.4719328894290887,Tier3,"oversized fit, free shipping, restock alert",2,0
CUST01595,12,5,580.0,3947.0,0.6776015948463595,0.4626540352930106,0.599517901081216,0.3422576650978959,0.058224433820888,0.6459128908982407,0.3592911302505134,Tier2,"bogo offer, cashback, lowest price, free shipping, budget",0,3
CUST01596,12,16,1190.0,31677.0,0.412568466164565,0.3021361370833817,0.8845763556737486,0.0284974820601614,0.0869261622660899,0.9348229857249206,0.4040904699612357,Tier2,"first order discount, size medium, welcome offer, jeans, hype",2,0
CUST01597,16,1,1190.0,1474.0,0.2692948074709623,0.3127696420341405,0.8788386916199207,0.0377309325949153,0.0834303757851638,0.7510286372164139,0.5779531734875661,Tier3,"streetwear, cotton, cod available, new drop, free shipping",2,1
CUST01598,15,15,550.0,5741.0,0.8011632445169543,0.2342220047184341,0.4202519788491278,0.3797915399272358,0.1999564812236364,0.5213869451326781,0.6319369126807455,Metro,"lowest price, discount, cashback, flat 50% off, exclusive collection",0,3
CUST01599,63,2,2570.0,7586.0,0.4267087187099689,0.2285883363118949,0.2966465998208152,0.6132586782275473,0.0900947219516373,0.4672472714949843,0.5146500668208306,Tier3,"kurta set, occasion wear, diwali sale, festive, wedding collection",5,6
CUST01600,51,3,1100.0,9387.0,0.5272341609068496,0.3019951216685135,0.6160714016630472,0.2270404525567702,0.1568881457801824,0.6699596309529574,0.7662868384280921,Metro,"first order discount, new user offer, cotton",6,4
CUST01601,12,11,690.0,8078.0,0.7991836193909027,0.5195002927631931,0.7110833192919109,0.2452450755175726,0.0436716051905164,0.6603261103697357,0.4528971573401181,Tier3,"clearance, coupon, discount, lowest price",0,1
CUST01602,16,4,1780.0,16172.0,0.3369945431605245,0.281836731658226,0.5984994347238674,0.3730615057432236,0.0284390595329088,0.734864016883433,0.1520402592647215,Tier3,"limited stock, new drop, trending now, oversized fit",2,0
CUST01603,61,2,1520.0,4898.0,0.4548100442111082,0.6800508664070517,0.4765901620185555,0.4055507489747422,0.1178590890067022,0.495211041653296,0.3877949938279459,Tier2,"fit check, reviews, compare",3,4
CUST01604,14,5,570.0,2748.0,0.5875209308143026,0.2190236364916419,0.6916485516753936,0.2216658902558597,0.0866855580687466,0.4790675143690749,0.8506552648916172,Tier3,"cod available, kurta, fit check, clearance",0,1
CUST01605,51,3,1220.0,2921.0,0.2052932629872557,0.6569259422359713,0.6026033379123038,0.2751557978884792,0.122240864199217,0.5143560910650656,0.4316319282221851,Tier2,"wishlist, return policy, t-shirt",3,4
CUST01606,104,6,2010.0,7929.0,0.1186432227815326,0.1112729140461863,0.5169677307388343,0.3983250654377994,0.0847072038233663,0.2429515090024065,0.0898755538455182,Tier2,"loyalty points, new arrivals, cashback, my orders",4,2
CUST01607,32,3,1480.0,5309.0,0.3507895211530894,0.135094315917247,0.354487092654467,0.4230110650426884,0.2225018423028445,0.3159607927978921,0.3868577433377829,Metro,"cotton, membership, favorite brand",4,5
CUST01608,84,2,3050.0,16784.0,0.1570733214670111,0.3623223156360652,0.2047864375431481,0.1207133878860254,0.6745001745708263,0.3210026401838195,0.1311675555490555,Tier2,"cotton, order history, membership, early access",4,2
CUST01609,9,5,1170.0,6591.0,0.3055738421862382,0.3505621376576422,0.6345504870013541,0.3621294642232348,0.0033200487754111,0.8683842362344587,0.6526723990526785,Tier2,"oversized fit, new drop, drop alert",2,0
CUST01610,47,6,1020.0,3521.0,0.5069587210224813,0.6290823714516512,0.4836960249566114,0.0490802848517978,0.4672236901915907,0.6866034089505166,0.5239332498987779,Tier3,"size chart, exchange, return policy, cod available, fit check",3,6
CUST01611,15,6,590.0,2260.0,0.8128078206545359,0.2550706434309412,0.6734315529025998,0.1778862956131121,0.1486821514842881,0.6214166664228334,0.6457283560040196,Tier2,"clearance, flat 50% off, combo offer",0,3
CUST01612,13,4,1830.0,3485.0,0.3709005801720322,0.4298441164150778,0.8073619411254694,0.1313996136192879,0.0612384452552425,0.778393331348057,0.234150390616398,Metro,"limited stock, reviews, streetwear",2,0
CUST01613,10,13,1250.0,21663.0,0.4638195692788506,0.360247085914585,0.8453283325736,0.1304063815727631,0.0242652858536369,0.851412895458943,0.3242790065724215,Metro,"oversized fit, limited stock, made to order, streetwear, trending now",2,0
CUST01614,15,2,940.0,3008.0,0.660450316724633,0.3248144397617425,0.5011852830282122,0.494086638398086,0.0047280785737016,0.4715349112976609,0.6201142876862022,Tier3,"clearance, exchange, discount, budget, coupon",0,1
CUST01615,34,7,1990.0,33711.0,0.3798695328205402,0.1072085847675969,0.8795528669281818,0.0972746565673176,0.0231724765045006,0.5574832735579702,0.3539426781480378,Tier2,"favorite brand, usual size, order history, early access",4,0
CUST01616,59,13,2230.0,29881.0,0.2379032337552581,0.3441416057191463,0.3849744912495367,0.3221037234033723,0.2929217853470909,0.5656558339919131,0.4392474106557703,Metro,"ethnic wear, diwali sale, saree",5,5
CUST01617,18,3,720.0,3752.0,0.819700654538978,0.2905936719389624,0.499083258236642,0.1834319772861346,0.3174847644772233,0.668448848830026,0.7142764786882244,Tier3,"lowest price, t-shirt, kurta set, cashback, combo offer",0,1
CUST01618,58,4,2890.0,20456.0,0.2306162284104038,0.3748614219922797,0.827142765313767,0.0597587248311733,0.1130985098550598,0.520803862691473,0.4965291642419233,Tier2,"exchange, occasion wear, order tracking, t-shirt, family pack",5,2
CUST01619,6,18,1150.0,19790.0,0.2949225371940183,0.1400978620067246,0.6301434244146542,0.1340735199047915,0.2357830556805542,0.8687608989884678,0.5031716204639938,Tier3,"new drop, order tracking, hype, sneaker match, collab",2,0
CUST01620,18,1,1620.0,1752.0,0.353240481667165,0.2040577798964505,0.6948209408092766,0.0758394326901578,0.2293396265005655,0.7936111248288139,0.2266093356021737,Metro,"restock alert, oversized fit, jeans",2,0
CUST01621,19,4,1410.0,13329.0,0.3732157247682668,0.0534921441669496,0.3762636070289546,0.25128976913956,0.3724466238314852,0.6903560495250483,0.3869693092826256,Tier2,"loyalty points, repeat order, new arrivals",4,2
CUST01622,32,4,880.0,8432.0,0.4818536461150851,0.7413388107744108,0.3831688939317573,0.3619816193522298,0.2548494867160129,0.7069937403316793,0.4587712823823922,Tier2,"still deciding, cod available, t-shirt, return policy, fit check",3,4
CUST01623,101,1,3150.0,2655.0,0.1540088101704533,0.3507957477057901,0.4400988099964193,0.3151211207526679,0.2447800692509126,0.4052279253765675,0.4664429834040616,Tier3,"order tracking, t-shirt, diwali sale, wedding collection, sherwani",5,6
CUST01624,51,4,2140.0,9756.0,0.1502932917201301,0.1131252658290906,0.4542135427886981,0.3933551310249127,0.1524313261863891,0.3984559876207056,0.2155611206017703,Metro,"restock, order history, usual size, jeans, membership",4,5
CUST01625,12,12,620.0,15997.0,0.6683960009760493,0.4354281132860152,0.5279357948025131,0.4111633258453032,0.0609008793521837,0.5269411810636169,0.8178353663380391,Metro,"exchange, clearance, flat 50% off, discount, order tracking",0,3
CUST01626,69,6,2330.0,30071.0,0.2565806509838093,0.3373389541145347,0.6906491393322228,0.1824298780649914,0.1269209826027856,0.4219562975464994,0.5881835300432916,Tier2,"saree, sherwani, wedding collection",5,2
CUST01627,63,1,3060.0,6109.0,0.3348920002456913,0.2508436940129297,0.2410187117169404,0.5264129454697088,0.2325683428133506,0.394780828047438,0.5859372110928218,Tier2,"sherwani, sale, exchange, saree, festive",5,2
CUST01628,12,3,730.0,1959.0,0.8075184037277298,0.3558632110151123,0.7939144837907333,0.036429785320869,0.1696557308883977,0.4386430033313976,0.7337772733309487,Tier2,"coupon, lowest price, clearance, bogo offer",0,3
CUST01629,72,1,2540.0,3558.0,0.3970768931706667,0.4800935146713732,0.5688096036693151,0.3202039582813362,0.1109864380493488,0.4769792823594369,0.494991254401923,Tier2,"occasion wear, insta finds, saree, order tracking, ethnic wear",5,2
CUST01630,37,1,1720.0,2412.0,0.201948442329206,0.0963715403905665,0.4628980745260359,0.4072485050298334,0.1298534204441306,0.330870582785688,0.4291224417652349,Tier2,"restock, order tracking, membership",4,2
CUST01631,18,4,680.0,3044.0,0.8680583328873718,0.3641419622532393,0.7074530098485489,0.0815367759417991,0.211010214209652,0.3925238497486847,0.549102203499728,Tier3,"t-shirt, kurta, order tracking, exchange",0,1
CUST01632,54,6,950.0,4572.0,0.4671453540458702,0.5313674904007516,0.323377606000572,0.1125507673939538,0.5640716266054742,0.694019623555808,0.5599460813425842,Tier2,"insta finds, influencer recommended, unboxing, occasion wear",6,4
CUST01633,83,1,2480.0,2242.0,0.3353808618437867,0.3209296801993734,0.1133386505592381,0.5963427244828952,0.2903186249578667,0.4036507410841451,0.5002706769452093,Metro,"made to order, kurta set, premium, free shipping, ethnic wear",5,5
CUST01634,50,1,1170.0,590.0,0.4701464942257737,0.6068956398760122,0.6174144312648181,0.2580981082027939,0.1244874605323879,0.5837268291402071,0.771602809575712,Tier3,"cotton, exchange, combo offer, cashback",6,6
CUST01635,15,9,550.0,11706.0,0.6009087355503927,0.3534469310302438,0.529167419679403,0.3739091171452402,0.0969234631753568,0.6486512392973567,0.6628347908691447,Tier3,"sale, lowest price, bogo offer, hype, cashback",0,1
CUST01636,61,3,1110.0,1525.0,0.3143561581856181,0.6318698942264942,0.1925902766721676,0.6315794068263435,0.175830316501489,0.4322322590611963,0.5495208122150272,Tier2,"wishlist, size guide, kurta, size chart",3,4
CUST01637,62,1,1130.0,2169.0,0.7031448816903971,0.5352542346374836,0.3890963250215781,0.154459678536415,0.4564439964420068,0.7828035949743815,0.5136883595781465,Metro,"influencer recommended, referral code, insta finds",6,4
CUST01638,52,5,2080.0,16942.0,0.3117807160612899,0.1475553543944919,0.563369551890748,0.1173133971493615,0.3193170509598906,0.2098940053776355,0.1872228115967313,Metro,"order tracking, repeat order, restock, early access",4,5
CUST01639,60,2,2660.0,9542.0,0.1399428716705722,0.1748504689261615,0.5317232996746559,0.2173694898223028,0.2509072105030412,0.1221253900770272,0.1046280457753381,Metro,"t-shirt, restock, early access",4,5
CUST01640,38,1,1200.0,1550.0,0.3378364122769784,0.5350721647115051,0.1511870831805698,0.577626310019864,0.2711866067995663,0.5109498903387747,0.4688922898790265,Tier2,"still deciding, compare, return policy, size guide, free shipping",3,4
CUST01641,60,1,1140.0,1860.0,0.3697683688946109,0.7811623042400612,0.3421014929965347,0.4095234895442506,0.2483750174592146,0.5565042294133479,0.3699425201403574,Tier3,"return policy, fit check, delivery time, reviews, still deciding",3,6
CUST01642,60,2,1210.0,3890.0,0.3730288701429877,0.7137971343584781,0.4197822951409599,0.4396718992699535,0.1405458055890864,0.5054577680335044,0.5023170558104606,Tier3,"fit check, reviews, size chart, return policy, diwali sale",3,6
CUST01643,30,4,3010.0,20483.0,0.1406687004582649,0.146565977454005,0.1599563312812432,0.4061312907401179,0.4339123779786389,0.1608641533220911,0.2875680823364405,Metro,"new arrivals, exchange, made to order, curated",1,5
CUST01644,52,1,1210.0,1084.0,0.408156967353276,0.7257087623776665,0.421631306824284,0.5077565240168223,0.0706121691588936,0.5914893400462347,0.2573448316482324,Tier2,"size chart, still deciding, order tracking",3,4
CUST01645,21,1,1260.0,805.0,0.3864310610677288,0.2480271872790084,0.4242902397660624,0.4158066945709086,0.1599030656630291,0.4291382402304396,0.1632515384306145,Tier2,"early access, favorite brand, kurta",4,2
CUST01646,14,3,720.0,3431.0,0.6898078253884569,0.2707889833054548,0.1913249004765796,0.5455333197373218,0.2631417797860985,0.4568422200793094,0.6607786747396738,Tier3,"discount, cotton, sale, order tracking, oversized fit",0,6
CUST01647,58,1,2240.0,3247.0,0.1526351387477625,0.3702253361446807,0.3482512643523577,0.5084727466662794,0.1432759889813628,0.5437380902955238,0.4996761136156329,Tier2,"diwali sale, kurta, festive, still deciding, cod available",5,2
CUST01648,13,5,590.0,4758.0,0.5705395734871295,0.2367506858575441,0.8136521584335703,0.1778169345272539,0.0085309070391757,0.6229118803247551,0.5934348239864201,Tier2,"combo offer, budget, repeat order",0,3
CUST01649,15,6,1480.0,11521.0,0.3120561220277966,0.4590942321509576,0.7219403251722637,0.1741997502523102,0.1038599245754261,0.8041804361925731,0.4593905890951054,Tier3,"size medium, trending now, cotton",2,1
CUST01650,68,2,2890.0,6876.0,0.3139076572744323,0.4228072081241452,0.3995905137193669,0.4049402436781035,0.1954692426025294,0.4634406146369412,0.4608592587193201,Tier2,"sherwani, cod available, kurta set, saree",5,2
CUST01651,56,1,960.0,618.0,0.418767005411415,0.5140052047778336,0.5131740340469492,0.2656512375885327,0.2211747283645181,0.7181136289406803,0.3815059881931993,Tier3,"wishlist, reviews, compare, size chart",3,6
CUST01652,10,9,1310.0,14181.0,0.4333135409298623,0.2028826627009174,0.5977797502198677,0.3672237565130624,0.0349964932670697,0.9220713025047635,0.2942011316694964,Metro,"trending now, collab, drop alert, restock alert, new drop",2,0
CUST01653,59,1,1120.0,1726.0,0.4532210518971163,0.2920989092914003,0.7042881026358121,0.1278451082007011,0.1678667891634866,0.7725183643178009,0.4556233435222735,Tier3,"referral code, insta finds, loyalty points",6,6
CUST01654,12,9,1640.0,26705.0,0.2706994966905841,0.3601383135336459,0.6548950356577982,0.0361848879361275,0.3089200764060742,0.5592540045679897,0.4130103661663368,Tier2,"sneaker match, hype, jeans, new drop, trending now",2,0
CUST01655,16,7,860.0,9390.0,0.70531561369203,0.5746671650198378,0.8652572221643196,0.1283574113089628,0.0063853665267175,0.5262241815503897,0.66822214414001,Tier3,"budget, cotton, cashback, exchange, size chart",0,1
CUST01656,11,16,1420.0,52436.0,0.4385022197739303,0.4056436621073049,0.8197870661128411,0.0596828099654438,0.1205301239217152,0.7397584967525966,0.4475046977173202,Tier2,"hype, streetwear, collab",2,0
CUST01657,16,12,630.0,19028.0,0.4860179899297925,0.2074149566859276,0.8236698701952131,0.1232145388366886,0.0531155909680982,0.6926070609968186,0.7426897602903931,Tier3,"limited stock, discount, lowest price, flat 50% off, order tracking",0,1
CUST01658,14,2,670.0,1412.0,0.7990256972966175,0.3618435258074278,0.8428734742096258,0.14846702051973,0.0086595052706442,0.6869480043764886,0.7119004449003468,Tier2,"t-shirt, cotton, lowest price, influencer recommended, order tracking",0,3
CUST01659,74,1,980.0,690.0,0.7022319257714447,0.6251087662541829,0.768441085817678,0.1116890511356576,0.1198698630466643,0.4784494756932826,0.7403590228475034,Tier2,"my orders, referral code, insta finds",6,3
CUST01660,50,1,1370.0,692.0,0.3800656491432563,0.6172729866816413,0.3075070326551089,0.5464656913049167,0.1460272760399744,0.8491357928179366,0.4672599729739872,Tier3,"delivery time, return policy, welcome offer, wishlist",3,6
CUST01661,17,12,2340.0,59737.0,0.2051410129393818,0.4400913097095938,0.5424541512444953,0.3410189961856077,0.1165268525698971,0.7187273345766759,0.2220638773130583,Tier2,"limited stock, sneaker match, free shipping, try first order, jeans",2,0
CUST01662,12,1,1420.0,1300.0,0.3768758185954545,0.2386784970998905,0.8415938558751851,0.1350132815985151,0.0233928625262995,0.8364055989302719,0.3717225825007003,Tier2,"trending now, drop alert, oversized fit, order tracking, restock alert",2,0
CUST01663,42,3,1560.0,5263.0,0.2782058582400548,0.0561367502209962,0.1489762327067697,0.4354196353813844,0.415604131911846,0.4187210824276275,0.3834497185539046,Metro,"flat 50% off, loyalty points, cotton, membership",4,5
CUST01664,72,3,3760.0,6457.0,0.1365000258372446,0.3330238905596007,0.3700377021082656,0.3784575274834191,0.2515047704083155,0.2886388246826303,0.487846642033448,Metro,"kurta set, diwali sale, gifting, streetwear, occasion wear",5,5
CUST01665,47,6,2440.0,34158.0,0.1787763418557178,0.1628520924443693,0.4125577235075786,0.2872904105320769,0.3001518659603444,0.4463037104743353,0.0944991742149699,Metro,"my orders, repeat order, restock",4,5
CUST01666,14,6,680.0,6935.0,0.6912388000311277,0.5160432709075484,0.4150993379871945,0.5144016414366536,0.0704990205761518,0.4358892061387831,0.7386177194788961,Tier2,"bogo offer, budget, flat 50% off, clearance, combo offer",0,3
CUST01667,13,10,600.0,5255.0,0.8179957820154986,0.321510727037399,0.7025654863597379,0.1640040786969694,0.1334304349432927,0.6191236648519947,0.6903261524855397,Tier2,"flat 50% off, coupon, cashback, wedding collection",0,3
CUST01668,34,1,1020.0,886.0,0.3903334405441066,0.7147604660396962,0.2709499236802921,0.5270363732656114,0.2020137030540966,0.5800779588888402,0.4679658836844187,Tier2,"compare, return policy, wedding collection",3,4
CUST01669,63,2,1610.0,5125.0,0.4471446800761273,0.7254418938221922,0.3074730312378008,0.5103273824404625,0.1821995863217367,0.6696897310421612,0.3027857089535392,Tier2,"reviews, wishlist, compare, return policy, size guide",3,4
CUST01670,43,5,4120.0,19800.0,0.1052774530013583,0.3391809972645195,0.095131811083677,0.4497107966863263,0.4551573922299965,0.1789362601446812,0.1924221517642136,Metro,"curated, limited edition, luxury, size medium, designer drop",1,5
CUST01671,55,9,3260.0,55862.0,0.1285377254493475,0.1833982704667572,0.3314259629449049,0.6292557676673473,0.0393182693877478,0.360327326492637,0.1615747205178448,Metro,"premium, luxury, order tracking, occasion wear, limited edition",1,5
CUST01672,67,3,1910.0,8247.0,0.2517283070785249,0.1458901490779126,0.8299545447392062,0.1509500387481991,0.0190954165125948,0.3923909602873336,0.2701623851039798,Tier3,"kurta, jeans, usual size, free shipping, membership",4,6
CUST01673,44,2,2220.0,6406.0,0.3209014780131061,0.2490908119783193,0.1627617902907555,0.6822746772869951,0.1549635324222492,0.6479371987023639,0.5077221687253353,Metro,"saree, occasion wear, family pack, cotton",5,5
CUST01674,64,7,2380.0,25662.0,0.1267380922958968,0.2875458103159842,0.420347301081633,0.362648061975806,0.2170046369425609,0.2217345947082081,0.132260370885571,Tier2,"membership, my orders, jeans, favorite brand",4,2
CUST01675,38,5,1450.0,11915.0,0.1876539983959418,0.1321735048059835,0.4894947370602073,0.2526135451293291,0.2578917178104634,0.3471913030272499,0.1726816429749823,Tier3,"restock, new arrivals, early access",4,6
CUST01676,17,8,770.0,7086.0,0.6068778697457542,0.2566591846856705,0.5555906145798195,0.4043482313863434,0.0400611540338369,0.6135908391252746,0.5396062933994543,Tier3,"restock, membership, budget",0,1
CUST01677,12,7,1930.0,10891.0,0.1552313989251079,0.5149411721921786,0.4889621619224933,0.0863260907936956,0.4247117472838111,0.7438408820308009,0.3029960039437521,Tier2,"sneaker match, trending now, hype, coupon, new drop",2,0
CUST01678,8,11,1480.0,28040.0,0.4414881622850306,0.219127032629716,0.6700916244175055,0.2474839139263267,0.0824244616561676,0.8079796702481897,0.1636131953945609,Metro,"repeat order, restock alert, new drop, jeans, trending now",2,0
CUST01679,79,2,1180.0,5202.0,0.3373537130921694,0.8626878915815198,0.3749088162376767,0.1612469374727621,0.4638442462895611,0.5940378823081467,0.3947277299294254,Tier2,"fit check, size chart, size guide, exclusive collection, reviews",3,4
CUST01680,47,3,2470.0,6279.0,0.3641396389694796,0.446261287762365,0.1943783266324489,0.7245527007581788,0.0810689726093723,0.4703988378312747,0.4420936025479084,Tier3,"kurta set, gifting, wedding collection, family pack, cotton",5,6
CUST01681,19,7,620.0,8782.0,0.7234679474212926,0.3762865145427948,0.5149838076750739,0.4464108506338303,0.0386053416910959,0.594076331944187,0.4579796005357742,Tier3,"combo offer, flat 50% off, sale, clearance",0,1
CUST01682,12,6,1660.0,11646.0,0.472991114934185,0.3769418225836081,0.7140236003037084,0.2843018722558274,0.0016745274404641,0.74814689871988,0.272065871196951,Metro,"hype, limited stock, sneaker match, oversized fit",2,0
CUST01683,23,4,820.0,6216.0,0.6821900260423556,0.3892106896949043,0.6302015907186507,0.2186937966609211,0.1511046126204281,0.5635780387620168,0.7120903879620372,Tier3,"budget, flat 50% off, sale, gifting",0,1
CUST01684,6,3,1200.0,5258.0,0.4762874617763589,0.2036598316830994,0.8140698980389425,0.1611038514958725,0.024826250465185,0.9043431148374768,0.448992423239678,Tier2,"sneaker match, trending now, hype, oversized fit",2,0
CUST01685,86,1,1270.0,2080.0,0.479699097895197,0.6336567038444603,0.2500732265010172,0.6381552505544844,0.1117715229444983,0.761710485689174,0.5040910878086856,Metro,"trending, first order discount, try first order, favorite brand",6,4
CUST01686,74,1,3230.0,6299.0,0.4143145065181797,0.4630864030260923,0.4311596871713125,0.2900093138060696,0.2788309990226179,0.2814559760608973,0.3940844251689767,Metro,"gifting, kurta set, cotton, diwali sale, wedding collection",5,5
CUST01687,6,15,1130.0,9181.0,0.2855074546773588,0.366937871281079,0.6326095489886004,0.3372116554236963,0.0301787955877032,0.8073887284917133,0.2968237852620141,Metro,"free shipping, jeans, trending now",2,0
CUST01688,12,11,690.0,4368.0,0.5745020682750798,0.4116307811281049,0.682966491602338,0.2536277081731718,0.06340580022449,0.4288908265363236,0.6283156573905554,Tier3,"cashback, discount, budget",0,1
CUST01689,60,4,1060.0,5544.0,0.4883240873562039,0.6240974282736629,0.3842973280336204,0.2143908110289964,0.4013118609373832,0.475212618383132,0.3380534865357537,Tier2,"limited stock, cod available, compare, fit check, delivery time",3,4
CUST01690,51,5,1410.0,14962.0,0.5064903948636585,0.7775416060557716,0.4003852727073376,0.3742227921309995,0.225391935161663,0.5622875484322044,0.4753459121836662,Metro,"exchange, reviews, wishlist, compare, family pack",3,4
CUST01691,75,2,1990.0,6063.0,0.196316848591401,0.1059286852928187,0.6363970106978589,0.2856678186607465,0.0779351706413945,0.3965072652529326,0.1686967975616879,Tier3,"repeat order, free shipping, favorite brand",4,6
CUST01692,15,5,1610.0,19520.0,0.2834951923691146,0.2458685733637118,0.8032532628982371,0.1581180123132708,0.0386287247884921,0.9014015596070588,0.4621034814302822,Metro,"free shipping, restock alert, trending now, hype, limited stock",2,0
CUST01693,66,3,5320.0,9309.0,0.1178186178554992,0.2088128093428609,0.1651025967480029,0.622332173940719,0.212565229311278,0.2615090596584233,0.0611246323617627,Metro,"membership, favorite brand, premium, designer drop, exclusive collection",1,5
CUST01694,49,4,2060.0,7121.0,0.3704563048511895,0.2301053710199141,0.6277492412900847,0.3138917328590657,0.0583590258508496,0.6179300817709525,0.2586575713689156,Metro,"t-shirt, order history, jeans, new arrivals, early access",4,0
CUST01695,58,7,2350.0,15067.0,0.264545600743893,0.1530147747928831,0.7305339987920705,0.1060245671204184,0.1634414340875111,0.397101768159085,0.1977083389819022,Tier3,"free shipping, drop alert, early access, my orders",4,6
CUST01696,73,2,3240.0,14917.0,0.3344239455784363,0.4616060487816582,0.3799681978022968,0.5242828986404505,0.0957489035572527,0.4513280412786459,0.6053995639554823,Tier2,"combo offer, cotton, family pack",5,2
CUST01697,44,8,4460.0,54790.0,0.0660637983061777,0.191950056204309,0.0621279540184174,0.5704058685476882,0.3674661774338944,0.3521350007844746,0.2178526897695785,Metro,"designer drop, luxury, curated",1,5
CUST01698,14,10,690.0,5945.0,0.7866763967850274,0.3487008893951208,0.6790568013628632,0.2127780637899724,0.1081651348471643,0.5077060015243473,0.800834373855342,Tier2,"coupon, size medium, delivery time",0,3
CUST01699,47,7,1900.0,20649.0,0.2190721175412264,0.0666573970930241,0.4656038875922593,0.1494927203973012,0.3849033920104395,0.3197800447269344,0.4334028915398861,Metro,"new arrivals, jeans, early access, return policy, restock",4,5
CUST01700,43,5,1830.0,11769.0,0.2197386535733321,0.2429846941909815,0.5208809022038753,0.3676903195350339,0.1114287782610907,0.3111383974464736,0.3797204634056204,Metro,"my orders, favorite brand, free shipping, membership",4,5
CUST01701,81,1,1150.0,1993.0,0.2488271280508295,0.6199538332710123,0.4524440052791847,0.4411151826740412,0.1064408120467739,0.6974614840112074,0.4263599446623848,Tier2,"reviews, cod available, compare, kurta, festive",3,4
CUST01702,10,6,520.0,5390.0,0.5909289748427082,0.3204090271688123,0.7283923365638217,0.1438843001437456,0.1277233632924325,0.6553001703622982,0.7769738945871731,Tier3,"flat 50% off, cashback, size medium, clearance",0,1
CUST01703,26,2,3390.0,10283.0,0.1857892263750117,0.2240712883398312,0.1569988202518539,0.184340589259434,0.6586605904887121,0.37717957950157,0.0974123360143605,Metro,"limited edition, size medium, free shipping, cotton",1,5
CUST01704,54,1,1090.0,2044.0,0.3529536512627093,0.5942670593492935,0.5112419781498099,0.3855901136473302,0.1031679082028597,0.6080822255247954,0.4368675711402137,Tier3,"reviews, delivery time, size chart, exchange",3,6
CUST01705,63,1,1320.0,2415.0,0.6521468852409829,0.4285442486729373,0.5820276421988394,0.2292781190893552,0.1886942387118053,0.6175929955576233,0.6277972077187817,Metro,"size medium, order tracking, reels, new user offer",6,4
CUST01706,34,3,2990.0,11801.0,0.2064370565570067,0.0586486959872155,0.104087038602701,0.3473011061385415,0.5486118552587577,0.242519895231254,0.3654308507628346,Metro,"bogo offer, curated, premium fabric, luxury",1,5
CUST01707,37,1,1170.0,1382.0,0.4709179111428491,0.4324537712319199,0.7003312201592368,0.1268696328662862,0.1727991469744768,0.7179515515403446,0.3530015497318238,Tier2,"size medium, insta finds, first order discount, trending",6,4
CUST01708,49,4,2010.0,11932.0,0.1997372126707153,0.0712230692334444,0.1506651206393813,0.6737468877839263,0.1755879915766921,0.2848810251127729,0.1460865554924934,Tier3,"cotton, favorite brand, kurta",4,6
CUST01709,13,9,1870.0,21784.0,0.4300652770142192,0.4623441521370351,0.6008081029049536,0.1787863622430566,0.2204055348519897,0.7582217549868534,0.2692544214911093,Metro,"size medium, sneaker match, limited stock, hype, oversized fit",2,0
CUST01710,42,4,1720.0,11119.0,0.4232458432326684,0.0748312844166758,0.7410551359348595,0.2220074778867228,0.0369373861784177,0.408796455088628,0.2627793014910893,Metro,"loyalty points, repeat order, try first order",4,0
CUST01711,14,7,1490.0,18055.0,0.2905410284941084,0.2451425542306424,0.9284462776869388,0.0648338230537398,0.0067198992593214,0.7592115298826146,0.1595809859689125,Metro,"hype, full price, drop alert, exchange",2,0
CUST01712,83,5,2720.0,22254.0,0.2579752933773981,0.2324662317499756,0.38656016068647,0.3227665161243135,0.2906733231892163,0.5118877760399572,0.4343366066301987,Tier3,"sherwani, exchange, wedding collection",5,6
CUST01713,65,8,1200.0,7718.0,0.511971909326035,0.6947952376139935,0.2600070777646842,0.6687711854944322,0.0712217367408836,0.6107772667164202,0.4110097437257334,Tier2,"return policy, still deciding, size medium, wishlist, insta finds",3,4
CUST01714,81,1,3110.0,1471.0,0.136052669240325,0.3556859324729801,0.4119347830030715,0.5234756824533221,0.0645895345436063,0.3588772276023564,0.4847651817635678,Tier2,"diwali sale, sherwani, new drop, festive, kurta set",5,2
CUST01715,48,1,1160.0,1667.0,0.442941758669722,0.4763808033063683,0.8091408546899969,0.077993945106543,0.11286520020346,0.7389244986064558,0.4246439524202789,Tier2,"referral code, influencer recommended, trending",6,4
CUST01716,60,2,1030.0,1198.0,0.4484414848877387,0.4261927703209624,0.3494870057771665,0.2389882715913754,0.411524722631458,0.7677875829133467,0.6413981742248445,Tier3,"unboxing, first order discount, try first order",6,6
CUST01717,19,7,680.0,5855.0,0.7970713627315533,0.3629973122312714,0.6741482440935207,0.14580503769327,0.1800467182132092,0.3943189897926243,0.6655328159596106,Tier3,"trending, bogo offer, insta finds",0,1
CUST01718,39,1,1660.0,3862.0,0.2736311549407018,0.2401904378493317,0.4498484913995918,0.2676511573063246,0.2825003512940834,0.21626043189042,0.1306408149525718,Tier2,"favorite brand, ethnic wear, early access",4,2
CUST01719,11,5,540.0,3080.0,0.7834152064712747,0.397615166366584,0.7164650242016286,0.2292677611064605,0.0542672146919107,0.5926819888967584,0.7587994054732261,Tier2,"combo offer, bogo offer, clearance, budget",0,3
CUST01720,16,6,750.0,7057.0,0.5747758175810282,0.4966398868413832,0.7369601785043349,0.2200180869847977,0.0430217345108673,0.4219920392415057,0.5136888305370961,Tier3,"t-shirt, bogo offer, discount, budget",0,1
CUST01721,40,1,3620.0,2225.0,0.073427400512109,0.2352920670832304,0.2877437665451179,0.4327674913785886,0.2794887420762933,0.4421482402019218,0.2051979041144686,Tier2,"premium, loyalty points, premium fabric",1,2
CUST01722,14,1,670.0,351.0,0.7092083880939851,0.4116817010409299,0.4767603296405471,0.1779625564966951,0.3452771138627578,0.7093165948701531,0.7666100662874612,Tier2,"bogo offer, flat 50% off, free shipping",0,3
CUST01723,61,3,2240.0,8294.0,0.3533470431165074,0.2258776122196676,0.4697081643234855,0.1337144036210923,0.3965774320554222,0.4030051842046823,0.241108962543177,Tier2,"my orders, exclusive collection, early access, membership, order history",4,2
CUST01724,57,1,1130.0,515.0,0.3662834784998255,0.7761567024591063,0.7244504451793495,0.2041262800827605,0.0714232747378901,0.5946089337384259,0.5081949772303563,Tier3,"cod available, size chart, still deciding",3,6
CUST01725,46,1,1140.0,844.0,0.6330807915546945,0.3683808937474097,0.6115582387894993,0.2448938913340107,0.1435478698764899,0.7551461061431418,0.561770046860821,Tier2,"t-shirt, welcome offer, jeans, influencer recommended, insta finds",6,3
CUST01726,40,8,2370.0,18715.0,0.2306972732931873,0.0673278366141903,0.2603886078035145,0.4165739451028256,0.3230374470936597,0.4385210025032016,0.2137773124990567,Metro,"restock, usual size, loyalty points, new arrivals",4,5
CUST01727,67,1,1180.0,3285.0,0.5593214724430732,0.5663719168453754,0.4994989625447761,0.2689187169485822,0.2315823205066417,0.6505926024523425,0.4317461298277105,Tier3,"reviews, size guide, fit check, compare, wishlist",3,6
CUST01728,37,7,1100.0,5360.0,0.4440692824351582,0.5119440528885271,0.3667179284857475,0.1599806606040392,0.4733014109102133,0.6493672877955965,0.342994135876047,Tier2,"compare, reviews, delivery time, cod available",3,4
CUST01729,11,4,1590.0,4056.0,0.3325699814749834,0.350817806888906,0.6366607121905706,0.0942547871559511,0.2690845006534783,0.7686750790239254,0.322097640592613,Metro,"restock alert, drop alert, early access, collab",2,0
CUST01730,68,3,2830.0,12030.0,0.2871511757267493,0.2941962175741999,0.2933996791561222,0.3860619843262866,0.3205383365175911,0.3041720424970122,0.5921044911048363,Tier3,"limited stock, t-shirt, festive, restock alert",5,6
CUST01731,75,7,2230.0,31185.0,0.2058508144577888,0.2507521201682471,0.1338984869649187,0.847265538612606,0.0188359744224751,0.6167254974803585,0.544294813203573,Tier2,"diwali sale, family pack, delivery time",5,2
CUST01732,14,5,580.0,1746.0,0.6264107060681522,0.3531277741635419,0.649208623844385,0.1124931554587597,0.2382982206968552,0.6562117020271034,0.7864194449005548,Tier3,"exchange, lowest price, combo offer",0,1
CUST01733,19,1,620.0,1572.0,0.7103399421462484,0.4859394103553275,0.746303201936048,0.1648741260020621,0.0888226720618896,0.4355968118623958,0.7658876234652026,Tier2,"flat 50% off, discount, clearance, combo offer",0,3
CUST01734,36,2,1740.0,6013.0,0.167712475469257,0.0528098841016763,0.2508219550172654,0.3321444925845281,0.4170335523982064,0.3390680180628898,0.2197383292392742,Tier2,"usual size, early access, gifting",4,2
CUST01735,14,15,580.0,7360.0,0.8023884622150684,0.4249291016979177,0.6803260168483517,0.2997315882910819,0.0199423948605663,0.581899818511334,0.6761056761868545,Tier2,"discount, t-shirt, flat 50% off, cashback",0,3
CUST01736,14,12,540.0,14724.0,0.8784188481972641,0.2745140489953477,0.7203186866675018,0.0659327361147412,0.213748577217757,0.4374576281978244,0.6786363446721078,Tier2,"cashback, sale, coupon, lowest price, clearance",0,3
CUST01737,36,1,670.0,801.0,0.5904722816602564,0.4185090074314873,0.4693607264356612,0.2258123088601766,0.3048269647041622,0.6639921163031004,0.6722211265404127,Tier3,"welcome offer, luxury, try first order, jeans, trending",6,6
CUST01738,66,5,2080.0,20561.0,0.0648500626967222,0.0607055115375857,0.5649106905748259,0.2579113380251457,0.1771779714000283,0.2653291191442991,0.2238895810883276,Tier3,"t-shirt, repeat order, loyalty points",4,6
CUST01739,73,4,1260.0,7835.0,0.3177496448438744,0.7327426820978243,0.1993904169761375,0.3438477432746226,0.4567618397492398,0.3392032693969465,0.4483394958773259,Tier3,"cotton, still deciding, sherwani, compare",3,6
CUST01740,55,7,3140.0,32806.0,0.3180296041376836,0.16222117155066,0.5112540625984544,0.4571460502317816,0.0315998871697639,0.5210167715563232,0.4525216571532993,Metro,"occasion wear, festive, diwali sale, saree, premium fabric",5,5
CUST01741,16,5,730.0,5348.0,0.7633911605358183,0.401300179907644,0.5563216084657202,0.1774461857930915,0.2662322057411882,0.5774285210534137,0.6700230498713308,Tier2,"bogo offer, coupon, sherwani, wedding collection",0,3
CUST01742,62,1,1000.0,2288.0,0.5453714617057465,0.2928490563118484,0.4852417716840371,0.1594952756238255,0.3552629526921375,0.5994082010086493,0.268438551691391,Tier3,"free shipping, trending, budget",6,6
CUST01743,12,3,510.0,2308.0,0.7677888786619066,0.1944024237620182,0.818578509474013,0.1376177403180367,0.0438037502079502,0.629095306765872,0.7247889778895601,Tier3,"coupon, budget, cashback, sale, flat 50% off",0,1
CUST01744,33,3,3320.0,14077.0,0.0255173078542785,0.1567931117316134,0.2629637722306559,0.3470651597414064,0.3899710680279376,0.2793023145433844,0.1115409967785245,Metro,"designer drop, premium, limited edition",1,5
CUST01745,18,8,820.0,5705.0,0.7836832957946156,0.4635163670551153,0.6783889850339399,0.2588428373817765,0.0627681775842836,0.5120606289048601,0.7283681064003854,Tier3,"size medium, exchange, bogo offer, premium fabric, budget",0,1
CUST01746,52,2,1230.0,5671.0,0.4204280436149273,0.3878087230925586,0.2839577271879011,0.3953876239349178,0.3206546488771811,0.7558857770476776,0.5728268514178935,Tier2,"exchange, size medium, influencer recommended, unboxing",6,4
CUST01747,9,10,1220.0,15646.0,0.2548976857563494,0.2817802018763197,0.7653854543019856,0.119357152220389,0.1152573934776253,0.8887950568102967,0.215986135799427,Metro,"restock alert, oversized fit, order tracking",2,0
CUST01748,11,2,1650.0,10011.0,0.2289997895140448,0.1889405606077199,0.7519856488911622,0.2289169770142997,0.0190973740945382,0.8625570048436859,0.3970482157113357,Tier2,"return policy, limited stock, cod available, drop alert",2,0
CUST01749,14,4,570.0,4219.0,0.805687858500612,0.3924859358753153,0.7560583165268541,0.1195329970314013,0.1244086864417445,0.5528800660945454,0.6687900818366832,Tier3,"bogo offer, coupon, size medium, clearance",0,1
CUST01750,65,1,1210.0,3145.0,0.614535987679852,0.4442509975688334,0.7395635658024381,0.1343075717646241,0.1261288624329377,0.8180758285812251,0.5842014817734702,Metro,"new user offer, hype, unboxing, welcome offer",6,4
CUST01751,43,1,980.0,2509.0,0.5831442422080386,0.681876261641721,0.4945689398656939,0.1555881984139687,0.3498428617203374,0.7287216477279033,0.4322321215384574,Metro,"still deciding, size guide, kurta, fit check, cod available",3,4
CUST01752,54,2,970.0,2461.0,0.3475062180786529,0.8135099013301026,0.6493495960100315,0.1535323205468267,0.1971180834431417,0.7457034588107032,0.3475956326693424,Tier2,"delivery time, cod available, size guide, fit check, compare",3,4
CUST01753,50,10,3710.0,58468.0,0.0972047274620154,0.2292887224561063,0.1265934625836147,0.7230189751017465,0.1503875623146389,0.2464344349306281,0.0925081080901847,Metro,"made to order, limited edition, wedding collection, luxury",1,5
CUST01754,8,3,1200.0,5649.0,0.1972358957187754,0.3279626726156494,0.7723115363996609,0.225519250597669,0.0021692130026701,0.9093171511929796,0.260753457880047,Metro,"limited stock, jeans, exchange",2,0
CUST01755,59,1,3040.0,2909.0,0.2937092858837257,0.3280917724547522,0.4280042767451146,0.2314562036860781,0.3405395195688073,0.5033075094144042,0.5764368491157505,Tier3,"sherwani, exchange, festive, streetwear",5,6
CUST01756,50,1,2100.0,1143.0,0.2468397722456184,0.178445242512287,0.3478542030884943,0.546657536507816,0.1054882604036896,0.2052853725642432,0.1508313222139894,Metro,"my orders, early access, order history",4,5
CUST01757,51,3,2370.0,10679.0,0.2559475612365739,0.0877510424710776,0.5315098201450389,0.2841601502983821,0.1843300295565788,0.307738719981567,0.1380601405547728,Tier3,"restock, favorite brand, repeat order",4,6
CUST01758,48,1,1010.0,1710.0,0.2797751712832275,0.8400590437976159,0.4342258217203377,0.1956603683848072,0.370113809894855,0.5849919901602422,0.4136902644143388,Metro,"cod available, wishlist, compare, size guide",3,4
CUST01759,54,2,2840.0,5795.0,0.4161645119199054,0.3012364055127878,0.1505265955604278,0.7369737939282747,0.1124996105112976,0.5277560849753916,0.5250387290325594,Tier2,"saree, occasion wear, ethnic wear, try first order",5,2
CUST01760,37,1,1620.0,3949.0,0.3194285083154866,0.1502888651057912,0.4824770251516383,0.3591099249514003,0.1584130498969614,0.360940229804339,0.3040032345143292,Tier3,"membership, favorite brand, restock",4,6
CUST01761,15,9,650.0,4379.0,0.5922450233870098,0.2892751049122827,0.3913634616128501,0.5919415278661987,0.0166950105209511,0.5814688676718593,0.4811299460561788,Tier3,"budget, bogo offer, order tracking, free shipping",0,1
CUST01762,12,3,590.0,4266.0,0.7268331154490159,0.2788111287526942,0.7975102704211462,0.0769281545936353,0.1255615749852186,0.4174669168602959,0.6806404564416558,Tier2,"lowest price, clearance, coupon",0,3
CUST01763,11,3,1320.0,6237.0,0.2823725587439323,0.4285887328163122,0.6914969951260421,0.1986066871719325,0.1098963177020253,0.8398965428496842,0.2241652891379244,Metro,"limited stock, oversized fit, trending now",2,0
CUST01764,64,1,930.0,2254.0,0.7043576334727684,0.367682629791361,0.7716881540714607,0.1228444272250783,0.1054674187034609,0.7793885890869074,0.6156415668005611,Metro,"compare, new user offer, referral code, welcome offer",6,4
CUST01765,29,3,1100.0,4966.0,0.2807808614035693,0.0472317445794241,0.4755470387780847,0.273016006721352,0.2514369545005632,0.2639874592121387,0.2895319059265661,Tier3,"early access, loyalty points, favorite brand, new arrivals",4,6
CUST01766,17,5,510.0,1248.0,0.692757137718292,0.4675740258358579,0.7555019957340405,0.2276910294000624,0.016806974865897,0.5646177546018982,0.80615228021458,Tier3,"budget, kurta, free shipping, clearance",0,1
CUST01767,45,7,3260.0,29147.0,0.0725603824896563,0.1637274570753448,0.2395724129129673,0.4207158569029663,0.3397117301840664,0.441753011362151,0.0658419322533976,Metro,"made to order, hype, luxury",1,5
CUST01768,59,7,2140.0,27197.0,0.314689577102915,0.3689372043299319,0.2171103673260759,0.4926087421304762,0.2902808905434479,0.6676731940836945,0.6376195574678849,Metro,"repeat order, saree, ethnic wear",5,5
CUST01769,16,2,790.0,3536.0,0.7566385057489897,0.3666152889148044,0.7118268745716133,0.2229621631840034,0.0652109622443833,0.4174162721043207,0.8072794680702504,Tier2,"coupon, clearance, sale, cashback",0,3
CUST01770,44,5,1920.0,6390.0,0.2920025780377298,0.2532238122217086,0.5703442121206064,0.2919166668995404,0.137739120979853,0.3501278403485779,0.195838391666564,Metro,"size medium, order history, loyalty points, favorite brand, early access",4,5
CUST01771,43,3,830.0,1850.0,0.7009308283057463,0.5639990986708683,0.5983128682363206,0.2855208963048042,0.116166235458875,0.7396245244353044,0.5179648272677843,Tier3,"first order discount, reels, insta finds, influencer recommended, trending",6,1
CUST01772,39,5,1520.0,7163.0,0.2784714598929813,0.0573099490003477,0.7155894715711388,0.1523768623727021,0.1320336660561591,0.4340418518455922,0.2609355473774278,Tier3,"favorite brand, new arrivals, loyalty points, usual size",4,6
CUST01773,51,2,1220.0,3010.0,0.4908494333688317,0.7779880108451767,0.2800450096874414,0.4757995568275517,0.2441554334850068,0.9247952940777444,0.4948891473686183,Metro,"delivery time, return policy, wishlist, cod available, size medium",3,4
CUST01774,87,3,3130.0,6775.0,0.2138201954298328,0.3908958586673356,0.2955222206415259,0.3662083965743555,0.3382693827841185,0.4733062531069455,0.4108292001254441,Tier2,"luxury, wedding collection, size medium, occasion wear",5,2
CUST01775,19,14,720.0,26105.0,0.7090489426585295,0.6324000027363434,0.7048016556011644,0.190588509022874,0.1046098353759616,0.408895890948399,0.7533110915639054,Metro,"streetwear, t-shirt, exchange",0,3
CUST01776,81,2,3190.0,12959.0,0.3388933495809759,0.2690360618520286,0.3809139196131684,0.565597764321718,0.0534883160651134,0.3712475096895082,0.6717668466625365,Metro,"first order discount, wedding collection, sherwani, free shipping, occasion wear",5,5
CUST01777,53,2,1130.0,3769.0,0.3463433396269115,0.5020681421351141,0.4170532865945804,0.2691736651267029,0.3137730482787167,0.6473597169408161,0.5379649156074564,Tier3,"size guide, order tracking, fit check",3,6
CUST01778,55,1,2820.0,2417.0,0.4744552003455588,0.2125114847016836,0.3469541880877885,0.4316654628031056,0.2213803491091059,0.6192905467252,0.6227705514007124,Tier3,"kurta set, diwali sale, saree, ethnic wear, family pack",5,6
CUST01779,80,1,1570.0,1485.0,0.4101893987362859,0.8274881528832173,0.4976419987744282,0.4247689019197602,0.0775890993058115,0.5747359657171035,0.2583057977965138,Tier3,"premium fabric, cotton, full price, wishlist",3,6
CUST01780,80,1,1590.0,1435.0,0.1379052613058917,0.8639158190294656,0.6068634757513154,0.3043130668613947,0.08882345738729,0.5618262742102512,0.2065729253028355,Tier2,"fit check, delivery time, reviews, cod available",3,4
CUST01781,13,16,1240.0,17302.0,0.228635378983042,0.4156808223186282,0.6828260195305246,0.1031921754772766,0.2139818049921986,0.8469865319924381,0.3139561561578063,Tier2,"new drop, sneaker match, oversized fit, collab",2,0
CUST01782,39,4,2140.0,7597.0,0.2373511833985003,0.2547285423381348,0.2130982365334381,0.5477557621850897,0.2391460012814722,0.3544957196421969,0.0859839935966501,Tier2,"early access, favorite brand, my orders, repeat order",4,2
CUST01783,46,2,4010.0,11149.0,0.0219026573058406,0.1275956993376827,0.2270018150626478,0.6250763178257198,0.1479218671116323,0.2127696564255137,0.2046451739006743,Metro,"exclusive collection, curated, t-shirt, exchange",1,5
CUST01784,12,17,630.0,6340.0,0.751815053923357,0.3379141909955694,0.6403688128646857,0.2512561688869936,0.1083750182483207,0.5092555757959792,0.7453758126648286,Tier3,"repeat order, budget, clearance",0,1
CUST01785,68,2,2500.0,7055.0,0.3783041410547422,0.3003605325727403,0.4069197903269186,0.4936233129468537,0.0994568967262276,0.5716790554926628,0.5603472131148303,Metro,"occasion wear, wedding collection, gifting, sherwani, cotton",5,5
CUST01786,12,2,2090.0,5428.0,0.3810330059743431,0.264543435262578,0.6540747249154497,0.3261321927904085,0.0197930822941416,0.5956228783513834,0.4407972094587457,Metro,"family pack, streetwear, limited stock, exchange, sherwani",2,0
CUST01787,57,1,1250.0,926.0,0.2528061069293044,0.6907012529055905,0.2465363511714431,0.2569951679112967,0.4964684809172602,0.861220373759222,0.4780794247366293,Metro,"fit check, still deciding, size chart",3,4
CUST01788,72,7,2420.0,10893.0,0.3806617238514262,0.180696682863985,0.3827248633053202,0.3262178046252661,0.2910573320694137,0.4863461433672619,0.3651892737194399,Tier3,"occasion wear, kurta set, festive, t-shirt, family pack",5,6
CUST01789,14,2,660.0,2706.0,0.8525559220522333,0.3602441330364063,0.3167126036438997,0.3696902170150297,0.3135971793410705,0.5856532227930842,0.6179547230605678,Tier3,"discount, flat 50% off, budget, combo offer, luxury",0,1
CUST01790,12,18,570.0,21546.0,0.7085841402960168,0.3927211417564967,0.8060366784963519,0.191730192144507,0.002233129359141,0.5135271548965673,0.580067495153362,Tier3,"sale, cashback, lowest price, combo offer, budget",0,1
CUST01791,15,14,630.0,10646.0,0.8609776733906409,0.3631178052419855,0.7053158526692316,0.2248332021468113,0.0698509451839569,0.2861918839061969,0.7293556286939088,Tier2,"sale, flat 50% off, bogo offer, free shipping, lowest price",0,3
CUST01792,5,9,1020.0,23591.0,0.2921471825512435,0.1156761026779814,0.7629533064442156,0.1712165732552169,0.0658301203005675,0.90331706525366,0.5218145818574115,Metro,"limited stock, hype, restock alert, collab",2,0
CUST01793,15,17,640.0,18038.0,0.7898663719290276,0.3931404820547761,0.623126266807325,0.2447869835275285,0.1320867496651464,0.5717713001666593,0.5515839782857921,Tier2,"combo offer, clearance, cotton, coupon, sale",0,3
CUST01794,15,3,640.0,2722.0,0.7503719492141153,0.3147356270696403,0.7133577516793431,0.260937444055032,0.0257048042656245,0.5578809306484123,0.7613401307546943,Tier2,"t-shirt, kurta, usual size, order history",0,3
CUST01795,10,3,1030.0,4904.0,0.3667278108160119,0.2726786416803485,0.5415150942359476,0.290011224259753,0.1684736815042993,0.6686018353648723,0.4895591591550587,Tier2,"sneaker match, streetwear, new drop",2,0
CUST01796,42,2,990.0,3716.0,0.5708015362240924,0.3561946478913099,0.3658416311013068,0.2520168147819754,0.3821415541167178,0.7330650286118704,0.6643041343883611,Tier3,"trending now, hype, referral code",6,6
CUST01797,16,4,620.0,5520.0,0.7003812649302442,0.3057433635666718,0.6035140816135981,0.2586760638552615,0.1378098545311404,0.5503598598939574,0.7573435586254391,Tier2,"kurta, exchange, discount, cashback, try first order",0,3
CUST01798,58,5,2400.0,20676.0,0.0850354376522793,0.3844633038783044,0.3728028770682715,0.3746419402727097,0.2525551826590187,0.2092171240898982,0.2167697222489613,Metro,"new arrivals, early access, repeat order",4,5
CUST01799,13,23,540.0,24529.0,0.8311228626020319,0.3169923176588009,0.5764975216764544,0.1640094578439384,0.2594930204796071,0.4515444698483816,0.8501576971117015,Tier3,"lowest price, sale, gifting, coupon, discount",0,1
CUST01800,49,1,1430.0,3303.0,0.5377618818571253,0.2902413179956779,0.5135168152502889,0.0936447449007594,0.3928384398489516,0.5531207494889119,0.3530188906014835,Tier2,"welcome offer, reels, influencer recommended",6,4
CUST01801,22,5,780.0,6046.0,0.631815572497536,0.5006577844353335,0.3545465789287387,0.4066999441903127,0.2387534768809486,0.4818540535669138,0.7628234200178502,Tier2,"clearance, combo offer, budget, cashback",0,3
CUST01802,58,1,1210.0,2121.0,0.5395219271024286,0.6893939117901972,0.760776344526283,0.182790017261638,0.0564336382120789,0.518506358941614,0.3729377690283606,Tier2,"delivery time, wishlist, size chart, usual size",3,4
CUST01803,16,2,1380.0,6163.0,0.3552852487055124,0.2683492238364008,0.7282145625297791,0.1389538365628825,0.1328316009073383,0.6652279204906496,0.2042575681240695,Tier2,"trending now, hype, collab",2,0
CUST01804,19,10,730.0,11524.0,0.6837442693277613,0.2866930447234601,0.737003269566939,0.1517426002013245,0.1112541302317364,0.557783088327154,0.4921034045970161,Tier2,"bogo offer, new user offer, flat 50% off",0,3
CUST01805,17,6,640.0,2494.0,0.5230549359012718,0.3711026305375189,0.82675586775708,0.1589127382128831,0.0143313940300369,0.6043410235701066,0.6963736231234838,Tier3,"lowest price, bogo offer, clearance, discount, coupon",0,1
CUST01806,49,3,1490.0,6082.0,0.4134961376051545,0.123074632570169,0.6133729699056155,0.138350801862688,0.2482762282316964,0.1630625449693067,0.0517676612794298,Tier2,"repeat order, usual size, early access, loyalty points, membership",4,2
CUST01807,9,1,1310.0,1524.0,0.3270661945279163,0.3016270003258103,0.9242667675152096,0.0730324035593969,0.0027008289253936,0.8230006871016363,0.545138834245227,Metro,"restock alert, drop alert, hype, sneaker match",2,0
CUST01808,50,2,950.0,2310.0,0.3739245409043452,0.4886849175251329,0.5013169219754592,0.2993507310523465,0.1993323469721942,0.7860329248898554,0.6922632710669432,Tier2,"new user offer, reels, size medium, influencer recommended, welcome offer",6,4
CUST01809,35,1,1850.0,2193.0,0.1610015255007583,0.0211651729793424,0.7096332032390309,0.2352183696476109,0.0551484271133582,0.4547976155939218,0.1684141695488348,Metro,"cotton, favorite brand, exchange, my orders, new arrivals",4,5
CUST01810,66,3,5320.0,12939.0,0.0244488906681062,0.1951911926163425,0.2315452327496729,0.4519021776191819,0.3165525896311451,0.1811562643434053,0.1435897534092214,Metro,"limited edition, jeans, premium fabric, cotton",1,5
CUST01811,8,6,1410.0,17600.0,0.2299642687361928,0.3719339062886247,0.7255465152886672,0.1556504563375271,0.1188030283738055,0.9282899068742536,0.4757209291197996,Metro,"streetwear, limited stock, collab",2,0
CUST01812,71,1,1480.0,3244.0,0.4196269919697612,0.8323373028689517,0.1721577585738761,0.5890351122746976,0.2388071291514261,0.6658819029454242,0.2323736616358127,Tier3,"wishlist, fit check, cod available, still deciding, compare",3,6
CUST01813,17,5,660.0,2966.0,0.6825369989827349,0.4057878861575766,0.3211161807780961,0.3545733722209498,0.3243104470009539,0.4120597162515604,0.5241991085217277,Tier2,"discount, sale, bogo offer, reviews",0,3
CUST01814,72,2,1140.0,3293.0,0.388127175561517,0.5734666035096053,0.5186839906712756,0.3954162225279849,0.0858997868007395,0.6878422637719638,0.4948696485138636,Tier2,"first order discount, influencer recommended, trending, size medium, try first order",6,4
CUST01815,54,1,2530.0,4678.0,0.432940232607689,0.2521916527955904,0.2656505114284298,0.5896340773894672,0.144715411182103,0.2868815698018197,0.5251923356365344,Tier3,"sherwani, usual size, saree, my orders",5,6
CUST01816,11,9,1230.0,8575.0,0.2344624838256597,0.4155202813943678,0.6109728335518894,0.0747520178888528,0.3142751485592577,0.8010955919790437,0.2202994755935829,Metro,"sneaker match, new drop, size medium",2,0
CUST01817,47,5,1620.0,5969.0,0.1017653785566471,0.1223298640030477,0.6056778253796362,0.2413277215317145,0.1529944530886491,0.3746788827867538,0.2045538937741538,Tier3,"early access, membership, new arrivals, favorite brand, repeat order",4,6
CUST01818,37,1,1060.0,1147.0,0.6247663719909207,0.3979436080752928,0.4669602799514009,0.3519566765771397,0.1810830434714594,0.5603715469662081,0.5021969799837935,Tier2,"new user offer, unboxing, cod available",6,4
CUST01819,55,1,2420.0,4777.0,0.4203151463530328,0.1874325058664134,0.0592715254400932,0.4601445640344623,0.4805839105254444,0.6003815291387112,0.6171086430833235,Tier2,"occasion wear, ethnic wear, free shipping, order tracking, family pack",5,2
CUST01820,56,10,1920.0,30187.0,0.1081898428931858,0.2626429717252947,0.4736578708208933,0.2563263200465875,0.2700158091325191,0.3353690459439923,0.0696579935299374,Metro,"repeat order, t-shirt, free shipping, size medium, new arrivals",4,5
CUST01821,69,1,930.0,627.0,0.3330665683722384,0.6838464519081239,0.4141310878735911,0.435837898917529,0.1500310132088798,0.5693072988347017,0.2165027485854215,Metro,"wishlist, return policy, size guide, exchange",3,4
CUST01822,29,11,3650.0,54965.0,0.0645137639732954,0.120057430195261,0.3266530512813735,0.3759762473056108,0.2973707014130154,0.3779025070002382,0.0906425814568593,Metro,"luxury, exclusive collection, loyalty points, kurta, full price",1,5
CUST01823,58,2,1850.0,3727.0,0.2665425363078079,0.1626191694711168,0.6351929292512555,0.2108761557635438,0.1539309149852006,0.310916571735802,0.0905849765608273,Tier3,"early access, loyalty points, family pack, membership, kurta set",4,6
CUST01824,49,1,2360.0,3804.0,0.3525071545205868,0.2062849699382592,0.1981921346742388,0.512928046969528,0.2888798183562332,0.4300825765676139,0.3040078903918908,Tier2,"family pack, kurta, first order discount, ethnic wear, saree",5,2
CUST01825,111,1,3410.0,3579.0,0.2078459279672705,0.6893989103251419,0.2065623918468009,0.3575370245649157,0.4359005835882834,0.3289678619711822,0.403935557548582,Tier2,"family pack, kurta, limited stock, free shipping, festive",5,2
CUST01826,6,13,1100.0,11005.0,0.4544592397467979,0.1701699141527393,0.7445961118559116,0.1556122854883542,0.0997916026557341,0.936261977872344,0.3954141842790661,Tier3,"kurta, early access, restock alert, limited stock",2,1
CUST01827,67,1,1530.0,2156.0,0.4369214982024719,0.6978302079076176,0.4055153294192897,0.3896881200699479,0.2047965505107623,0.658892945356417,0.2696922524296151,Tier3,"compare, trending now, reviews, hype",3,6
CUST01828,51,1,980.0,2445.0,0.5364984119726254,0.5648424711436858,0.2366723146558649,0.3100507352690216,0.4532769500751135,0.7513918773607948,0.3950038251190348,Tier3,"t-shirt, insta finds, reels, unboxing, try first order",6,6
CUST01829,7,3,1300.0,6825.0,0.3583392240941358,0.1739043699324557,0.6869259182943616,0.1417032477380514,0.1713708339675869,0.9126030456856216,0.4205585136444179,Metro,"limited stock, hype, streetwear, oversized fit",2,0
CUST01830,30,4,3750.0,26854.0,0.1252035356064519,0.2657788582899267,0.1932015261227504,0.5671203048590349,0.2396781690182148,0.3414764947569507,0.1666046495823963,Tier2,"premium, premium fabric, curated, luxury",1,2
CUST01831,52,7,810.0,14676.0,0.5881263149431195,0.3489110051900619,0.6448701184940859,0.0468542347075212,0.3082756467983929,0.7485676771012045,0.545377323680156,Metro,"referral code, influencer recommended, kurta, new user offer",6,0
CUST01832,54,1,2500.0,4373.0,0.2487828497228888,0.2049646743478518,0.3390933564942744,0.4311762348330628,0.2297304086726627,0.5138182227798214,0.6218095689833939,Metro,"festive, kurta set, diwali sale",5,5
CUST01833,73,2,1780.0,5851.0,0.478862120730698,0.8334467472765226,0.6727627087349498,0.1192397506133761,0.2079975406516741,0.6867999275911211,0.5946962490192624,Metro,"new user offer, trending, welcome offer, kurta, still deciding",6,4
CUST01834,41,7,1450.0,26031.0,0.3048621593558375,0.1631187827821196,0.685540751309627,0.2146238510675858,0.099835397622787,0.4226241615008446,0.385122023116843,Tier3,"usual size, t-shirt, order history, early access",4,6
CUST01835,64,2,1190.0,5391.0,0.6212689679589234,0.8239714140117312,0.3531066207929182,0.3439211922239523,0.3029721869831294,0.479948980079206,0.3543573863963627,Tier3,"still deciding, reviews, wishlist",3,6
CUST01836,13,4,750.0,7143.0,0.7052102211108336,0.4170584604078067,0.730106449808507,0.1733946852900899,0.096498864901403,0.5948031999233858,0.7725334182689398,Tier2,"streetwear, lowest price, budget, bogo offer",0,3
CUST01837,48,1,1100.0,1923.0,0.5725574100539735,0.6267401186406414,0.7571804397609218,0.1998112141614108,0.0430083460776672,0.7138585379860743,0.5521138319447718,Tier3,"first order discount, influencer recommended, trending",6,1
CUST01838,95,1,1540.0,2707.0,0.3199049706244465,0.6032554673880443,0.2358566333882076,0.2005533637898461,0.5635900028219465,0.6188054795121023,0.4170995267344103,Tier3,"reviews, cotton, coupon, combo offer, cod available",3,6
CUST01839,52,1,4940.0,10396.0,0.0521520250693588,0.1707448818616202,0.1435113228027443,0.407023321579455,0.4494653556178005,0.3482096723916641,0.1629436072644284,Metro,"capsule collection, full price, made to order",1,5
CUST01840,51,2,2560.0,4996.0,0.2972350198255299,0.5145578670591019,0.3994723651000507,0.396582726135409,0.2039449087645403,0.5801462721331171,0.4711169069880681,Tier2,"kurta, family pack, size chart",5,2
CUST01841,39,1,940.0,1848.0,0.5513288844399987,0.6126440607696784,0.5536510548976334,0.327363739905863,0.1189852051965036,0.7484206911868152,0.4938357723206563,Tier2,"new user offer, reels, welcome offer, first order discount, insta finds",6,4
CUST01842,58,4,2330.0,18530.0,0.4318375229070531,0.1687060343759444,0.3521552856853472,0.3038653594760109,0.3439793548386417,0.2738912496034902,0.1407362553047782,Tier3,"new arrivals, exclusive collection, jeans",4,6
CUST01843,4,2,750.0,2882.0,0.5747294853387596,0.3343217913233754,0.9686847707502464,0.0161458863976828,0.0151693428520707,0.8121009736588379,0.4676128206245776,Tier2,"sneaker match, t-shirt, drop alert",2,0
CUST01844,68,1,2850.0,4155.0,0.300727544080771,0.3224029883113549,0.3631517492722443,0.586077883204583,0.0507703675231727,0.4058978171696799,0.3466614158661669,Tier3,"t-shirt, occasion wear, sherwani",5,6
CUST01845,67,6,2570.0,12212.0,0.3994188335444336,0.3344480832797716,0.348839500036193,0.2333789803790356,0.4177815195847713,0.4570087451404094,0.3442331999354592,Tier3,"exchange, diwali sale, wedding collection, gifting",5,6
CUST01846,11,19,450.0,13152.0,0.894563769554271,0.220477758085598,0.6370858693479,0.2763172354423818,0.0865968952097181,0.4439766521863125,0.7101619565351462,Tier2,"cotton, exchange, sherwani",0,3
CUST01847,8,11,1510.0,11641.0,0.1766541261766145,0.207787793083362,0.7193067491946217,0.2038850486890649,0.0768082021163133,0.7435633127402164,0.3205117768558767,Tier2,"sneaker match, new drop, collab, restock alert",2,0
CUST01848,49,1,1090.0,2227.0,0.43695703291281,0.6722659646023665,0.2545699678852349,0.2567804447056156,0.4886495874091495,0.6453153359463221,0.3899997979587504,Tier2,"delivery time, size chart, compare, kurta",3,4
CUST01849,13,19,550.0,9175.0,0.7576277381851897,0.162457669076371,0.8061988440376225,0.0600659928561722,0.1337351631062052,0.5253040343471054,0.5360937552276233,Tier2,"combo offer, kurta, clearance",0,3
CUST01850,50,3,1280.0,3177.0,0.2076380422857687,0.0943729683375739,0.5396662147057347,0.2455033291030636,0.2148304561912017,0.5774815211714669,0.1049762672325472,Tier2,"early access, order history, usual size, loyalty points, new arrivals",4,2
CUST01851,65,1,1380.0,3375.0,0.2278745455145129,0.7734037729232803,0.3124695235293844,0.2531917600497909,0.4343387164208247,0.6020291660932382,0.4520600898784918,Tier2,"size chart, reviews, size medium, cod available, fit check",3,4
CUST01852,20,15,770.0,6487.0,0.7690769154410211,0.2010260444446164,0.6341761244412263,0.2241427264250715,0.1416811491337023,0.589738065622219,0.2779755173989925,Tier3,"lowest price, bogo offer, combo offer",0,1
CUST01853,9,11,1690.0,19824.0,0.5531851425008649,0.2217461519309643,0.4261193401393355,0.4460865651724707,0.1277940946881937,0.9002047221181589,0.3007658033256382,Tier2,"hype, t-shirt, flat 50% off, oversized fit, collab",2,0
CUST01854,65,3,1200.0,2026.0,0.361583930165166,0.6974855619042305,0.3415194776737572,0.2931381333561317,0.365342388970111,0.6043397407471951,0.3432679391455779,Tier2,"compare, reviews, cod available",3,4
CUST01855,56,1,1340.0,2309.0,0.2134316807450991,0.6842706139607615,0.629981028813366,0.1706557268040296,0.1993632443826045,0.6685266165251934,0.3999325622557798,Tier3,"size guide, size chart, compare",3,6
CUST01856,65,7,1980.0,7988.0,0.478540960178067,0.207721885454328,0.5073279291813864,0.2578880794719859,0.2347839913466276,0.2411139567439436,0.085139696419812,Tier3,"repeat order, early access, favorite brand, usual size",4,6
CUST01857,52,1,1400.0,3043.0,0.6646018712433651,0.5725650906047347,0.2933383039466334,0.466308655019095,0.2403530410342716,0.6347437665916598,0.4395506573319455,Tier3,"cod available, still deciding, size chart, reviews",3,6
CUST01858,40,3,1560.0,3810.0,0.2668644651207327,0.0972264544743978,0.7005317509952563,0.2280375659655142,0.0714306830392293,0.3660866889925643,0.3008618102258641,Metro,"kurta, order history, t-shirt",4,5
CUST01859,40,1,1160.0,1328.0,0.3851633706819222,0.819268613273042,0.2129642145509081,0.3416540092406305,0.4453817762084613,0.6490364517173959,0.347874169207385,Metro,"reviews, compare, size chart, size guide, delivery time",3,4
CUST01860,28,3,600.0,1432.0,0.5885969052810783,0.6488415196775436,0.4112469339539494,0.5023725439994915,0.0863805220465589,0.9025398552041002,0.5319575310685066,Tier3,"reviews, cotton, size guide, still deciding",3,6
CUST01861,61,3,2290.0,7715.0,0.4283863911229016,0.2164928463100243,0.5443027932909403,0.2566579070401549,0.1990392996689048,0.4169657198594779,0.4532018200761586,Metro,"wedding collection, curated, luxury",5,5
CUST01862,43,1,1310.0,1284.0,0.2051804964005092,0.1503689824567639,0.6540778409280421,0.1986824210465891,0.1472397380253687,0.338566261312408,0.1245917890522617,Tier3,"usual size, favorite brand, size medium, order history",4,6
CUST01863,27,4,1390.0,9149.0,0.2030705880847823,0.0591773239555492,0.2626564629750852,0.2126408971320223,0.5247026398928923,0.2414450772385004,0.1862191259411528,Tier3,"new arrivals, early access, repeat order, membership, loyalty points",4,6
CUST01864,15,21,1540.0,29689.0,0.4151642533909889,0.3686920737041326,0.6528464774450752,0.3275194582624328,0.0196340642924919,0.8025621297101824,0.2964290440791384,Tier2,"family pack, limited stock, free shipping",2,0
CUST01865,71,2,1080.0,3653.0,0.7536116172305733,0.5032799548226926,0.7043549464064719,0.2381739253174542,0.0574711282760738,0.71032721873619,0.4152257049142323,Tier3,"welcome offer, new user offer, referral code, free shipping",6,6
CUST01866,25,2,800.0,3428.0,0.7576998894383153,0.4843000569068845,0.4339307176119894,0.3919532710234092,0.1741160113646013,0.7481986270197334,0.6384588983429053,Tier2,"first order discount, kurta, referral code",6,3
CUST01867,45,3,1210.0,5129.0,0.3495963571551568,0.624429777213511,0.3943687120000256,0.2210618004983428,0.3845694875016316,0.7544926000715935,0.4069697139060724,Metro,"cod available, reviews, order tracking, kurta",3,4
CUST01868,8,6,1130.0,12166.0,0.4896678007489743,0.3609685490828313,0.800524869864331,0.1344510833438788,0.06502404679179,0.8152195702337577,0.5213902414683337,Metro,"sneaker match, hype, kurta set",2,0
CUST01869,15,10,630.0,7850.0,0.8315956248824905,0.4577850360061042,0.5864171168184074,0.2832406983059226,0.1303421848756701,0.6063587488583275,0.5825645761919025,Tier3,"combo offer, cashback, kurta",0,1
CUST01870,10,12,1460.0,12343.0,0.4674353948090144,0.3370150323114745,0.679425401334759,0.1195066852445881,0.2010679134206529,0.9242114277312118,0.6926126569814973,Tier2,"collab, new drop, sneaker match, trending now, t-shirt",2,0
CUST01871,14,6,680.0,7787.0,0.6890424775173326,0.2965414964396657,0.731894461764418,0.1340129994802194,0.1340925387553625,0.4376528237485416,0.8083604952289908,Metro,"size chart, budget, sale",0,3
CUST01872,38,1,910.0,614.0,0.6762489978526177,0.5414681066469027,0.3223466648679471,0.4323979038730209,0.245255431259032,0.7268925879491548,0.6194837495272603,Tier2,"welcome offer, influencer recommended, insta finds",6,4
CUST01873,12,5,620.0,8432.0,0.9273060122294546,0.2784311510221082,0.5756473662120624,0.4063053940053819,0.0180472397825555,0.5841733059064413,0.5707705285761943,Tier3,"cashback, budget, clearance, t-shirt, coupon",0,1
CUST01874,48,13,1630.0,25879.0,0.2740181307669152,0.1979420187020174,0.5885965261624692,0.286625394103336,0.1247780797341947,0.4365133665425539,0.1781438683553537,Tier3,"membership, order history, repeat order, early access, favorite brand",4,6
CUST01875,63,1,1140.0,2336.0,0.6260423205885586,0.4877435294999624,0.1879282549665011,0.6618460087753286,0.1502257362581702,0.7477849396484361,0.4051651963996417,Tier3,"unboxing, referral code, insta finds, first order discount",6,6
CUST01876,53,5,2310.0,12169.0,0.3612573272299212,0.1846845702962212,0.4176390884414069,0.1118750639304189,0.4704858476281739,0.3520713110587966,0.0167928485902929,Metro,"early access, new arrivals, festive, usual size, loyalty points",4,5
CUST01877,96,9,2730.0,62864.0,0.2663039673665875,0.1835283981695699,0.0725853709514504,0.4681393216320779,0.4592753074164715,0.4600062138864799,0.2802451735899899,Metro,"gifting, festive, family pack, sherwani, size medium",5,5
CUST01878,9,5,1130.0,5375.0,0.3339150493761874,0.581313072242837,0.8851903870714224,0.0853276530037438,0.0294819599248337,0.8295348195241874,0.2901943772178244,Tier2,"collab, limited stock, streetwear",2,0
CUST01879,62,6,1310.0,17451.0,0.3609634725961074,0.7982259812998972,0.4505577253503279,0.3773551913867029,0.1720870832629691,0.4972762082506632,0.2477271997978226,Metro,"wishlist, cod available, still deciding, free shipping, size guide",3,4
CUST01880,63,5,1360.0,16697.0,0.29893898452591,0.7792565139207211,0.3002212372667168,0.5053327941762336,0.1944459685570496,0.7754400948567095,0.5630434855863365,Metro,"wedding collection, return policy, delivery time",3,4
CUST01881,20,16,660.0,10426.0,0.7571211537933374,0.3633207408788845,0.5898397018773562,0.0671429173400707,0.343017380782573,0.436944019137309,0.4944702521804955,Tier3,"clearance, kurta, bogo offer, cashback",0,1
CUST01882,60,1,2550.0,2006.0,0.212868909701672,0.2337925591848287,0.3982296574526586,0.5099598725342616,0.0918104700130798,0.4547140032707225,0.4792478546878697,Tier3,"order tracking, sherwani, festive, diwali sale, limited edition",5,6
CUST01883,60,1,2350.0,4943.0,0.5037157479479034,0.2265486346144568,0.3867695879938791,0.2184320804606794,0.3947983315454416,0.549321323332614,0.5630233078971911,Metro,"cotton, t-shirt, wedding collection, occasion wear",5,4
CUST01884,15,2,1850.0,2074.0,0.1783843456822198,0.3912954073005937,0.7311821680213568,0.2388210092261288,0.0299968227525141,0.5650476694696566,0.1924770314192218,Tier3,"free shipping, jeans, limited stock",2,6
CUST01885,15,8,690.0,7793.0,0.5655503620094715,0.3540472255839438,0.7639351049762297,0.2133391154992449,0.0227257795245254,0.4187996729170391,0.7520395059374776,Tier2,"coupon, flat 50% off, kurta, cashback",0,3
CUST01886,61,1,930.0,781.0,0.6783623003158432,0.4114182822635852,0.4225577900118399,0.4596962705046727,0.1177459394834873,0.4599828374720336,0.3582599213396742,Tier2,"try first order, occasion wear, influencer recommended, reels, t-shirt",6,4
CUST01887,52,7,1510.0,9806.0,0.4080933749661034,0.8427624406996913,0.1374458417200541,0.7082359532475141,0.1543182050324316,0.4536431208889348,0.320316144642791,Tier2,"size guide, reviews, wishlist, kurta",3,4
CUST01888,11,8,1750.0,18145.0,0.6245690198395292,0.4267616076492017,0.6401954978725474,0.2676485720872738,0.0921559300401789,0.7160582593811703,0.289436096824443,Tier2,"trending now, order tracking, new drop",2,0
CUST01889,12,6,1390.0,6749.0,0.3235393584987821,0.4517636683406131,0.6056639623477319,0.2934942977296997,0.1008417399225685,0.7506481900670758,0.2334624150955078,Metro,"hype, restock alert, trending now, drop alert",2,0
CUST01890,55,1,980.0,1590.0,0.4515966643939919,0.590184430735236,0.2811318907707376,0.2664483789398375,0.4524197302894249,0.4511164664776342,0.3867711621528873,Metro,"delivery time, return policy, wishlist, jeans",3,4
CUST01891,32,1,2590.0,5487.0,0.1698032766457706,0.2533621217544466,0.0318133824223671,0.3591881803361754,0.6089984372414574,0.3240172295067019,0.1828433526207346,Metro,"capsule collection, exclusive collection, full price",1,5
CUST01892,49,1,1180.0,2028.0,0.6739631643277034,0.3309398150845931,0.6200925614686236,0.2458470836563237,0.1340603548750525,0.6323795013808159,0.6058980928022836,Tier2,"trending, first order discount, size medium, jeans, new user offer",6,3
CUST01893,52,1,1420.0,1439.0,0.3355679490102609,0.6763581791169238,0.1346580111270193,0.2053700956151471,0.6599718932578336,0.5009682454091278,0.4715206047012898,Metro,"still deciding, fit check, wishlist, compare, size chart",3,4
CUST01894,17,17,520.0,10938.0,0.914309742973906,0.3316603815381989,0.8536428955359603,0.1279926708971528,0.0183644335668867,0.4192014296937245,0.7312331424076176,Tier2,"sale, budget, free shipping",0,3
CUST01895,39,3,1160.0,6821.0,0.294714793755053,0.7056248208094761,0.1626450871236678,0.3932985079923658,0.4440564048839663,0.6542350824132741,0.5174887095212474,Tier3,"wishlist, reviews, exchange",3,6
CUST01896,16,5,630.0,4897.0,0.8225299675750627,0.497641941172656,0.775966731322139,0.0571675574516731,0.1668657112261877,0.681031655497017,0.562356215676594,Metro,"t-shirt, lowest price, clearance, discount, kurta",0,3
CUST01897,40,3,3230.0,22266.0,0.1661262248326117,0.0945467410548212,0.2431669031904399,0.529428819800963,0.227404277008597,0.1757216668117957,0.0590615231745734,Metro,"curated, premium fabric, designer drop",1,5
CUST01898,39,3,4130.0,12056.0,0.0218258600512946,0.2035005827715947,0.3869368502585422,0.4003162055516273,0.2127469441898303,0.217186574724666,0.228033810022531,Metro,"made to order, designer drop, exclusive collection, curated",1,5
CUST01899,6,2,1010.0,2642.0,0.371738284106572,0.3632401146182278,0.7080996807015674,0.0662130758281429,0.2256872434702897,0.9527639659872176,0.4157366666933847,Tier3,"streetwear, drop alert, new drop",2,0
CUST01900,19,2,730.0,3118.0,0.7694170517153371,0.5048452880594215,0.7218120602329949,0.2078497645780748,0.0703381751889302,0.4019907668904567,0.5736175486544038,Tier3,"clearance, t-shirt, saree, free shipping",0,1
CUST01901,46,2,1280.0,3938.0,0.5283392920468427,0.5974437966379323,0.1706072223685006,0.4568390139144373,0.3725537637170621,0.5897534764267056,0.4341618326723413,Metro,"cod available, still deciding, wishlist, jeans, t-shirt",3,4
CUST01902,52,2,2030.0,5871.0,0.1391895735707174,0.1348317098046047,0.3379333373163503,0.4761740488362913,0.1858926138473583,0.2953452092674578,0.0860427846457128,Tier2,"membership, restock, loyalty points, exchange",4,2
CUST01903,35,3,1570.0,7225.0,0.2702907808160753,0.2139722722619031,0.5907123957905569,0.2573400603691597,0.1519475438402834,0.2523825936788761,0.2235641531845016,Metro,"exchange, fit check, repeat order, loyalty points, early access",4,5
CUST01904,53,2,1820.0,4749.0,0.2266771299882588,0.1099379464833747,0.2714067956311138,0.5539597205475747,0.1746334838213115,0.5074393617049557,0.0813365734145361,Metro,"repeat order, order history, family pack, loyalty points, membership",4,5
CUST01905,23,1,780.0,1528.0,0.6332150990834029,0.3570535577419771,0.8727788767643526,0.1214104890764691,0.0058106341591781,0.5854732636697895,0.5256121176271324,Tier2,"lowest price, discount, size medium, cotton, clearance",0,3
CUST01906,30,12,1800.0,40583.0,0.4110253160639045,0.219069053990968,0.802097688694401,0.1761064133615909,0.021795897944008,0.3204439550836634,0.3707307425884952,Metro,"my orders, usual size, repeat order",4,0
CUST01907,13,10,1280.0,22527.0,0.1144594542834946,0.3603340119692548,0.6858274744649419,0.2249498666212437,0.0892226589138144,0.9011633542036848,0.5267071477293807,Metro,"kurta, streetwear, hype, drop alert",2,0
CUST01908,9,14,1440.0,50662.0,0.480821470450522,0.2106006931793432,0.9320998922697464,0.0331264571258979,0.0347736506043557,0.8585355761728964,0.4420442349502277,Tier2,"sneaker match, kurta, wedding collection",2,0
CUST01909,53,4,1990.0,18372.0,0.298096675228634,0.1361790007222352,0.5029624699565496,0.2672693461429652,0.2297681839004851,0.2850206666455478,0.1507477602149517,Metro,"early access, repeat order, my orders, influencer recommended, size medium",4,5
CUST01910,14,16,500.0,16220.0,0.6062673711690642,0.4539343723129477,0.8720204130983874,0.1146910556225668,0.0132885312790458,0.7434947888828664,0.7475539425534644,Tier3,"combo offer, cashback, t-shirt",0,1
CUST01911,73,2,1540.0,6991.0,0.4140676364733431,0.4131345367055141,0.6178643538721955,0.1874144725276666,0.1947211736001378,0.4259257573390482,0.4339598189394457,Tier3,"try first order, insta finds, order history, welcome offer, reels",6,6
CUST01912,36,8,840.0,14791.0,0.3801211100524175,0.7519981653981066,0.2296591169220601,0.6190756684714335,0.1512652146065062,0.6736466006230492,0.4496411632352728,Tier2,"return policy, size guide, free shipping, loyalty points, wishlist",3,4
CUST01913,14,5,630.0,4368.0,0.6548535171843533,0.3479015603138963,0.8736877468542934,0.0763674762782811,0.0499447768674252,0.3734951696272566,0.7083461618550625,Tier3,"clearance, t-shirt, budget",0,1
CUST01914,42,2,4440.0,8185.0,0.1822701686800231,0.0994595151031315,0.1516658778807768,0.194016178941038,0.654317943178185,0.2513447111205888,0.1074667676365157,Tier2,"premium, new user offer, capsule collection",1,2
CUST01915,11,12,440.0,11537.0,0.8217022559773829,0.4552247946641539,0.4299577637752447,0.5251556310153955,0.0448866052093597,0.5178116898899401,0.6969617757426483,Tier2,"coupon, clearance, kurta, combo offer",0,3
CUST01916,83,1,1520.0,815.0,0.3084558834463844,0.6116998294040658,0.3675566807571846,0.5080890870214773,0.1243542322213383,0.4882406270203763,0.3148843029566022,Tier2,"compare, fit check, cotton",3,4
CUST01917,15,15,790.0,23026.0,0.8426313315680892,0.410713961026035,0.7658899427644726,0.1802457985208279,0.0538642587146993,0.4519937185801889,0.5907214087515847,Tier3,"sale, coupon, budget, bogo offer",0,1
CUST01918,9,6,1150.0,3490.0,0.5949888277345814,0.304386107269484,0.7167162807857617,0.0262545091711366,0.2570292100431017,0.7835860969590849,0.3317942372044973,Metro,"drop alert, collab, streetwear, curated",2,0
CUST01919,39,2,1030.0,1870.0,0.3184579457773507,0.5889883577478022,0.2159465453076393,0.2015523609292113,0.5825010937631494,0.903515438836074,0.4463436315700927,Tier2,"size guide, wishlist, size chart",3,4
CUST01920,17,17,660.0,9872.0,0.80755906444691,0.274460813811806,0.6927492940210622,0.1715027571706214,0.1357479488083164,0.6489353392317552,0.5999574060718238,Metro,"combo offer, discount, sale",0,3
CUST01921,56,17,2100.0,31473.0,0.2930539146277995,0.2213929219542549,0.4543403323373675,0.4012378658835772,0.1444218017790552,0.2135521583457279,0.0447090355052191,Metro,"order history, restock, t-shirt",4,5
CUST01922,18,4,650.0,6217.0,0.5925568815459987,0.4510904129685832,0.7134142220256151,0.192372990311016,0.0942127876633685,0.6025026810065993,0.6300989587392076,Tier3,"bogo offer, discount, coupon, budget",0,1
CUST01923,49,1,1060.0,1601.0,0.4588230694251422,0.4306762799885181,0.1745978573978723,0.6325036032155816,0.1928985393865461,0.6423383476048147,0.361722235936148,Metro,"compare, order history, size chart, new arrivals",3,4
CUST01924,67,2,2790.0,12894.0,0.3516315790505628,0.2585805847803638,0.2954409215943948,0.5232142584816565,0.1813448199239486,0.5753001282233506,0.5652759285661044,Metro,"order tracking, sherwani, family pack, gifting, festive",5,5
CUST01925,8,13,1150.0,39293.0,0.4930534394822636,0.1953431907636573,0.8489190666599917,0.0987707490759286,0.0523101842640796,0.8074961830542924,0.4918314832399318,Metro,"exclusive collection, made to order, new drop, oversized fit",2,0
CUST01926,85,1,3830.0,9199.0,0.4166199551760529,0.4612737349636305,0.2140211202198567,0.3960684978961539,0.3899103818839892,0.4233916959713911,0.6105064241177808,Metro,"family pack, kurta set, wedding collection, ethnic wear, occasion wear",5,5
CUST01927,62,7,1050.0,18626.0,0.3806669592611955,0.7583766147944861,0.1518592250277649,0.5317615427352432,0.3163792322369917,0.6084509366932398,0.3456284956028239,Tier2,"delivery time, return policy, t-shirt",3,4
CUST01928,14,1,1520.0,1013.0,0.3916648663744362,0.3285509281715876,0.7668134651003807,0.1684702184650592,0.06471631643456,0.6312083627335343,0.3114095431674471,Metro,"streetwear, sneaker match, limited stock, order tracking, size medium",2,0
CUST01929,39,4,3640.0,27019.0,0.1219484518734687,0.3838634112630575,0.09053045036925,0.6613557319109344,0.2481138177198154,0.3342604572000039,0.1520611156342782,Tier3,"premium, premium fabric, luxury, limited edition, full price",1,5
CUST01930,43,1,920.0,755.0,0.6448754440319996,0.4256835953120227,0.4990526476871102,0.2732589583582285,0.2276883939546613,0.7073865796085378,0.6008445483466398,Tier3,"influencer recommended, referral code, reels",6,6
CUST01931,9,7,1320.0,11071.0,0.3383132083766658,0.3518054907479652,0.790901443467756,0.1580729327883906,0.0510256237438532,0.8642792440407284,0.4152154162550114,Metro,"streetwear, collab, trending now, new drop",2,0
CUST01932,59,1,1180.0,743.0,0.5798674351379978,0.5702419612832448,0.2651067820834444,0.2229953889958334,0.5118978289207222,0.8323154047999871,0.3186596890613007,Tier3,"still deciding, size chart, cod available",3,6
CUST01933,14,3,2020.0,3775.0,0.2814940963881648,0.3912393115772082,0.8725406725536217,0.0481853270457382,0.07927400040064,0.7481381077763966,0.3799718199947876,Tier2,"limited stock, trending now, oversized fit, restock alert, drop alert",2,0
CUST01934,68,1,920.0,1648.0,0.4857784108780312,0.3842656275967977,0.5155507564616606,0.1047882071314716,0.3796610364068679,0.4659386983718271,0.3990347901521847,Tier2,"referral code, influencer recommended, reels",6,4
CUST01935,57,3,3590.0,12637.0,0.0530767282392744,0.0750090972263168,0.1905826420209906,0.4298662074781352,0.3795511505008742,0.323897046269241,0.1945000660508528,Metro,"limited edition, full price, capsule collection, new drop",1,5
CUST01936,39,5,1800.0,19641.0,0.2933450711916875,0.2656129391686869,0.5149941734998318,0.3582933370740268,0.1267124894261415,0.4640789455128403,0.568287433381504,Tier3,"new arrivals, my orders, exchange, cod available, restock",4,6
CUST01937,7,13,950.0,31790.0,0.5351256791011724,0.0947416298005047,0.9599682219973152,0.0362982088987629,0.0037335691039217,0.8702295258794221,0.379277055548882,Tier2,"exchange, oversized fit, streetwear, sneaker match, free shipping",2,0
CUST01938,47,1,2620.0,2044.0,0.3351065132267304,0.329220741823176,0.2290096340090528,0.356883339402023,0.414107026588924,0.4621830051222984,0.6427996711432944,Tier3,"diwali sale, family pack, kurta set, ethnic wear",5,6
CUST01939,41,1,1040.0,1700.0,0.4860974396642572,0.5894546292889342,0.3533839642078539,0.3928764180569988,0.2537396177351472,0.5605984261000858,0.572721693232035,Metro,"size guide, size chart, wishlist, return policy",3,4
CUST01940,26,7,2290.0,42299.0,0.0290166138082597,0.0650886190737917,0.3654224369728864,0.3269982620072775,0.307579301019836,0.4259880973727735,0.092273612576582,Metro,"premium fabric, ethnic wear, capsule collection",1,5
CUST01941,43,7,1540.0,21172.0,0.1233525308635822,0.1671573876620375,0.3144701618860844,0.5059930009116732,0.1795368372022423,0.2143014085840517,0.1827986583759383,Tier2,"repeat order, membership, usual size",4,2
CUST01942,51,3,2230.0,15468.0,0.2129455049887209,0.372082343167285,0.4418634980896029,0.2392591926778703,0.3188773092325268,0.6315283248822714,0.5492748935194869,Metro,"kurta, festive, sherwani",5,5
CUST01943,9,8,1320.0,11245.0,0.4317310069465236,0.4379664063438852,0.7026320020702961,0.1691623199675129,0.1282056779621909,0.9025598724183624,0.3180803633166005,Tier2,"streetwear, collab, drop alert",2,0
CUST01944,66,13,1900.0,65055.0,0.298890030403003,0.1635547827873929,0.5482398261146747,0.4032976865394986,0.0484624873458266,0.2930928428717761,0.1711366359462479,Tier2,"my orders, favorite brand, loyalty points, coupon, bogo offer",4,2
CUST01945,116,4,3060.0,13494.0,0.1682709029321699,0.3097708235292252,0.2941158276008085,0.3252414771810751,0.3806426952181164,0.2979403087065377,0.4100025710073373,Tier3,"exchange, occasion wear, reviews",5,6
CUST01946,22,3,810.0,3280.0,0.649525265799413,0.4897400007597183,0.6085497824244009,0.2773595643581879,0.1140906532174111,0.4160443524629301,0.7245495726158789,Tier2,"sale, discount, fit check, coupon, budget",0,3
CUST01947,10,6,1250.0,5188.0,0.3961661887369553,0.1317942294028609,0.4065904008128295,0.279771180849434,0.3136384183377365,0.7182644039826314,0.3461899056443768,Metro,"limited edition, collab, premium",2,0
CUST01948,15,10,770.0,17799.0,0.728360286809291,0.3287775304948407,0.5345352616906168,0.4140842489499113,0.0513804893594718,0.6793953621208799,0.6358352132408001,Tier2,"budget, sale, coupon, bogo offer, cashback",0,3
CUST01949,38,1,900.0,1539.0,0.2569473983286581,0.6978524907869726,0.4088998929857637,0.2612532696547615,0.3298468373594749,0.6209969755565203,0.3666189152036037,Tier3,"new drop, return policy, trending now",3,6
CUST01950,42,3,1710.0,8301.0,0.148703606177936,0.1393362874013889,0.5317695966506135,0.3666229250463488,0.1016074783030377,0.3594987937765875,0.2070362825894492,Metro,"repeat order, order history, kurta, my orders, new arrivals",4,5
CUST01951,15,2,580.0,929.0,0.8839537254480978,0.4286382274149697,0.2990646946114385,0.5341460364997679,0.1667892688887937,0.5356794782648506,0.5396673141694095,Tier2,"flat 50% off, coupon, combo offer, kurta",0,3
CUST01952,60,1,1100.0,1774.0,0.4996829055636323,0.5237324031963579,0.4415392920000588,0.3623330846728161,0.1961276233271251,0.5789927182100593,0.4256169363806759,Tier2,"cod available, still deciding, return policy, wedding collection",3,4
CUST01953,42,2,4880.0,5201.0,0.1728940726474522,0.2285526298952365,0.0996845303238767,0.3842701986342418,0.5160452710418816,0.1602854146009972,0.2283953906444014,Metro,"discount, full price, size medium, curated, premium",1,5
CUST01954,11,11,1600.0,25684.0,0.3417731970577393,0.1757710736125564,0.7945076209289884,0.1691187773659057,0.0363736017051059,0.5214530805201733,0.276514767478221,Tier3,"new drop, jeans, sneaker match, oversized fit, trending now",2,0
CUST01955,55,4,3920.0,20169.0,0.044160899573783,0.2640744716057991,0.34447001616909,0.5478830171863704,0.1076469666445397,0.196182419879931,0.1061518057802161,Tier2,"capsule collection, curated, premium, premium fabric",1,2
CUST01956,46,8,1640.0,15737.0,0.2594380142960154,0.1103025841735171,0.5485759553413281,0.3821058265877347,0.0693182180709373,0.4128569681957014,0.2789661689713388,Tier2,"loyalty points, order history, membership, usual size",4,2
CUST01957,78,1,1330.0,839.0,0.2542492624978978,0.6393497633347441,0.1708118163448701,0.3792401394714734,0.4499480441836563,0.5087176238364325,0.3648282224693352,Tier3,"fit check, return policy, reviews, exchange, t-shirt",3,6
CUST01958,30,2,4110.0,12285.0,0.1415573908127673,0.2418313830845708,0.1416177957492547,0.69812452723117,0.1602576770195752,0.1136215728652552,0.1058814166805313,Metro,"jeans, limited edition, free shipping, ethnic wear",1,5
CUST01959,11,5,1630.0,17744.0,0.2667172875219634,0.4201933072702599,0.7807119220739365,0.184455005498147,0.0348330724279165,0.6533135265265151,0.3646830031363382,Tier2,"collab, trending now, hype",2,0
CUST01960,11,27,860.0,16886.0,0.7000864367356427,0.4168056978748519,0.3804174337375429,0.5361315384630487,0.0834510277994082,0.5965480078521171,0.4712562711958363,Tier3,"coupon, lowest price, order tracking",0,1
CUST01961,38,4,1070.0,3316.0,0.4448928004335478,0.7700238726714441,0.0871356117940943,0.3936612692306393,0.5192031189752662,0.5847674158962413,0.4000151262832823,Metro,"compare, size chart, still deciding, fit check",3,4
CUST01962,18,4,1660.0,4142.0,0.530507741841951,0.3857396071067049,0.6735271252684709,0.2513597629598639,0.0751131117716651,0.768367127877936,0.3078995548639348,Metro,"new drop, trending now, restock alert",2,0
CUST01963,8,16,1050.0,36572.0,0.5393519006043248,0.2317357552725397,0.7762588497882668,0.2234206787060913,0.0003204715056418,0.9010979684745276,0.4280326152465982,Tier2,"size medium, oversized fit, limited stock",2,0
CUST01964,11,3,2110.0,12062.0,0.2453259257692087,0.3898982922382383,0.9310549251646034,0.0478380711499462,0.0211070036854504,0.7565788619848559,0.3671935471433556,Metro,"collab, oversized fit, new drop, streetwear, size medium",2,0
CUST01965,16,3,600.0,2662.0,0.6696643518864389,0.3329226621648861,0.5262698543887147,0.4019488510153017,0.0717812945959835,0.3734513807845405,0.6885176222017447,Tier2,"bogo offer, cod available, t-shirt",0,3
CUST01966,45,3,1210.0,6451.0,0.5300350534043825,0.8305608469374012,0.5472756169082639,0.3805820852403283,0.0721422978514077,0.4344655620769635,0.4577268747355793,Tier2,"fit check, size chart, return policy",3,4
CUST01967,18,4,690.0,6207.0,0.768749193913412,0.1982660104895845,0.7622258369813901,0.2120009678258444,0.0257731951927656,0.6324992694795561,0.7310407426954063,Tier2,"flat 50% off, coupon, jeans, clearance, sale",0,3
CUST01968,85,1,1420.0,1998.0,0.3175763952070284,0.8344158953655201,0.4919174942754168,0.2398038830283669,0.2682786226962164,0.3463282357135232,0.3984566066646342,Metro,"size medium, size guide, compare",3,4
CUST01969,67,1,1320.0,914.0,0.4930295220673228,0.4508080325666783,0.7672104887845665,0.1449408966967114,0.0878486145187219,0.5770891597111253,0.4588268397505248,Tier3,"trending, sneaker match, referral code, influencer recommended, welcome offer",6,6
CUST01970,16,18,860.0,24011.0,0.7124769904464948,0.2812407048323768,0.8136599458662974,0.1850332583502318,0.0013067957834707,0.6399919997443984,0.7468627282358766,Tier2,"clearance, lowest price, coupon, ethnic wear, cashback",0,3
CUST01971,41,1,920.0,1063.0,0.3231144843967051,0.5232252529093806,0.1757041268897256,0.331093213787101,0.4932026593231732,0.673573329060311,0.443044896984935,Tier2,"wishlist, cod available, size guide, size medium",3,4
CUST01972,21,1,620.0,661.0,0.5799159388700731,0.3967016748934897,0.57830029333153,0.228428003055697,0.193271703612773,0.4198921274669416,0.7457032040295948,Tier3,"clearance, combo offer, bogo offer, t-shirt, sale",0,1
CUST01973,47,4,1550.0,13801.0,0.245151175139952,0.0168813774475314,0.6905302795013596,0.2686863441177822,0.0407833763808583,0.465548652413785,0.3444189029800646,Tier3,"loyalty points, new arrivals, free shipping, early access",4,6
CUST01974,73,1,1250.0,2554.0,0.3957125676103545,0.4745906337883543,0.4987155746953537,0.1931580022312392,0.308126423073407,0.4609837150976031,0.2334897085373153,Tier3,"reels, try first order, trending, cotton",6,6
CUST01975,111,1,3290.0,3179.0,0.2665471937325204,0.5081264346367331,0.4669388470978305,0.5119767307137201,0.0210844221884493,0.1865751563620127,0.3900750187326166,Metro,"diwali sale, gifting, sherwani",5,5
CUST01976,37,7,1770.0,11417.0,0.1349419093603888,0.264546377459099,0.2273024299125461,0.4789166015707883,0.2937809685166656,0.3243215446032463,0.243757101703837,Metro,"membership, restock, favorite brand",4,5
CUST01977,11,2,1050.0,1471.0,0.432773254979908,0.3936785301740856,0.6672830576824473,0.3165181607574063,0.016198781560146,0.8472307882451481,0.3068572832220748,Metro,"restock alert, trending now, exchange, order tracking",2,0
CUST01978,14,8,560.0,2826.0,0.8941022954655232,0.2048359066716256,0.3496765682921223,0.2565976777665888,0.3937257539412888,0.5258953980526381,0.6679887197603747,Tier2,"budget, sale, coupon",0,3
CUST01979,60,1,950.0,1524.0,0.4317589312134889,0.4855974164572406,0.2775414819516487,0.1947137980935717,0.5277447199547797,0.8278904365289362,0.7184256261308908,Tier2,"free shipping, new user offer, insta finds, t-shirt, kurta",6,4
CUST01980,33,1,830.0,1495.0,0.5404214140909586,0.5204042862318782,0.4104429696854608,0.3499539455945534,0.2396030847199858,0.5206744265042519,0.7151450619161446,Tier2,"try first order, reels, welcome offer, influencer recommended",6,4
CUST01981,17,8,1830.0,13359.0,0.3331352640955273,0.1886138985792639,0.6410504073468593,0.292365723900778,0.0665838687523626,0.6890326949139892,0.5079302380133373,Tier2,"jeans, order tracking, trending now, oversized fit",2,0
CUST01982,44,1,1650.0,3184.0,0.403410419718282,0.2672597818222816,0.3600520372738365,0.4144806899137331,0.2254672728124302,0.2599537719419192,0.2438210217563976,Tier2,"early access, membership, size medium",4,2
CUST01983,48,1,1190.0,1827.0,0.5983564538205509,0.4088857145271793,0.4473341888203002,0.1609621688374172,0.3917036423422824,0.7666370297946697,0.561786521609512,Metro,"referral code, jeans, new user offer",6,4
CUST01984,43,2,3730.0,15740.0,0.1137305650674439,0.189694677606172,0.2616761259959974,0.5069769914735569,0.2313468825304456,0.301655378924663,0.1029304103666711,Metro,"made to order, exclusive collection, exchange",1,5
CUST01985,37,1,1130.0,2431.0,0.5677485960262635,0.4818217950076928,0.342586154003112,0.3902744772906213,0.2671393687062666,0.5766843941425905,0.4231708251453142,Metro,"size chart, still deciding, fit check, delivery time",3,4
CUST01986,48,1,1080.0,1725.0,0.4791300927463894,0.6407506041905794,0.7203032964026019,0.2096824669124971,0.0700142366849008,0.7596033173610969,0.3724123496671918,Tier3,"still deciding, reviews, kurta, jeans",3,6
CUST01987,25,4,880.0,1786.0,0.7968737127891332,0.3719601641563975,0.8553259842555591,0.1151603512998106,0.0295136644446304,0.4732783283417029,0.5415068114463468,Metro,"coupon, sale, budget",0,3
CUST01988,41,3,2310.0,14604.0,0.319859720471932,0.2439397277409647,0.1296112449814879,0.7981383037888261,0.072250451229686,0.5988657484682972,0.4630396790010962,Metro,"diwali sale, kurta set, family pack",5,5
CUST01989,18,7,670.0,2953.0,0.8769322924929974,0.3772608430517878,0.4160537181327291,0.2729481524161152,0.3109981294511556,0.5851981353247286,0.8314467460616463,Tier3,"restock alert, cashback, sale",0,1
CUST01990,76,4,2750.0,27643.0,0.3610237940151746,0.2467151058458173,0.3896383525167685,0.5287977777974309,0.0815638696858007,0.5141598721207966,0.5979987019537752,Tier2,"kurta set, sherwani, free shipping, saree, kurta",5,2
CUST01991,61,1,2060.0,2458.0,0.2001198789973934,0.1463347501485953,0.5677531745457872,0.2918438608472654,0.1404029646069473,0.2585191202371557,0.1198719359657516,Metro,"loyalty points, my orders, favorite brand, membership",4,5
CUST01992,13,13,700.0,18084.0,0.7591211702118474,0.2805323195468379,0.7482773757873332,0.0609934111678014,0.1907292130448652,0.43502144843595,0.7511530467479257,Metro,"membership, sale, discount, new arrivals",0,3
CUST01993,16,4,640.0,2224.0,0.7189158747350132,0.359583764759869,0.4789567809885847,0.3733913697116351,0.1476518492997801,0.654907588013425,0.6635258043672527,Tier3,"clearance, coupon, sneaker match, size medium, cotton",0,1
CUST01994,55,2,1340.0,3536.0,0.6026135184557372,0.7175849479270484,0.2537188801151755,0.5259373037395999,0.2203438161452247,0.6936515162134393,0.4019445590476998,Tier2,"new arrivals, still deciding, jeans",3,4
CUST01995,12,2,1610.0,7963.0,0.378745873797312,0.531606030665557,0.8145992479687572,0.1563225378403451,0.0290782141908976,0.8817636059951848,0.4132680914938472,Metro,"oversized fit, order tracking, sneaker match, streetwear",2,0
CUST01996,33,7,1480.0,9945.0,0.2316615111925291,0.0821523220622031,0.5360707134266256,0.2366669055877273,0.227262380985647,0.2088758999547823,0.276898715299099,Tier3,"order history, new arrivals, size medium, favorite brand, membership",4,6
CUST01997,51,5,2370.0,9789.0,0.3057028511432781,0.1813947945048675,0.2787709914513708,0.5614745795103013,0.1597544290383277,0.4206771244454538,0.5736152406535452,Tier2,"sale, exchange, wedding collection, saree, festive",5,2
CUST01998,74,1,1890.0,3111.0,0.1915336273648078,0.7028121054214652,0.3607724523786785,0.3930355119385929,0.2461920356827286,0.6483065556926113,0.3439229764523579,Tier2,"size guide, return policy, reviews, delivery time, fit check",3,4
CUST01999,11,13,620.0,10435.0,0.8744592306045476,0.215192529158116,0.6938230200275577,0.1049897688155664,0.2011872111568759,0.5897975806804228,0.5976399016284845,Tier2,"lowest price, oversized fit, sale",0,3
CUST02000,61,1,1910.0,2878.0,0.3729729071406827,0.5289725516047202,0.4771244035728867,0.3152169204979737,0.2076586759291396,0.4434737409587061,0.1956551859236001,Tier3,"fit check, size guide, wishlist",3,6
