customer_id,recency_days,frequency_annual,aov_inr,ltv_inr,discount_code_usage_rate,cart_abandonment_rate,app_channel_weight,web_channel_weight,desktop_channel_weight,social_engagement_score,marketplace_purchase_share,age,gender,city_tier,browsing_search_interest,ground_truth_segment_id
CUST00001,35,5,3390.0,23133.0,0.056309290967730206,0.068185946020048,0.06013299808777031,0.5122516303207374,0.42761537159149227,0.310271484192035,0.10274604900266249,33,Female,Tier2,"limited edition, cotton, made to order",1
CUST00002,50,1,3770.0,4721.0,0.027990403802085024,0.22743855722268191,0.15684790862967266,0.4597760061092206,0.38337608526110667,0.15849106732967122,0.13017771702323244,37,Male,Metro,"capsule collection, t-shirt, made to order, first order discount, full price",1
CUST00003,54,4,1560.0,5955.0,0.3012976431959519,0.14656639826421536,0.5186595885759787,0.22492457848569083,0.25641583293833053,0.34977992301726346,0.34484870028550757,37,Female,Metro,"clearance, early access, loyalty points, restock, order history",4
CUST00004,71,1,1030.0,730.0,0.47577172231943277,0.6650448501239712,0.20937675496501007,0.6472173884561779,0.14340585657881175,0.40241812119346276,0.32308770709344214,27,Female,Tier3,"fit check, return policy, delivery time",3
CUST00005,14,2,1780.0,1823.0,0.28932713155656514,0.4889510703893529,0.7857762554394128,0.10559033765669368,0.10863340690389353,0.7326572342366049,0.25720439856896304,21,Female,Metro,"restock alert, exchange, reels",2
CUST00006,7,5,1200.0,12454.0,0.48347577811975595,0.07623241907210246,0.6439026290278146,0.18202795779356087,0.1740694131786246,0.5271285532195715,0.531688387386679,20,Non-binary,Metro,"limited stock, exchange, drop alert, oversized fit, free shipping",2
CUST00007,119,3,1660.0,3498.0,0.34585818686266523,0.6225737519871576,0.7312596726454271,0.24678445250441564,0.021955874850157226,0.6862878604347398,0.41926644335708707,23,Female,Tier2,"welcome offer, influencer recommended, clearance, coupon, insta finds",6
CUST00008,13,5,660.0,4697.0,0.8866292161846102,0.30872481612298497,0.8286139507695393,0.1495298740464795,0.021856175183981287,0.5143784069319309,0.6336873755912418,26,Female,Tier2,"flat 50% off, cashback, exchange, sale, lowest price",0
CUST00009,57,10,1820.0,15612.0,0.20591826174904282,0.15367159721520077,0.45778097977648213,0.4673167289322879,0.07490229129122991,0.41402697031700986,0.1303417642209783,29,Female,Tier2,"early access, order history, new arrivals, restock",4
CUST00010,102,1,3510.0,4040.0,0.2949617739630976,0.5685901914193678,0.24150682309682098,0.6825995224715679,0.07589365443161106,0.338086458520528,0.43643597760057046,31,Female,Tier2,"diwali sale, festive, made to order",5
CUST00011,40,1,960.0,2015.0,0.2681129993650631,0.5347807497163195,0.6304641732981954,0.2807787584940403,0.08875706820776429,0.6774704253256588,0.31108132589275966,23,Female,Tier2,"exchange, still deciding, drop alert, fit check",3
CUST00012,52,5,2210.0,22519.0,0.1552453260789543,0.0477287042375095,0.5466161518705537,0.43654770394758713,0.016836144181859306,0.2890925264744366,0.1506713136570278,24,Female,Metro,"capsule collection, favorite brand, cotton",4
CUST00013,54,1,2600.0,2765.0,0.2777271446381032,0.46666600414828147,0.2635922912126208,0.35296241759109825,0.383445291196281,0.5091663009368271,0.47529683049459476,35,Female,Tier2,"sherwani, wedding collection, festive",5
CUST00014,81,1,2830.0,7235.0,0.1896170973650051,0.3805869516388577,0.3986475477674664,0.41913616767757367,0.18221628455495995,0.5130963412896657,0.3276153848789817,28,Female,Tier2,"family pack, t-shirt, sherwani, diwali sale, ethnic wear",5
CUST00015,8,13,1270.0,30510.0,0.3848695050940622,0.2980330504286153,0.9284462776869388,0.0648338230537398,0.006719899259321407,0.8239990461859588,0.30794104835366426,18,Male,Metro,"limited stock, trending now, size medium, t-shirt",2
CUST00016,17,8,850.0,18455.0,0.6619702990423002,0.33960907159271286,0.8954102131228249,0.07007404755563171,0.03451573932154348,0.4668389913215777,0.4964689186220572,24,Female,Tier2,"combo offer, flat 50% off, t-shirt, cashback, clearance",0
CUST00017,11,5,1890.0,18191.0,0.2635079978114338,0.27869705940897554,0.40031108407670196,0.5082207891890809,0.09146812673421727,0.7422839122142323,0.3424797608855241,24,Female,Metro,"trending now, order tracking, oversized fit, collab",2
CUST00018,20,16,660.0,10441.0,0.7571211537933374,0.36332074087888455,0.5898397018773562,0.06714291734007077,0.343017380782573,0.43694401913730907,0.49447025218049556,33,Female,Tier3,"restock, membership, budget",0
CUST00019,60,1,950.0,937.0,0.5258459526890219,0.5572095948526864,0.4431767887786646,0.3591406362769819,0.19768257494435348,0.6057881262292327,0.6390749510745894,18,Female,Tier2,"exchange, referral code, unboxing",6
CUST00020,75,1,3160.0,3925.0,0.2697777869535745,0.4686203861697112,0.1027260150923467,0.5414451946252373,0.355828790282416,0.5348458073519038,0.6354023680413299,38,Male,Metro,"sherwani, gifting, family pack",5
CUST00021,8,3,1340.0,4741.0,0.12461874872480334,0.3188675361892941,0.6272152669191446,0.18543714484015572,0.1873475882406996,0.8606104478432173,0.44139278961477646,25,Female,Metro,"t-shirt, restock alert, new drop, free shipping",2
CUST00022,15,30,460.0,14489.0,0.6567728244819769,0.3807988776824459,0.7215295684270718,0.23924722573084486,0.039223205842083414,0.6405279392449987,0.6672837927316253,24,Female,Tier3,"bogo offer, coupon, sherwani, wedding collection",0
CUST00023,59,1,1230.0,1303.0,0.39151309056912015,0.33158026739700763,0.7563379075918134,0.07891703285457555,0.16474505955361107,0.6694539988992929,0.48390465572592634,19,Female,Tier2,"free shipping, new user offer, size medium, try first order",6
CUST00024,52,1,1250.0,1973.0,0.6074681403299163,0.5611917400102369,0.338926719363214,0.17776486850348422,0.48330841213330183,0.594206769714277,0.47688428460163645,25,Female,Metro,"trending, influencer recommended, unboxing",6
CUST00025,16,17,620.0,28661.0,0.7854972468775413,0.2815614883059562,0.6825110757274643,0.1749489776255042,0.1425399466470315,0.521960785142718,0.8158328849616332,34,Female,Tier2,"coupon, discount, bogo offer",0
CUST00026,8,3,1890.0,7368.0,0.25646354794609527,0.3245012312121542,0.8077841013574081,0.16913651160685653,0.023079387035735203,0.8677766734640926,0.25785244835647797,25,Male,Tier3,"trending now, drop alert, oversized fit",2
CUST00027,62,6,2240.0,29443.0,0.25566764393816205,0.11532527268107115,0.324271811591644,0.3270146374912288,0.34871355091712736,0.30817469940978093,0.16291005005394738,39,Female,Metro,"my orders, restock, size medium, order history, repeat order",4
CUST00028,7,18,890.0,9240.0,0.461973853884641,0.16454214869989928,0.6900575655076319,0.2000795153672183,0.10986291912514975,0.8684185742696532,0.42258295978557187,22,Non-binary,Metro,"free shipping, new drop, limited stock, trending now",2
CUST00029,44,2,1390.0,1663.0,0.4763795764538967,0.21082339725932409,0.4631050727217113,0.25696917125184054,0.27992575602644826,0.3380878903074026,0.2070544004872757,36,Female,Metro,"order history, loyalty points, repeat order, full price",4
CUST00030,53,1,1110.0,823.0,0.608950850620789,0.4531197709751982,0.6172369846226411,0.2542110570609325,0.12855195831642663,0.7499778181245811,0.8051855650677099,21,Male,Tier2,"influencer recommended, welcome offer, order tracking",6
CUST00031,16,12,630.0,10478.0,0.48601798992979256,0.2074149566859276,0.8236698701952131,0.12321453883668868,0.05311559096809822,0.6926070609968186,0.7426897602903931,29,Female,Tier3,"size chart, exchange, combo offer, discount, coupon",0
CUST00032,10,6,1140.0,12965.0,0.37003652162624406,0.09276286870694489,0.6700916244175055,0.2474839139263267,0.08242446165616764,0.8038815339360594,0.49434797748431863,25,Female,Tier3,"kurta, return policy, limited stock",2
CUST00033,60,3,2710.0,12079.0,0.4017496698811612,0.3133581192899197,0.17061793993075994,0.3866498547843382,0.4427322052849018,0.34492468355978984,0.4269318653947121,34,Non-binary,Tier3,"sherwani, bogo offer, diwali sale, coupon",5
CUST00034,50,1,1320.0,1816.0,0.39799943951340266,0.6685873595764334,0.06411211522299878,0.7379046575991687,0.19798322717783262,0.7063718256723249,0.4434670886870826,29,Female,Tier2,"fit check, try first order, size guide, compare, size chart",3
CUST00035,40,1,930.0,870.0,0.8126034093529035,0.5256897930572648,0.5404400924491318,0.20473736899591255,0.25482253855495557,0.8735561082601182,0.7444020304319415,21,Male,Tier3,"try first order, reels, first order discount",6
CUST00036,58,1,2420.0,1593.0,0.41312367515573595,0.39550274431701926,0.5247878140242606,0.4127687437807584,0.06244344219498123,0.2588484884967095,0.4268798604513743,39,Male,Metro,"festive, luxury, wedding collection, jeans",5
CUST00037,34,3,930.0,5484.0,0.4783236769240784,0.7366031486033142,0.2991743563049285,0.3674054585752779,0.33342018511979366,0.5911488880746157,0.5993722564188096,35,Male,Tier2,"return policy, reviews, delivery time, gifting, cod available",3
CUST00038,44,8,2000.0,7617.0,0.24879984804350022,0.27094406768536605,0.5371007231276913,0.2386446607542864,0.22425461611802242,0.1824211183752682,0.19224648290583202,34,Female,Metro,"new arrivals, order history, restock, favorite brand, my orders",4
CUST00039,8,11,1630.0,32729.0,0.2694502419631046,0.27037032619451756,0.8326269762576489,0.12949323940469157,0.03787978433765936,0.7741691628705448,0.4016671272260042,28,Male,Metro,"cotton, sneaker match, compare, streetwear, trending now",2
CUST00040,15,3,740.0,1601.0,0.6330062830624203,0.41655295220542393,0.7542556800699487,0.031640045320478025,0.2141042746095734,0.6083761760571215,0.779203706776933,29,Male,Tier2,"cashback, lowest price, combo offer, flat 50% off, coupon",0
CUST00041,11,5,540.0,6174.0,0.7834152064712747,0.397615166366584,0.7164650242016286,0.22926776110646055,0.05426721469191076,0.5926819888967584,0.7587994054732261,26,Female,Tier2,"lowest price, bogo offer, combo offer",0
CUST00042,93,1,3280.0,2113.0,0.2933426934498098,0.35545507492407125,0.3255579124338863,0.5050531023772562,0.16938898518885737,0.5670424893685081,0.5167593783338957,34,Female,Tier3,"gifting, saree, ethnic wear, diwali sale",5
CUST00043,39,3,1930.0,13481.0,0.25803691307907783,0.24361394605835404,0.43259598203006777,0.27090983307301597,0.2964941848969163,0.11262740977039698,0.13604814429464887,41,Female,Tier3,"order history, my orders, early access, made to order, loyalty points",4
CUST00044,10,5,1330.0,4994.0,0.3689780337449623,0.4035622070150177,0.5821060250221468,0.21981868918074926,0.1980752857971039,0.8450797580435754,0.3628100133821162,24,Female,Metro,"order tracking, curated, limited stock",2
CUST00045,12,22,1290.0,26801.0,0.2561061863745223,0.34032001257238326,0.47571221882367004,0.4970906524817716,0.02719712869455847,0.7209974897596203,0.2577898008775202,19,Female,Tier2,"new drop, diwali sale, drop alert, hype",2
CUST00046,17,4,660.0,3357.0,0.6818057071425526,0.4607676160126542,0.7536711263911271,0.17686971496054857,0.06945915864832436,0.4687450561620105,0.6653495288081053,28,Male,Tier2,"coupon, sale, budget, discount, cashback",0
CUST00047,41,3,1850.0,10732.0,0.2704850499680928,0.21012020645355925,0.31778538028463627,0.04840337714106051,0.6338112425743032,0.45240356554855493,0.2774210041401196,24,Male,Tier2,"welcome offer, order history, repeat order",4
CUST00048,11,8,1400.0,13207.0,0.41216274921924495,0.3455866032366826,0.8415938558751851,0.13501328159851517,0.023392862526299598,0.8419287588310251,0.36922522980025935,28,Female,Metro,"hype, streetwear, drop alert",2
CUST00049,73,3,5080.0,10825.0,0.06697440728816191,0.15001047699525225,0.3366188340290459,0.14830051340147193,0.5150806525694821,0.09674304423706376,0.17356701748637895,53,Female,Metro,"made to order, premium fabric, repeat order",1
CUST00050,18,8,690.0,12060.0,0.8379202577442884,0.2917356972400949,0.8480315298072171,0.133845064381308,0.01812340581147496,0.5772468715494602,0.7838063991815192,18,Female,Tier3,"jeans, budget, usual size, clearance, repeat order",0
CUST00051,49,11,1710.0,39106.0,0.34274858090072263,0.13964390626931766,0.5169205335799344,0.28684220336336935,0.19623726305669617,0.5527571586379059,0.2314422130219308,22,Male,Tier2,"order tracking, membership, kurta",4
CUST00052,37,2,830.0,1012.0,0.6227019660042904,0.34589157051709907,0.7326440007993913,0.21815072032337113,0.04920527887723771,0.8690896651659161,0.6777813582814185,20,Male,Tier3,"trending, insta finds, new user offer, try first order, delivery time",6
CUST00053,8,4,1700.0,9471.0,0.24009083297793518,0.19659603625640473,0.8432177824588963,0.14508782919442678,0.011694388346676876,0.8949162716805485,0.3563220673754952,27,Male,Tier2,"size medium, limited stock, new drop, jeans, trending now",2
CUST00054,53,1,1130.0,2220.0,0.4771073105026984,0.6919376512973863,0.4282204506227199,0.3086680551935026,0.26311149418377744,0.4545953039576298,0.347073468571703,21,Male,Tier2,"size chart, order tracking, free shipping",3
CUST00055,58,1,1540.0,2122.0,0.22429949509293937,0.7558954101658137,0.30071309833623805,0.4752086200890948,0.22407828157466714,0.533881277634015,0.5473430396099986,31,Female,Metro,"wishlist, full price, size guide, size chart",3
CUST00056,39,4,4260.0,46048.0,0.01444829734471553,0.239030128878504,0.09602242581565053,0.5158451035468786,0.3881324706374709,0.27469991638292623,0.2533330544038669,33,Female,Metro,"capsule collection, premium fabric, exclusive collection, compare, designer drop",1
CUST00057,41,2,1090.0,5283.0,0.31187662563301144,0.771216652719318,0.45540489717488347,0.4309029997698725,0.11369210305524416,0.6645542405283251,0.4991502259932938,40,Male,Tier3,"return policy, cod available, order history, size guide",3
CUST00058,64,2,1220.0,4920.0,0.31974241451057694,0.6389750616557955,0.32040488798879097,0.5126230540551971,0.16697205795601183,0.4559927904854622,0.5978733642171721,36,Male,Tier3,"free shipping, order tracking, fit check, still deciding",3
CUST00059,19,7,2010.0,10203.0,0.37154331228672394,0.1782909348627593,0.7519856488911622,0.2289169770142997,0.019097374094538207,0.9119990921076134,0.21380266244560178,25,Female,Tier2,"hype, free shipping, collab, limited stock",2
CUST00060,64,3,2360.0,12612.0,0.262920900760578,0.4190137341639179,0.4403686221468338,0.3320547383459974,0.2275766395071688,0.6292036344750498,0.4876099404431346,34,Male,Tier2,"free shipping, ethnic wear, gifting, diwali sale",5
CUST00061,107,1,2930.0,4359.0,0.09571103684170555,0.31300040367943555,0.26279889229203024,0.5990069794953259,0.13819412821264399,0.4790695635159664,0.5589931713348688,47,Male,Tier2,"ethnic wear, exclusive collection, saree, family pack",5
CUST00062,30,1,1080.0,2033.0,0.34767335453582193,0.6461796841103403,0.24706263416673804,0.3002291091136428,0.4527082567196191,0.6098273516368686,0.3364095454241418,31,Female,Tier3,"wishlist, reviews, fit check",3
CUST00063,67,1,4280.0,4009.0,0.021452654608277572,0.30544541802707187,0.07062142375578663,0.6844417425337499,0.24493683371046354,0.22798910766963762,0.09228526014463215,27,Female,Metro,"exchange, designer drop, size medium, limited edition, premium",1
CUST00064,47,4,1140.0,5054.0,0.6712141240797651,0.4102512444806503,0.54070444657263,0.35996762082337214,0.09932793260399816,0.6752217340765695,0.8072585809605448,29,Female,Tier3,"limited stock, welcome offer, first order discount, cotton",6
CUST00065,55,3,5290.0,12496.0,0.12458904183508426,0.22914682854582835,0.2776865604072487,0.5142623711772137,0.20805106841553758,0.18429139835523706,0.1341497042696862,35,Male,Metro,"capsule collection, full price, made to order, designer drop",1
CUST00066,10,6,1390.0,4503.0,0.5152739185394618,0.3102720866051094,0.5837144540967807,0.1719254884838955,0.2443600574193238,0.8526900878647039,0.25412291125612896,18,Male,Metro,"trending now, restock alert, collab, hype, order tracking",2
CUST00067,10,6,570.0,8796.0,0.8132112670346646,0.39588328137373635,0.6026285621309723,0.1876805370738542,0.20969090079517366,0.5754637291580005,0.704473239970344,23,Non-binary,Tier3,"coupon, flat 50% off, ethnic wear, clearance, lowest price",0
CUST00068,33,12,2970.0,86593.0,0.16926011643053573,0.392920393167893,0.2485147845702866,0.46308833103864216,0.28839688439107136,0.25267454127335875,0.2379249699177954,27,Female,Tier2,"premium, exclusive collection, luxury, t-shirt, coupon",1
CUST00069,76,3,2210.0,4826.0,0.3148773592458304,0.34262918694817485,0.5673424766378674,0.3275454753906032,0.10511204797152943,0.3222591165466606,0.5463157122290196,37,Female,Tier2,"festive, order tracking, ethnic wear, lowest price",5
CUST00070,68,1,1140.0,2044.0,0.5314009274699903,0.5961604793267526,0.3097005375181261,0.4556406061304656,0.2346588563514083,0.8469910486534759,0.5665770042633881,18,Female,Tier2,"order tracking, try first order, referral code, insta finds",6
CUST00071,37,2,3500.0,11840.0,0.05578686971855952,0.23696467367201324,0.045459032952173885,0.5856991469191051,0.36884182012872113,0.260290244007639,0.08779917691633814,19,Female,Tier2,"premium fabric, full price, designer drop, t-shirt, exclusive collection",1
CUST00072,41,1,1260.0,1798.0,0.41171500160061747,0.7384786732209717,0.6362915345590058,0.218582081875914,0.14512638356508026,0.6998725373086447,0.3339740704769625,48,Female,Tier2,"cotton, delivery time, size chart",3
CUST00073,44,6,1990.0,16267.0,0.2116310228600774,0.09288826156059303,0.34075750781743275,0.5874589669214865,0.07178352526108069,0.2676762735434998,0.061545941872699635,31,Female,Tier3,"clearance, order tracking, my orders, early access, order history",4
CUST00074,50,2,1190.0,4552.0,0.5373963219654877,0.5514541792556794,0.16107283161961605,0.7030294564192825,0.13589771196110131,0.6504552157112833,0.6140698430330696,26,Male,Metro,"insta finds, influencer recommended, trending, combo offer",6
CUST00075,34,6,1720.0,20651.0,0.23400892230288808,0.11547559770480913,0.2987344022884011,0.30965344497306546,0.3916121527385335,0.4193734464117484,0.11993758142379085,26,Female,Metro,"loyalty points, usual size, membership, restock",4
CUST00076,12,8,1410.0,13057.0,0.3147255805775555,0.1953153143169798,0.6298890745008395,0.3355710545100405,0.034539870989119946,0.5514133227625471,0.33675942837113393,21,Female,Tier2,"kurta, oversized fit, streetwear, new drop, trending now",2
CUST00077,58,4,2270.0,15219.0,0.2331797478260344,0.3187494315192412,0.5523242006462519,0.3303046517883934,0.11737114756535474,0.38708642099836954,0.6219831694707885,29,Male,Tier2,"jeans, saree, gifting, sherwani, full price",5
CUST00078,20,12,750.0,21087.0,0.6951016477918311,0.29521414347302916,0.6025556649798308,0.2280827759044683,0.16936155911570075,0.6149134591708325,0.6543156053702279,23,Female,Tier3,"cashback, restock, bogo offer",0
CUST00079,59,5,2060.0,12167.0,0.14495853030038058,0.14386201739803878,0.3575205009306511,0.5526502797313045,0.08982921933804439,0.14518082751123795,0.26153390760375195,41,Male,Tier2,"order history, restock, new arrivals, early access, repeat order",4
CUST00080,11,14,600.0,15827.0,0.8477319203891343,0.6191566834702023,0.7531626393383687,0.16562503669609976,0.08121232396553164,0.5221466650779063,0.733720724830442,25,Male,Tier2,"kurta, combo offer, flat 50% off, budget, coupon",0
CUST00081,7,7,1010.0,10368.0,0.32509759554406653,0.33617823539077946,0.8403245959011548,0.14983309459364733,0.00984230950519794,0.7743523213633066,0.36654058291971076,18,Male,Metro,"streetwear, sneaker match, hype, new drop",2
CUST00082,8,17,1500.0,44641.0,0.3589179524678796,0.20811158133928687,0.6870752754931556,0.20987396659828966,0.10305075790855472,0.5708390596641777,0.4880621912976422,23,Female,Metro,"t-shirt, oversized fit, streetwear, sneaker match, exchange",2
CUST00083,48,3,1060.0,2402.0,0.498736043481823,0.7140554829278691,0.4105475280549466,0.42727766670831246,0.16217480523674097,0.749952984619386,0.5578865120121552,27,Male,Metro,"cotton, compare, return policy, size chart, free shipping",3
CUST00084,39,8,1730.0,24470.0,0.36497521153171447,0.25545178256237155,0.3914782132734752,0.4949717873358252,0.11354999939069951,0.4192570628130901,0.19643265802237123,20,Male,Metro,"exchange, repeat order, luxury, order history",4
CUST00085,44,6,1300.0,8803.0,0.5002579110207799,0.7241488460175592,0.28214010605867024,0.3315371008944946,0.3863227930468352,0.6574597245337619,0.5795695678501366,28,Female,Metro,"return policy, fit check, order tracking, cod available, delivery time",3
CUST00086,68,1,1150.0,1084.0,0.4479848224752671,0.8002571923138005,0.2021438489837439,0.36261056769511646,0.4352455833211397,0.6697911255222366,0.2947898095657507,23,Female,Tier2,"order tracking, still deciding, cod available, delivery time",3
CUST00087,43,2,900.0,1334.0,0.6249778295176526,0.2644369042180915,0.6231753722053831,0.06836913264327679,0.30845549515134,0.7881803836746973,0.663115641999577,18,Male,Tier2,"jeans, trending, reels",6
CUST00088,10,9,1520.0,23048.0,0.4263069698066597,0.418387068510117,0.6343283784769513,0.33390462805927795,0.0317669934637707,0.8543915583608713,0.2770505016633451,22,Male,Metro,"hype, oversized fit, sneaker match, drop alert",2
CUST00089,14,16,500.0,9161.0,0.6062673711690642,0.4539343723129477,0.8720204130983874,0.11469105562256683,0.013288531279045867,0.7434947888828664,0.7475539425534644,26,Female,Tier3,"lowest price, bogo offer, trending now, flat 50% off",0
CUST00090,8,13,400.0,5338.0,0.8862599780120006,0.13520692294163564,0.5308402268752757,0.24147949357096468,0.22768027955375972,0.5997779658586383,0.7645822642771062,33,Female,Tier3,"streetwear, flat 50% off, sale",0
CUST00091,55,2,2800.0,13749.0,0.2491670110239653,0.33430927925528264,0.23359265869192872,0.5342052912600379,0.23220205004803335,0.2701612915887666,0.463727775669129,33,Female,Tier2,"free shipping, size medium, kurta set, wedding collection, sherwani",5
CUST00092,10,8,1730.0,26276.0,0.38451572177347937,0.19743293271774162,0.8032532628982371,0.1581180123132708,0.03862872478849212,0.7730154188510905,0.3170147512394595,27,Male,Metro,"drop alert, limited stock, oversized fit, jeans",2
CUST00093,55,1,2070.0,2237.0,0.23490439827505516,0.14877701703840973,0.22099133932852455,0.7144393596475387,0.06456930102393664,0.36858961297884546,0.15715269042256055,33,Male,Tier2,"drop alert, my orders, new arrivals, limited stock",4
CUST00094,34,2,3290.0,6812.0,0.21301515946523886,0.13755296728303057,0.18856386584096416,0.6904886085833558,0.1209475255756801,0.1918755257854722,0.18918834892009845,38,Female,Metro,"limited edition, ethnic wear, premium fabric, curated, luxury",1
CUST00095,72,7,2210.0,10288.0,0.3750442042889466,0.19715261952379615,0.5922795792497991,0.344234215267698,0.06348620548250303,0.3118592785278445,0.2121904937101273,28,Male,Tier2,"early access, restock alert, my orders",4
CUST00096,67,1,1250.0,793.0,0.2910428424756657,0.812747457758918,0.598476061712912,0.29626823187420964,0.10525570641287833,0.6201044832391297,0.36266818678885393,28,Female,Tier3,"wishlist, size guide, reviews, hype",3
CUST00097,18,6,670.0,4386.0,0.44217695858283823,0.3455952517635153,0.64477443836094,0.24878556589614143,0.10643999574291853,0.5503014029290855,0.6637927643381418,20,Female,Tier2,"combo offer, flat 50% off, sale, clearance",0
CUST00098,20,3,820.0,1574.0,0.8289502269089664,0.323140380743792,0.7221581032888932,0.2745709939081878,0.003270902802919033,0.5788779695637355,0.4946021258151759,29,Female,Tier2,"made to order, exclusive collection, combo offer, curated, budget",0
CUST00099,11,2,1750.0,6289.0,0.4255157894576151,0.38082113763884234,0.6962382557825256,0.3017815086722051,0.001980235545269105,0.8000146539622254,0.5182328524042424,22,Male,Metro,"streetwear, hype, exchange",2
CUST00100,10,5,1070.0,12131.0,0.5834466502715262,0.1869552974485163,0.7357551575435349,0.11724602602294276,0.1469988164335223,0.8792467618958503,0.37257817354649747,18,Male,Tier2,"drop alert, kurta, streetwear, size medium, sneaker match",2
CUST00101,12,12,670.0,5333.0,0.8693687221986588,0.31703068881010654,0.6503083297182553,0.27667086511573413,0.07302080516601062,0.4802971505199745,0.582863893802531,19,Male,Tier3,"limited edition, coupon, bogo offer, lowest price",0
CUST00102,9,1,1080.0,2562.0,0.5056944549883675,0.10656020006663224,0.8717637800659536,0.11166908597717666,0.01656713395686971,0.8452583210986615,0.2981165487679545,20,Female,Metro,"size guide, collab, delivery time, reviews",2
CUST00103,10,6,1460.0,10877.0,0.40596303025759395,0.2898459689176126,0.8587673523357529,0.08671533566974789,0.0545173119944992,0.8051546745502165,0.2578182378593575,27,Female,Tier2,"premium, streetwear, curated",2
CUST00104,9,3,1470.0,2306.0,0.27970302835708705,0.21327062032047472,0.5380524804934973,0.29264006990802544,0.16930744959847724,0.9508093074200245,0.33568199419591416,25,Female,Tier2,"sherwani, streetwear, collab, sneaker match",2
CUST00105,77,2,1890.0,5943.0,0.31997706449861246,0.6710236177669627,0.1158763961252507,0.7541156788618796,0.13000792501286962,0.4288570997174371,0.4145599261267895,24,Female,Metro,"compare, delivery time, wishlist, size chart",3
CUST00106,16,2,720.0,2489.0,0.717801749721969,0.2857781803641254,0.9088047820198024,0.04778488951510456,0.043410328465092886,0.47998967979218904,0.738109069770314,22,Female,Tier3,"coupon, flat 50% off, cashback",0
CUST00107,63,1,4710.0,6377.0,0.17521366475518155,0.10167177796827023,0.09558569725180527,0.44558098353635145,0.45883331921184317,0.1600674914450848,0.08992842896153984,46,Male,Metro,"made to order, premium, capsule collection, luxury, jeans",1
CUST00108,51,4,1500.0,11366.0,0.23787606866343064,0.10782221242747195,0.23100982148766677,0.6530067171786776,0.11598346133365557,0.2837405875945329,0.1458681217519446,32,Female,Tier3,"restock, membership, loyalty points, my orders, early access",4
CUST00109,17,7,530.0,3041.0,0.8527199720438442,0.3887857531829755,0.8884613142242164,0.09324993175988985,0.018288754015893798,0.5681672851151365,0.5934501055333516,26,Female,Tier2,"bogo offer, cashback, lowest price, free shipping, budget",0
CUST00110,9,4,1230.0,9658.0,0.2578061732163625,0.1710112976045367,0.8229246540354528,0.1483514072508186,0.02872393871372871,0.6904499408862952,0.16122943895318909,24,Male,Tier2,"sneaker match, streetwear, exchange, free shipping",2
CUST00111,14,2,710.0,3591.0,0.7545373167444887,0.23192141764168772,0.6612533885044123,0.0932077213084104,0.24553889018717737,0.5626254958562041,0.5240386428722347,29,Male,Metro,"lowest price, limited stock, cashback",0
CUST00112,15,6,590.0,3822.0,0.8128078206545359,0.2550706434309412,0.6734315529025998,0.17788629561311212,0.1486821514842881,0.6214166664228334,0.6457283560040196,37,Female,Tier2,"flat 50% off, bogo offer, cashback, budget, designer drop",0
CUST00113,38,6,3500.0,22461.0,0.043004120424843806,0.3343904895881643,0.23506789584676338,0.34587889501735514,0.41905320913588145,0.2046167888469609,0.05722667548018094,28,Male,Metro,"limited edition, designer drop, premium fabric, kurta",1
CUST00114,86,9,3170.0,55033.0,0.29280830356645865,0.28144099437592685,0.355537158547379,0.514620177647373,0.12984266380524792,0.4074714917979208,0.5645580937681437,31,Male,Tier2,"t-shirt, made to order, occasion wear",5
CUST00115,52,2,1210.0,5310.0,0.6522420914640398,0.403683223978016,0.20391839520024616,0.3882390156287683,0.40784258917098554,0.6339196152608815,0.6090416334745599,23,Male,Tier2,"trending, kurta, cotton",6
CUST00116,97,4,3160.0,7382.0,0.1559329698624535,0.2969131347027616,0.2631179362441903,0.6536284925064644,0.08325357124934514,0.3388892601551102,0.5701823500313661,18,Female,Metro,"gifting, ethnic wear, diwali sale",5
CUST00117,82,2,860.0,3430.0,0.6340916824026803,0.4678099023063337,0.49447013452501926,0.17223566078991517,0.33329420468506554,0.468991467277658,0.6132214425694108,23,Male,Metro,"referral code, welcome offer, insta finds",6
CUST00118,44,1,1120.0,1559.0,0.4695464199727346,0.5198323861273859,0.6915829805009241,0.055338302206649946,0.2530787172924259,0.8057956102692794,0.37983710094857875,30,Female,Metro,"made to order, size guide, full price, size chart, compare",3
CUST00119,12,18,570.0,21008.0,0.7085841402960168,0.3927211417564967,0.8060366784963519,0.19173019214450707,0.002233129359141066,0.5135271548965673,0.580067495153362,28,Male,Tier3,"lowest price, sale, size medium",0
CUST00120,59,1,1330.0,3424.0,0.48003677337714734,0.38957564512129766,0.5048165833809736,0.11695167539780811,0.3782317412212184,0.5102114156775315,0.4087740420498897,24,Female,Metro,"try first order, insta finds, trending",6
CUST00121,43,1,1090.0,2562.0,0.6642769872311775,0.38839102170293316,0.6571194955917538,0.2883619527113956,0.05451855169685066,0.8342868586389255,0.6415979808861093,18,Male,Tier2,"referral code, influencer recommended, reels, unboxing, early access",6
CUST00122,9,16,400.0,9216.0,0.8914369032794269,0.18300758131009504,0.8455758522023985,0.1056328048664048,0.048791342931196705,0.7398773376799944,0.8078195042210751,27,Male,Tier3,"budget, bogo offer, lowest price, free shipping, clearance",0
CUST00123,58,1,1070.0,1628.0,0.34508431635031755,0.3888035253810881,0.5858242739959147,0.2727030474394673,0.14147267856461798,0.7866826012163378,0.6829042087559438,30,Female,Tier3,"reels, referral code, new user offer, try first order",6
CUST00124,88,3,3060.0,14168.0,0.3465880215474728,0.2807835197582866,0.3011383215803018,0.5825306174003089,0.1163310610193895,0.29038146985177776,0.7114449136491195,55,Female,Tier2,"wedding collection, cotton, family pack",5
CUST00125,27,1,940.0,1979.0,0.3995926069580398,0.6910441750132654,0.2980330764741676,0.24107279238312512,0.46089413114270733,0.7902617533324803,0.5685443620918521,25,Female,Tier2,"size guide, wishlist, jeans, cod available, still deciding",3
CUST00126,42,1,1790.0,4269.0,0.32005206719900814,0.14973946297503624,0.314909600355418,0.45765874508936155,0.22743165455522052,0.2780458202753693,0.3739919120302739,28,Female,Metro,"exchange, usual size, limited stock, early access",4
CUST00127,19,5,570.0,4236.0,0.7097473019676062,0.3201099110015444,0.8175217260388482,0.11176739652314821,0.07071087743800365,0.5733815564514972,0.6800008167811343,22,Male,Tier2,"coupon, clearance, exchange, sale",0
CUST00128,34,1,1230.0,2284.0,0.5208383779436834,0.6688563489029297,0.31165223769920314,0.34787351192598825,0.3404742503748087,0.7149972373230836,0.3868063374596533,22,Male,Metro,"size chart, size guide, return policy, new drop, t-shirt",3
CUST00129,85,1,2600.0,3928.0,0.3602890513646823,0.3758531662299658,0.16730797248376642,0.4540257434575292,0.37866628405870445,0.3695055850647685,0.25736864181782365,51,Male,Tier3,"diwali sale, ethnic wear, kurta set, gifting",5
CUST00130,38,2,1740.0,7831.0,0.18386438544295947,0.11095736007884391,0.5013035434815521,0.22534846100009562,0.27334799551835226,0.3091638324748418,0.09885565458850933,29,Female,Metro,"favorite brand, my orders, t-shirt, usual size",4
CUST00131,46,9,4050.0,48505.0,0.15950176476305358,0.08169563151049,0.13188818137640376,0.30999611369523594,0.5581157049283604,0.20825387812109414,0.07343986864699732,39,Female,Metro,"exclusive collection, luxury, capsule collection, curated, premium",1
CUST00132,51,3,1700.0,4004.0,0.5213108240669982,0.15895909855701104,0.2371851714068948,0.3902561273994468,0.3725587011936584,0.21794410407975892,0.34038678607055217,44,Male,Tier3,"usual size, restock, favorite brand, free shipping",4
CUST00133,64,1,3060.0,3669.0,0.49896920578436443,0.32872029936204056,0.25675361851075756,0.6289533687366623,0.11429301275258022,0.502006914973137,0.4948607240254574,31,Male,Metro,"coupon, occasion wear, kurta set, gifting, t-shirt",5
CUST00134,83,2,3290.0,6870.0,0.2950116242681696,0.37609433970339134,0.12964175555640223,0.5518082317219059,0.31855001272169203,0.5600033102522117,0.5174110275400425,32,Female,Tier3,"wedding collection, kurta set, occasion wear",5
CUST00135,40,3,3930.0,6306.0,0.2219183407628005,0.26488811810005686,0.21869373499463113,0.6732922267570055,0.1080140382483633,0.2801862833563741,0.20847775058001458,43,Male,Tier2,"luxury, made to order, t-shirt",1
CUST00136,61,1,1420.0,1452.0,0.40898039266162434,0.708087796103265,0.3802082426588445,0.3351225568705786,0.28466920047057687,0.37053044856079403,0.4134562492071965,34,Female,Tier2,"reviews, return policy, compare",3
CUST00137,41,3,3710.0,5839.0,0.028628062727178355,0.28060820151118554,0.212605318701967,0.41817603634548195,0.369218644952551,0.22118720678776307,0.027939054274954977,29,Male,Tier2,"curated, limited edition, full price, premium, premium fabric",1
CUST00138,39,12,2270.0,19848.0,0.2948762307216323,0.118613761131495,0.506094695910683,0.415129625082041,0.07877567900727597,0.4400846250937602,0.20374492451696982,43,Female,Tier3,"cotton, loyalty points, new arrivals, my orders, favorite brand",4
CUST00139,53,1,1320.0,1921.0,0.26162664035656125,0.9266291408995151,0.3183965569919853,0.5191078464817176,0.16249559652629697,0.6141455796879861,0.3356910582832157,25,Female,Tier2,"compare, return policy, size guide, kurta",3
CUST00140,23,5,1940.0,12477.0,0.28262285619544725,0.10048262269481749,0.8357019108048255,0.10237945028809689,0.061918638907077654,0.8486502023674759,0.22980827579696475,22,Male,Metro,"hype, oversized fit, streetwear",2
CUST00141,15,3,1810.0,4118.0,0.3612195353892416,0.43963393202469375,0.8160765717991042,0.15429534977272752,0.029628078428168236,0.7642383672104115,0.29334592185042124,22,Male,Metro,"diwali sale, trending now, collab, new drop",2
CUST00142,10,1,660.0,365.0,0.6058811773739242,0.2240872211407124,0.8053111226754787,0.09038911090785767,0.10429976641666372,0.6927076644286833,0.6696172790830526,27,Male,Tier3,"clearance, discount, combo offer, coupon",0
CUST00143,60,4,1210.0,10235.0,0.6152103379288101,0.5770652657120534,0.362188868184453,0.20362421883464082,0.4341869129809061,0.5245914356204918,0.26546795233480436,23,Female,Tier3,"wishlist, delivery time, reviews, still deciding",3
CUST00144,72,1,2730.0,2776.0,0.206964859809206,0.4290893177413715,0.40742447277056587,0.3505649626018001,0.242010564627634,0.48107219267131357,0.4879989040070168,37,Female,Tier3,"sherwani, diwali sale, saree, gifting, kurta set",5
CUST00145,34,1,1740.0,4494.0,0.1965304899846666,0.1391919486999425,0.7738267722408858,0.08961563264743568,0.13655759511167848,0.40149184650277064,0.13305483957429548,28,Male,Metro,"new arrivals, loyalty points, usual size, membership",4
CUST00146,54,1,1290.0,2241.0,0.5744233272279086,0.4898359101401007,0.3125177120484208,0.314734645051763,0.3727476428998162,0.6776654184289918,0.5942280383880042,20,Female,Metro,"try first order, lowest price, free shipping, first order discount",6
CUST00147,46,2,5080.0,18708.0,0.06266656826487008,0.3363133134909214,0.14120476555095982,0.7495341637349339,0.10926107071410629,0.20498503306475024,0.16873035021556618,47,Female,Tier2,"full price, made to order, luxury, free shipping",1
CUST00148,86,1,3540.0,2279.0,0.24581584649683844,0.4375347907454671,0.3820929293940845,0.3898306285538534,0.22807644205206204,0.39095830055036457,0.31414148629043076,34,Female,Tier2,"festive, exchange, wedding collection",5
CUST00149,39,6,1260.0,15495.0,0.2986363093060781,0.02152088686690866,0.3823269919497313,0.4634807370543459,0.1541922709959228,0.5757426000984728,0.20050780244389876,38,Male,Tier2,"early access, usual size, order history, new arrivals, cod available",4
CUST00150,53,11,2440.0,48266.0,0.307136111356305,0.4080691420683872,0.5042010601901361,0.4026115898605092,0.09318734994935475,0.44097758911948076,0.6361082171373532,40,Male,Tier3,"kurta, family pack, jeans, occasion wear",5
CUST00151,41,3,2130.0,11814.0,0.3112565815553882,0.07408045248990522,0.7764077243693205,0.12973932969332377,0.09385294593735574,0.29233239604500627,0.12102425654256904,38,Female,Tier2,"favorite brand, membership, loyalty points, order history, new arrivals",4
CUST00152,12,20,480.0,10653.0,0.8483838392797911,0.37125272821571403,0.8548198559603098,0.08365457680917683,0.0615255672305134,0.796866895364525,0.6570213416405907,21,Male,Tier3,"jeans, coupon, sale, clearance",0
CUST00153,64,5,2250.0,6722.0,0.34924712098736554,0.216401755919561,0.7236064930467756,0.17805324773618947,0.0983402592170349,0.29299167981427143,0.2238436996772845,37,Female,Tier2,"usual size, still deciding, early access, membership, my orders",4
CUST00154,70,1,1140.0,1439.0,0.5419582329141399,0.35251354079011976,0.3210356081463623,0.4236892256601618,0.25527516619347596,0.6285579926818785,0.5671945937878294,18,Male,Metro,"jeans, trending, referral code",6
CUST00155,41,3,2230.0,14116.0,0.49272273166455505,0.16307533018515738,0.3246250308032373,0.2556017214038346,0.41977324779292813,0.4318061501671806,0.2716997294229417,36,Male,Tier3,"new arrivals, early access, kurta set",4
CUST00156,10,14,1530.0,34602.0,0.45952016365844667,0.18373821348906985,0.7500156477850735,0.1389589693359102,0.11102538287901645,0.8209420125472572,0.2538703965482774,25,Male,Tier2,"limited stock, hype, restock alert, sneaker match",2
CUST00157,16,2,750.0,3419.0,0.8256132577430871,0.31806181265859645,0.903237022458788,0.08871088086051368,0.008052096680698406,0.5602754428610631,0.40449605506724073,19,Female,Tier3,"budget, size medium, bogo offer",0
CUST00158,38,5,2590.0,19081.0,0.04439374866076469,0.21689095529592475,0.24970942678966213,0.4465792578093981,0.30371131540093965,0.2758358474738025,0.14155546358354976,35,Female,Metro,"limited edition, made to order, luxury, exclusive collection, curated",1
CUST00159,18,9,590.0,8195.0,0.7986986038179289,0.3980206738610767,0.8918894342035071,0.07597984703976149,0.032130718756731395,0.577770415298911,0.6480343265447049,21,Female,Tier2,"flat 50% off, cashback, size medium, clearance",0
CUST00160,35,1,970.0,1755.0,0.26108803452031765,0.6326158060101702,0.344109362662691,0.17391834058666458,0.48197229675064446,0.6746773385258178,0.3277094025060741,29,Female,Tier2,"size chart, wishlist, clearance",3
CUST00161,58,1,830.0,448.0,0.5484752537982535,0.48679976925062474,0.3080325688341801,0.2844574396787462,0.40750999148707384,0.77158816791316,0.5607792154093125,19,Female,Metro,"influencer recommended, first order discount, reels, limited edition, luxury",6
CUST00162,10,9,1310.0,11125.0,0.37057184394165427,0.36446734014202353,0.5776562811394321,0.19580763273401358,0.22653608612655432,0.8506016913758526,0.2780423837939578,27,Male,Metro,"oversized fit, restock alert, discount, order tracking",2
CUST00163,29,9,3030.0,45616.0,0.09401048529080079,0.31129616930934884,0.08614695298572612,0.4776121067420657,0.4362409402722082,0.24459406592593416,0.09162424661656568,27,Female,Metro,"luxury, unboxing, made to order, capsule collection",1
CUST00164,67,4,2650.0,17319.0,0.21960997751997144,0.2593287236342334,0.1383160346880242,0.35960558387515956,0.5020783814368162,0.44300245106403024,0.4869407595972281,44,Female,Metro,"ethnic wear, saree, family pack",5
CUST00165,62,7,2600.0,16355.0,0.28326221511531896,0.24238871938398607,0.3752138896797976,0.3429129757108508,0.28187313460935176,0.5866892489874621,0.43847050641557556,49,Female,Metro,"diwali sale, family pack, sherwani",5
CUST00166,61,1,1410.0,1391.0,0.4896949626213303,0.8617114506201522,0.2632495019099038,0.4640798949397602,0.27267060315033603,0.589519884288644,0.27753706734254396,23,Male,Tier2,"still deciding, cod available, wishlist",3
CUST00167,68,5,2280.0,14706.0,0.16578936210358078,0.16025788125374163,0.30671511121511164,0.24206455536827345,0.451220333416615,0.22645450630019215,0.08363514889035939,33,Female,Metro,"favorite brand, order history, new arrivals, my orders",4
CUST00168,17,8,630.0,2898.0,0.651137322066815,0.45129731106196147,0.4629789373819736,0.34848177831464766,0.18853928430337882,0.38959861006570146,0.7437842561802822,35,Male,Tier3,"discount, sale, order tracking, sherwani, clearance",0
CUST00169,40,1,930.0,1596.0,0.32200037255483394,0.4722355370624422,0.15831973650931525,0.5056997769392342,0.3359804865514505,0.588363608410435,0.6168481780048628,23,Female,Tier2,"loyalty points, kurta, reviews, repeat order, t-shirt",3
CUST00170,82,1,3400.0,5358.0,0.22899205859081995,0.29867135229115027,0.33429883132908983,0.42838654560952244,0.2373146230613879,0.3262064355741674,0.5276726170879994,43,Male,Tier2,"occasion wear, saree, festive, budget",5
CUST00171,15,3,640.0,4147.0,0.7503719492141153,0.3147356270696403,0.7133577516793431,0.26093744405503205,0.025704804265624596,0.5578809306484123,0.7613401307546943,30,Female,Tier2,"sherwani, cashback, cotton, bogo offer, discount",0
CUST00172,31,1,3340.0,9493.0,0.02009234178882899,0.1727400639768167,0.32483100835744866,0.3176989180597778,0.35747007358277355,0.36694854866751336,0.3073135168185208,18,Male,Tier3,"t-shirt, limited edition, premium, free shipping, made to order",1
CUST00173,56,1,1190.0,1194.0,0.5723709155936457,0.3611485552535562,0.7976169742301722,0.1485555756301318,0.05382745013969597,0.7615269314142263,0.46085564427409437,18,Male,Tier3,"first order discount, new user offer, jeans, referral code",6
CUST00174,46,4,2960.0,6850.0,0.5590566788682731,0.3330992594077091,0.17511777732603867,0.6461641942240922,0.17871802844986912,0.4906319637303525,0.4347706723632289,39,Male,Tier3,"family pack, festive, sherwani, t-shirt, kurta",5
CUST00175,15,1,1400.0,1911.0,0.17044245566839505,0.3791367511868733,0.6925712174622464,0.12196018935521334,0.18546859318254044,0.8959015723163727,0.278553149101135,20,Female,Metro,"restock alert, combo offer, streetwear",2
CUST00176,63,2,2840.0,5712.0,0.22373816015356882,0.33238264334182,0.3307451942223763,0.6482783687811695,0.02097643699645437,0.4614350795237677,0.40182043126131584,35,Non-binary,Metro,"jeans, ethnic wear, kurta",5
CUST00177,47,1,920.0,890.0,0.655927190217844,0.3086036051811168,0.7928685910517322,0.053902741623101734,0.15322866732516593,0.7916785222049019,0.6055662233687307,21,Female,Metro,"try first order, new user offer, cotton, drop alert",6
CUST00178,70,2,1590.0,6578.0,0.4164228318080523,0.8343542847572378,0.37574516765854804,0.19890869494918118,0.4253461373922708,0.5078591759811593,0.42621279711883114,30,Female,Tier2,"drop alert, return policy, delivery time, order tracking",3
CUST00179,43,1,1170.0,1106.0,0.5366976990804442,0.4580413088589083,0.4016946385177501,0.4927330773823448,0.10557228409990504,0.6554061726413739,0.5575703745976935,24,Male,Metro,"repeat order, insta finds, referral code, try first order, first order discount",6
CUST00180,19,5,870.0,5382.0,0.7915105647305131,0.44998491801873053,0.5899170717222536,0.2834044356885109,0.12667849258923544,0.4829938992443035,0.5327182992580357,18,Male,Tier3,"bogo offer, coupon, sale",0
CUST00181,8,13,1290.0,14965.0,0.54555728785778,0.28829934482750597,0.9525641059560118,0.03747735414707574,0.009958539896912304,0.883846111511755,0.25255911820300836,20,Female,Tier2,"oversized fit, kurta, collab, new drop, hype",2
CUST00182,8,7,1200.0,17721.0,0.25892834007125587,0.4366102779056168,0.5708618036873124,0.323811955780336,0.10532624053235161,0.8168362232079371,0.40966413492153564,24,Male,Tier2,"flat 50% off, order tracking, combo offer",2
CUST00183,52,3,4260.0,25381.0,0.12304353020585294,0.15993821403478567,0.2371764563740653,0.31333219466027395,0.44949134896566073,0.2343627805059283,0.26867436510360254,33,Female,Tier2,"luxury, capsule collection, full price, jeans, premium",1
CUST00184,59,6,900.0,2833.0,0.7406152122839514,0.39955285101674576,0.483294532790709,0.3683599758613642,0.1483454913479268,0.6175829746156354,0.6759056001240142,18,Female,Metro,"first order discount, cotton, welcome offer, jeans, trending",6
CUST00185,8,18,1230.0,36957.0,0.46143377275689434,0.20203095374030142,0.5576349159396516,0.2980832909450773,0.14428179311527103,0.8704277911996914,0.3998851121706729,28,Female,Metro,"streetwear, fit check, trending now, restock alert",2
CUST00186,49,2,1810.0,2438.0,0.06149916483972479,0.17512830954786515,0.41895141210132536,0.28482945473217136,0.29621913316650345,0.29518256439278134,0.06791085554091174,41,Female,Tier3,"size medium, membership, usual size, gifting, cotton",4
CUST00187,51,5,2390.0,11488.0,0.26065837268246933,0.07526987053191496,0.4832837805848681,0.4041240571610817,0.11259216225405022,0.19773516566321858,0.419732458680633,33,Female,Metro,"my orders, repeat order, restock, free shipping",4
CUST00188,9,6,1600.0,10158.0,0.35765871061634613,0.40713302674567936,0.9154256213135696,0.08306121723511027,0.0015131614513201293,0.9334305112727634,0.29090983886130617,30,Female,Tier2,"limited stock, size medium, trending now",2
CUST00189,72,3,2370.0,11692.0,0.15941875451439547,0.2187820417188819,0.5943414101152252,0.34780723475466846,0.05785135513010634,0.13052225081357727,0.206613596112208,29,Male,Metro,"t-shirt, repeat order, favorite brand",4
CUST00190,17,23,690.0,28388.0,0.7715391505485719,0.36365056053961003,0.6235845591966211,0.1502558612291263,0.22615957957425256,0.5552353794605992,0.702603358318319,18,Male,Tier3,"combo offer, coupon, cashback, lowest price, budget",0
CUST00191,47,7,1990.0,22809.0,0.3832783607802483,0.2792621276062737,0.2430397539401296,0.4925624015395831,0.26439784452028736,0.41368298985510654,0.5173698784344504,42,Female,Tier3,"diwali sale, kurta set, wedding collection, ethnic wear",5
CUST00192,117,1,3120.0,7650.0,0.23884334842071167,0.3557349241959932,0.511024435548103,0.32275673927483356,0.16621882517706324,0.486609297649452,0.30880374784844655,42,Female,Tier3,"jeans, festive, gifting, kurta set, sherwani",5
CUST00193,14,12,540.0,4454.0,0.8784188481972641,0.27451404899534776,0.7203186866675018,0.06593273611474128,0.213748577217757,0.43745762819782447,0.6786363446721078,29,Female,Tier2,"budget, kurta, free shipping, clearance",0
CUST00194,53,3,1210.0,2299.0,0.507315774901053,0.677740168812946,0.5839272233220328,0.12536546368936177,0.2907073129886054,0.7849642927817401,0.5663193827533078,28,Female,Metro,"size guide, cashback, cod available",3
CUST00195,9,3,1200.0,6467.0,0.44583581561651653,0.3073412252089772,0.7317310685216953,0.26559759044112907,0.002671341037175487,0.8805431036540782,0.574890687355138,22,Male,Tier2,"sneaker match, collab, restock alert, cotton, fit check",2
CUST00196,33,7,3000.0,33012.0,0.2995519617437713,0.26784848673065736,0.27255410333219293,0.6450077673494283,0.08243812931837864,0.2960653658045637,0.1685304048256486,35,Female,Tier3,"restock alert, made to order, luxury",1
CUST00197,17,4,540.0,2147.0,0.7760851152579423,0.39526270843070843,0.898587604122911,0.08388510113489335,0.01752729474219542,0.4424882834494973,0.5225043097839037,27,Female,Tier3,"sale, discount, lowest price",0
CUST00198,49,1,1040.0,2316.0,0.4456495008396356,0.7959709875997696,0.2139771889957128,0.2229453269181695,0.5630774840861178,0.5605467899381267,0.3953746137936554,18,Female,Metro,"reviews, size guide, delivery time",3
CUST00199,90,2,1340.0,1964.0,0.5382758013416514,0.4498810852344628,0.7466739883601241,0.2382381058595067,0.01508790578036933,0.5629592942025994,0.5527181041892694,25,Female,Metro,"welcome offer, new user offer, first order discount, trending, free shipping",6
CUST00200,77,1,1410.0,2185.0,0.5129467320067511,0.6097778685099327,0.6069802210591088,0.20247625545381387,0.19054352348707732,0.65688206739154,0.37978945648351314,19,Male,Tier2,"influencer recommended, try first order, welcome offer, unboxing",6
CUST00201,44,8,1860.0,8395.0,0.2718569749166513,0.1763510556563598,0.4064063819808105,0.5221568647442809,0.07143675327490864,0.38943223720588954,0.22927626975831888,40,Female,Tier3,"early access, loyalty points, my orders, order history",4
CUST00202,60,1,1450.0,2975.0,0.2343314625577332,0.6639992330827619,0.281084017025435,0.6660455649771145,0.0528704179974504,0.5795429404713857,0.2630167197823062,26,Female,Metro,"compare, cod available, fit check, size chart",3
CUST00203,14,2,660.0,758.0,0.8525559220522333,0.36024413303640634,0.3167126036438997,0.36969021701502974,0.31359717934107056,0.5856532227930842,0.6179547230605678,37,Female,Tier3,"combo offer, favorite brand, lowest price",0
CUST00204,46,2,1180.0,4380.0,0.49641617232120056,0.5320545811141397,0.5951833342000762,0.24799682661240638,0.15681983918751743,0.5992926292739936,0.6261586200403075,20,Female,Tier3,"size medium, clearance, free shipping, unboxing",6
CUST00205,37,5,1180.0,9303.0,0.2990393345844508,0.5634573657677708,0.314339837370157,0.5115513539289765,0.17410880870086667,0.6990162946733706,0.5782285625785697,24,Male,Metro,"still deciding, delivery time, wishlist",3
CUST00206,39,3,1140.0,5584.0,0.38414063023871153,0.7035608995591667,0.38091865700039856,0.44430473676471366,0.1747766062348877,0.6975100225853186,0.3839905565077435,45,Female,Metro,"wishlist, size guide, exchange",3
CUST00207,67,2,2160.0,4194.0,0.069239506513369,0.1666518940030515,0.4215114702057946,0.47977919315199846,0.09870933664220694,0.3382881076786908,0.09628241513468003,28,Female,Tier3,"new arrivals, limited edition, membership, usual size, t-shirt",4
CUST00208,49,7,1630.0,5130.0,0.14110425067964213,0.010872109937879893,0.4038163765137205,0.43668368896561577,0.1594999345206637,0.4185035266163931,0.15580103088321526,37,Female,Metro,"favorite brand, loyalty points, cotton, new arrivals, early access",4
CUST00209,9,11,1220.0,21814.0,0.4337211457212737,0.22172253752204082,0.7841091830891977,0.18145482097455806,0.034435995936244426,0.8590325808598246,0.37043407097670683,21,Non-binary,Metro,"new drop, collab, cod available, restock alert, streetwear",2
CUST00210,70,1,2770.0,1513.0,0.18004997632880573,0.21626653405655089,0.2900063580617156,0.36920292681071926,0.34079071512756526,0.378467187176633,0.48213282720872275,38,Male,Metro,"referral code, wedding collection, family pack, unboxing",5
CUST00211,48,3,4450.0,11070.0,0.11706877216418922,0.16222409518739278,0.10305797496544085,0.2158326577818089,0.6811093672527503,0.1725174426757917,0.1645888846408771,32,Female,Metro,"full price, clearance, t-shirt, exclusive collection, designer drop",1
CUST00212,55,1,2060.0,5557.0,0.22430782571790292,0.07252541695059062,0.14543885359141304,0.45125093884095757,0.4033102075676294,0.43807260705502327,0.26276270639005783,32,Male,Tier3,"kurta, my orders, usual size",4
CUST00213,60,1,2120.0,3200.0,0.39163461076906136,0.3689503079885011,0.4116741985810178,0.5485285070637812,0.03979729435520106,0.5053376845199266,0.4441537292050664,24,Female,Tier3,"size medium, kurta, wedding collection, festive",5
CUST00214,60,8,2300.0,35904.0,0.3315124634166277,0.27806422452715107,0.43809601570047424,0.2861505141245699,0.2757534701749558,0.5191530769315803,0.4886497583051861,34,Female,Metro,"ethnic wear, occasion wear, saree, wedding collection, diwali sale",5
CUST00215,10,12,1210.0,29479.0,0.46814760058366683,0.24695999680264985,0.6929179405304692,0.18210057556133255,0.12498148390819838,0.649817229201517,0.5086010803797465,25,Male,Metro,"streetwear, order tracking, saree, new drop",2
CUST00216,12,12,1290.0,12080.0,0.3317852514208557,0.2447436370157075,0.4577117902860546,0.20131578065082778,0.34097242906311764,0.7325149548790317,0.2729951540392453,26,Male,Tier2,"fit check, size medium, new drop",2
CUST00217,97,3,4180.0,23041.0,0.4940791089846018,0.19806937778283473,0.42194815308385697,0.42565833700151706,0.152393509914626,0.3706077658817024,0.6549935984606838,44,Male,Tier3,"jeans, occasion wear, sherwani, gifting, wedding collection",5
CUST00218,8,10,1320.0,11388.0,0.2252333137836674,0.4779001431493343,0.68789976884393,0.10528312521546783,0.20681710594060201,0.7242869911090204,0.37541445443267296,18,Non-binary,Tier3,"drop alert, trending now, order tracking",2
CUST00219,55,3,1370.0,5439.0,0.4727361492867995,0.7344743968021995,0.58056130068934,0.28579880422125425,0.13363989508940585,0.43436507100273364,0.4922608964517084,37,Female,Metro,"kurta, reviews, delivery time, size guide, still deciding",3
CUST00220,49,3,4350.0,13853.0,0.11217809046873833,0.11258657237054091,0.17446722926272887,0.5524658716531821,0.273066899084089,0.18206877437446173,0.08248243393514189,47,Male,Metro,"premium, premium fabric, exclusive collection, limited edition, made to order",1
CUST00221,14,10,690.0,18700.0,0.837910675034767,0.3593421707433425,0.7002648661670784,0.1216103915644915,0.17812474226843006,0.5601242156869878,0.4306782916939847,22,Male,Tier3,"size medium, coupon, cashback",0
CUST00222,7,13,1350.0,9971.0,0.3045679237452501,0.30750988898080467,0.5861034751771282,0.16760607874480335,0.24629044607806846,0.6007221975720479,0.39806731722250027,19,Male,Metro,"collab, sneaker match, free shipping, exchange",2
CUST00223,54,1,950.0,464.0,0.4773907395965008,0.5664268874746887,0.6141425367057504,0.20352323810822448,0.18233422518602527,0.6684055419086595,0.4300661790922838,20,Female,Metro,"unboxing, kurta, first order discount, try first order, new user offer",6
CUST00224,43,2,2050.0,6960.0,0.4927843694793059,0.40199453147108444,0.4099988654783736,0.21553270145563383,0.3744684330659926,0.5471597431597592,0.7261700788053252,31,Female,Tier3,"gifting, diwali sale, family pack, sherwani, saree",5
CUST00225,38,2,1930.0,5157.0,0.11620014323974018,0.1579666330434878,0.8435748325958781,0.13087622035562974,0.025548947048492147,0.5559750156635141,0.2492975086442137,21,Female,Metro,"favorite brand, repeat order, early access",4
CUST00226,36,2,4120.0,16935.0,0.13420779189470378,0.22901901169739286,0.17448315239369835,0.5046615513242828,0.32085529628201903,0.24357639861748326,0.1696272339803421,38,Female,Metro,"made to order, lowest price, full price, size medium",1
CUST00227,68,1,1260.0,2684.0,0.31700097092871465,0.8213366617556186,0.2826680715562574,0.6287955823774307,0.08853634606631193,0.48703055109273335,0.48686780187428774,23,Female,Metro,"wishlist, size chart, size guide, fit check, free shipping",3
CUST00228,65,1,1540.0,2580.0,0.49115775691399116,0.6091276658012791,0.6012837950438024,0.2533624998268569,0.14535370512934073,0.675063391705259,0.46033416252157494,23,Male,Metro,"referral code, new user offer, trending now, drop alert, cotton",6
CUST00229,108,3,3150.0,9668.0,0.21353365689733828,0.40814174261288305,0.3868140252656138,0.33533805349823176,0.2778479212361543,0.39940760963775623,0.4400975327120389,33,Female,Tier3,"sherwani, occasion wear, size medium, festive",5
CUST00230,67,4,3090.0,8826.0,0.43356771600572636,0.43579088997004817,0.5290316339091227,0.2626529269506211,0.2083154391402563,0.32208069721797944,0.3700550278125611,38,Female,Tier2,"wedding collection, kurta, ethnic wear, size medium, kurta set",5
CUST00231,49,5,4220.0,38624.0,0.04898029052031507,0.23094164991523874,0.2937034667695503,0.1633044447267553,0.5429920885036944,0.3996145835924923,0.15310442408152455,27,Male,Metro,"capsule collection, new drop, exclusive collection",1
CUST00232,18,1,790.0,621.0,0.6328194384919734,0.46717626612301527,0.8009844293176792,0.1777690551444578,0.02124651553786287,0.32696809669763854,0.5990013541288685,28,Female,Metro,"clearance, repeat order, bogo offer",0
CUST00233,43,11,1520.0,38367.0,0.28731140303122216,0.08881000752621557,0.3533217255284039,0.20852577437647563,0.4381525000951205,0.23174520552774003,0.32639346289531224,46,Male,Metro,"membership, usual size, order history, trending now, my orders",4
CUST00234,11,19,450.0,5946.0,0.894563769554271,0.22047775808559808,0.6370858693479,0.27631723544238185,0.0865968952097181,0.44397665218631255,0.7101619565351462,21,Male,Tier2,"sale, clearance, jeans",0
CUST00235,42,7,930.0,7231.0,0.4272155223067039,0.5928428275528708,0.557039733257668,0.25988007610874647,0.1830801906335856,0.7676189328373954,0.6170955275755682,22,Male,Metro,"trending, first order discount, free shipping, kurta",6
CUST00236,66,1,1430.0,2453.0,0.35937931164304376,0.710014511789275,0.5153828340960307,0.41176342313861797,0.07285374276535143,0.6022690068337855,0.2534904079513586,32,Male,Metro,"compare, order tracking, size chart, capsule collection",3
CUST00237,75,2,2630.0,6462.0,0.3058104536752809,0.4914388498284313,0.09257081479212767,0.6616801571033986,0.24574902810447374,0.5249432210484245,0.6182400468852578,25,Male,Tier3,"sherwani, family pack, saree, my orders, free shipping",5
CUST00238,46,1,1150.0,1545.0,0.4974191194587326,0.7534145884019474,0.16618183443607037,0.44821521331176556,0.385602952252164,0.5057012511790462,0.4926108465934439,18,Non-binary,Metro,"oversized fit, kurta, size chart, return policy",3
CUST00239,48,5,2160.0,17233.0,0.3563119098556589,0.060505787262274846,0.4600111657297279,0.3411326997454708,0.19885613452480153,0.49646924145999927,0.16843379288220808,29,Male,Metro,"loyalty points, favorite brand, usual size, try first order",4
CUST00240,9,9,1030.0,21027.0,0.2863640352131016,0.2276137829626127,0.6800875236763976,0.293366244260555,0.026546232063047313,0.7505462484110862,0.3422707524242206,24,Female,Metro,"hype, streetwear, trending now",2
CUST00241,84,2,3100.0,5176.0,0.3479028127721738,0.44876412359164947,0.47790289061770735,0.4201393890116134,0.1019577203706792,0.42657275067062334,0.4789169358219287,43,Female,Tier3,"t-shirt, exchange, gifting",5
CUST00242,56,6,2020.0,25241.0,0.3513627564316707,0.15163004599726107,0.22278033862331148,0.39621699507538377,0.3810026663013048,0.5408384275589486,0.34559017487158117,37,Female,Metro,"kurta set, sherwani, festive, ethnic wear, wedding collection",5
CUST00243,72,1,1220.0,2636.0,0.47882164923700604,0.7040718953780176,0.22459319286307183,0.2985366770856902,0.476870130051238,0.6929597007416025,0.17088352768010462,40,Female,Tier3,"fit check, order history, size chart, reviews",3
CUST00244,12,8,560.0,8289.0,0.7928095972296251,0.2470467948068041,0.7470618259923117,0.1681034942978585,0.08483467970982983,0.6810721459592469,0.6934896307607864,22,Female,Metro,"sale, bogo offer, lowest price, coupon, flat 50% off",0
CUST00245,11,8,1260.0,7434.0,0.3760919918116565,0.33328512084239875,0.7096904241553106,0.09108916874806117,0.19922040709662836,0.8238175802879987,0.34079233065733644,26,Male,Tier2,"collab, new drop, kurta, drop alert, restock alert",2
CUST00246,17,10,690.0,16337.0,0.8174153938495944,0.3089150890168156,0.2568980324156899,0.2639644703079662,0.4791374972763438,0.4764849423845645,0.7265190315699963,22,Female,Tier2,"clearance, trending, lowest price, discount, t-shirt",0
CUST00247,8,10,1160.0,17086.0,0.23589999095367276,0.5440404307475258,0.8663474241765731,0.025121921216625754,0.10853065460680134,0.9026491076988947,0.21324435222299318,28,Male,Metro,"hype, sneaker match, t-shirt",2
CUST00248,68,1,1770.0,3439.0,0.2946037911439218,0.7831360559510359,0.6802657343565817,0.24323140128467505,0.07650286435874333,0.5391778149042136,0.20766231061524265,37,Male,Tier2,"size chart, return policy, cod available",3
CUST00249,48,1,1120.0,1739.0,0.315811727960949,0.8190882576150683,0.06338413265700725,0.6692663580746401,0.2673495092683527,0.5874211247213064,0.5252946259757145,33,Male,Tier2,"size guide, size chart, trending, cotton, compare",3
CUST00250,15,2,940.0,1868.0,0.660450316724633,0.3248144397617425,0.5011852830282122,0.49408663839808603,0.00472807857370169,0.4715349112976609,0.6201142876862022,23,Male,Tier3,"combo offer, clearance, bogo offer",0
CUST00251,14,3,720.0,3975.0,0.6898078253884569,0.27078898330545487,0.1913249004765796,0.5455333197373218,0.26314177978609854,0.45684222007930947,0.6607786747396738,18,Female,Tier3,"sale, free shipping, exchange, bogo offer, discount",0
CUST00252,58,1,1270.0,1993.0,0.6037189184923312,0.49865365485974283,0.4904910645439862,0.21794872380422017,0.2915602116517937,0.5161537368301138,0.5606006787920116,18,Female,Tier3,"reels, jeans, welcome offer",6
CUST00253,89,3,3540.0,7622.0,0.3087660052021272,0.30276357736250564,0.23071815427593495,0.7607625481734219,0.008519297550643233,0.4789618058829466,0.4311871027919336,35,Female,Metro,"gifting, free shipping, wedding collection",5
CUST00254,22,5,2870.0,32398.0,0.12030134779287974,0.18326836701561158,0.02566665327156123,0.5898465815282895,0.3844867652001493,0.38088554506057687,0.06498722226389748,42,Female,Metro,"luxury, designer drop, full price, order tracking, limited edition",1
CUST00255,42,7,1530.0,10500.0,0.35816012664467833,0.18923563493054502,0.5226242940325524,0.14062405989409368,0.33675164607335384,0.4718940140831016,0.2976743242407518,36,Female,Tier2,"order history, limited stock, my orders",4
CUST00256,16,6,530.0,1980.0,0.8289192418871301,0.42654250605081423,0.7484396559267404,0.09360448224606005,0.15795586182719956,0.6102999552665478,0.7527519035320855,32,Female,Tier2,"usual size, budget, combo offer",0
CUST00257,16,12,710.0,6137.0,0.6798674122861248,0.5054318804994885,0.6048760045654811,0.25269626167820625,0.1424277337563127,0.42764135742464043,0.6171566884044137,29,Female,Tier2,"combo offer, free shipping, bogo offer",0
CUST00258,68,1,1240.0,1645.0,0.30028600482490697,0.7127197851333495,0.3446157046039756,0.23854094757791897,0.41684334781810534,0.4389465575033212,0.3900444494431946,23,Female,Tier3,"still deciding, compare, wishlist",3
CUST00259,53,3,1030.0,4366.0,0.34389917982344076,0.6027760357378997,0.3104179113484775,0.18016138890473263,0.5094206997467899,0.6211152485507409,0.3912818837368456,32,Female,Metro,"size chart, return policy, jeans",3
CUST00260,60,2,770.0,2624.0,0.5415429427310922,0.48867713739783636,0.40597432820433416,0.24269153458589698,0.35133413720976886,0.8130307812627244,0.6618665064196314,19,Female,Tier2,"unboxing, kurta, referral code",6
CUST00261,73,3,2740.0,12809.0,0.1908199418778085,0.460021292309664,0.38663134862760007,0.42786601010965436,0.1855026412627454,0.48206706288301354,0.7252282443535351,45,Non-binary,Tier2,"gifting, wedding collection, size medium, family pack, saree",5
CUST00262,18,5,820.0,6357.0,0.7918391807087133,0.3907535554724215,0.22963652741586155,0.7234879799914486,0.046875492592689784,0.5867414569617917,0.7553945596154656,18,Female,Tier3,"budget, sale, coupon, bogo offer, cashback",0
CUST00263,13,4,1270.0,3650.0,0.3605367799488409,0.2628165527790726,0.6932922324054583,0.12695808402217348,0.17974968357236817,0.8887859724565726,0.3288917713731654,23,Female,Tier2,"free shipping, collab, exchange, trending now",2
CUST00264,12,6,540.0,4463.0,0.7205647838499969,0.36090749589935256,0.6769255851132681,0.036088908133229944,0.286985506753502,0.5377366840703195,0.7077278153025554,23,Female,Metro,"coupon, budget, repeat order, lowest price",0
CUST00265,15,8,690.0,13024.0,0.5655503620094715,0.3540472255839438,0.7639351049762297,0.21333911549924497,0.022725779524525404,0.4187996729170391,0.7520395059374776,32,Male,Tier2,"bogo offer, flat 50% off, coupon, cashback",0
CUST00266,12,3,1410.0,3397.0,0.20707053419148125,0.17535470913464268,0.7709127596092732,0.21271024043421355,0.016376999956513254,0.7302594745965215,0.20957562044877479,20,Male,Tier3,"t-shirt, new drop, premium, streetwear",2
CUST00267,15,6,1900.0,21904.0,0.2840068250785392,0.3827131727574261,0.6879327492341338,0.2369561594714805,0.07511109129438553,0.8110074092558932,0.40270389828599984,22,Male,Tier3,"collab, sneaker match, restock alert, kurta, new drop",2
CUST00268,54,1,1370.0,1189.0,0.5868426844284255,0.583541078005606,0.31732036712975853,0.40684867805229086,0.2758309548179505,0.8162496931742931,0.6854171335853336,18,Female,Tier2,"new user offer, influencer recommended, sneaker match, free shipping",6
CUST00269,44,1,2040.0,3535.0,0.2079935400002402,0.14967808897456783,0.49802401436168536,0.3404948807899539,0.16148110484836076,0.20890046424301972,0.16206167072846675,38,Male,Tier2,"usual size, loyalty points, return policy, fit check",4
CUST00270,63,1,1220.0,1493.0,0.7572474680275308,0.6450062950911882,0.6218498853551199,0.30415169241863743,0.07399842222624275,0.7014407149761048,0.6457579468169085,18,Male,Tier3,"trending, influencer recommended, free shipping, referral code",6
CUST00271,43,1,820.0,861.0,0.31000853279009677,0.2096714594708584,0.5534481206719637,0.32966394212490563,0.11688793720313062,0.719866539346284,0.6584801877308946,25,Female,Tier3,"exchange, trending, welcome offer",6
CUST00272,14,2,680.0,1534.0,0.7696702577708132,0.21977989713173818,0.7082012477301536,0.22880895053028358,0.06298980173956294,0.6136433703876282,0.7430564895192059,26,Male,Tier2,"budget, coupon, saree",0
CUST00273,67,8,1130.0,17668.0,0.2257957430670592,0.6582071757958633,0.17190807185909593,0.3328968778053881,0.4951950503355159,0.6390514861882822,0.6335557431394999,18,Male,Tier2,"delivery time, cod available, reviews",3
CUST00274,36,1,1560.0,1522.0,0.248366402098648,0.19673848400821514,0.6002577247678824,0.25390244883003243,0.1458398264020851,0.2625916462118871,0.2260676269245593,29,Male,Tier3,"festive, usual size, occasion wear, t-shirt",4
CUST00275,11,13,1310.0,8591.0,0.22562776819421276,0.1763682720620223,0.7875710960581095,0.19541265520071613,0.01701624874117437,0.9150859921130154,0.5139153929979624,21,Male,Tier2,"drop alert, restock alert, oversized fit",2
CUST00276,119,1,4660.0,2589.0,0.34298783481513895,0.2748953504379164,0.49432821929342347,0.1169124020954298,0.3887593786111467,0.34972250805986776,0.3541831034506138,44,Male,Tier3,"wedding collection, saree, sherwani, occasion wear",5
CUST00277,59,1,2260.0,6611.0,0.29526803914229727,0.3698349775382452,0.5053861102713089,0.1750170398251268,0.3195968499035643,0.5993528976254505,0.5892527978599768,18,Female,Metro,"free shipping, new arrivals, festive, ethnic wear, wedding collection",5
CUST00278,19,14,720.0,7651.0,0.7090489426585295,0.6324000027363434,0.7048016556011644,0.19058850902287403,0.1046098353759616,0.408895890948399,0.7533110915639054,26,Female,Metro,"discount, flat 50% off, cashback, bogo offer, budget",0
CUST00279,41,1,1670.0,2938.0,0.2503630418134435,0.35511971547375737,0.41975410698083443,0.5393557992598133,0.040890093759352215,0.19433244622641965,0.06640982630112029,33,Female,Metro,"my orders, restock, free shipping, order history",4
CUST00280,57,2,1010.0,4658.0,0.48133281084777757,0.22873329739377404,0.5858821034695397,0.2728672998760121,0.14125059665444822,0.6975236527684836,0.5615956103797352,18,Female,Metro,"influencer recommended, trending, reels, order tracking, t-shirt",6
CUST00281,6,2,990.0,1284.0,0.24706515786602612,0.34061221949483944,0.5875703635495131,0.16658113855266599,0.24584849789782107,0.8840092620573037,0.46325095098700464,24,Female,Metro,"drop alert, new drop, oversized fit, unboxing",2
CUST00282,60,2,1790.0,5857.0,0.14322852314267973,0.04525117774253278,0.23019734553913462,0.6590861654403545,0.1107164890205109,0.2495927236647474,0.23047406625618014,30,Male,Metro,"membership, loyalty points, usual size",4
CUST00283,50,2,1060.0,5249.0,0.1480527308191095,0.7541672652065406,0.38023360987971955,0.5438432950169236,0.0759230951033569,0.579302964900181,0.5246097238076574,18,Male,Metro,"exclusive collection, free shipping, delivery time, jeans, fit check",3
CUST00284,65,4,2280.0,18986.0,0.21933430508558185,0.1718813076818224,0.39368953326430206,0.2775384655133497,0.3287720012223483,0.19529928823561107,0.05071250278107432,35,Female,Metro,"loyalty points, favorite brand, capsule collection",4
CUST00285,45,5,1110.0,4268.0,0.38902513578952014,0.7284392070864834,0.2482555705076112,0.49253855055380524,0.25920587893858354,0.638986043899995,0.13942194155058776,33,Female,Metro,"fit check, ethnic wear, size chart, cod available",3
CUST00286,46,5,2230.0,21943.0,0.2452452878033856,0.2286082294318679,0.38348040954088103,0.5889167132968802,0.027602877162238727,0.5881131467077847,0.6054676110589043,42,Female,Metro,"family pack, ethnic wear, saree, kurta",5
CUST00287,95,2,1650.0,8021.0,0.4475630697567428,0.6714525327978655,0.5630906714515964,0.2984371270483538,0.13847220150004977,0.5238427094303251,0.4236439793822058,24,Female,Metro,"cod available, return policy, size chart",3
CUST00288,16,10,670.0,10234.0,0.6881259824320004,0.31152426189614746,0.48291494692121933,0.12229445708755647,0.39479059599122424,0.7723370167728201,0.5895248312356463,27,Female,Tier2,"budget, flat 50% off, lowest price, combo offer, coupon",0
CUST00289,90,3,1200.0,4603.0,0.3882811898607545,0.46715994468303934,0.3035540023984305,0.2943351527585319,0.40211084484303755,0.5865852947933005,0.28861065683494325,19,Female,Metro,"cotton, try first order, trending",6
CUST00290,9,6,1340.0,5608.0,0.3272867766344295,0.18768561185876206,0.728165642092478,0.16705938972834852,0.10477496817917366,0.8584762312435757,0.4654617503971687,24,Female,Metro,"oversized fit, new drop, trending now, restock alert, limited stock",2
CUST00291,11,13,620.0,15874.0,0.8744592306045476,0.21519252915811604,0.6938230200275577,0.1049897688155664,0.20118721115687593,0.5897975806804228,0.5976399016284845,24,Female,Tier2,"lowest price, discount, size medium, cotton, clearance",0
CUST00292,57,10,2140.0,16981.0,0.2479448579971415,0.2205094743804611,0.46361600671498726,0.34452019251054833,0.19186380077446447,0.24841860818910907,0.26096267614959695,52,Female,Tier2,"loyalty points, streetwear, my orders, favorite brand",4
CUST00293,37,2,3120.0,13254.0,0.09245705101259777,0.1948956099891945,0.09081688101982839,0.5714965500145711,0.3376865689656004,0.310430379062055,0.14199600468474705,43,Female,Metro,"premium, capsule collection, bogo offer, premium fabric",1
CUST00294,7,12,1190.0,36603.0,0.2907340011871538,0.22111001914778713,0.7494615007477623,0.20994616027512125,0.040592338977116366,0.7555366032721413,0.38689152799976756,32,Female,Tier2,"oversized fit, restock alert, drop alert",2
CUST00295,11,16,610.0,26806.0,0.6590490257135657,0.32819921489608833,0.5580557250166212,0.398899029788352,0.04304524519502684,0.8066736607851287,0.7297947778964995,19,Female,Tier3,"cotton, flat 50% off, bogo offer",0
CUST00296,52,5,1430.0,6896.0,0.39283553929365395,0.08590820500408435,0.14390524394180756,0.7274209578472988,0.1286737982108938,0.45289978430386624,0.08755981943951559,35,Non-binary,Tier3,"usual size, favorite brand, collab, early access",4
CUST00297,76,2,960.0,1273.0,0.5893258684788903,0.39951014394668144,0.5814444946907708,0.09004671696402602,0.3285087883452032,0.7310309709973961,0.6776478936457369,18,Female,Metro,"size medium, insta finds, unboxing, reels, influencer recommended",6
CUST00298,53,1,900.0,1835.0,0.5585913980287346,0.39677462749025966,0.7620902650777315,0.18633730842226914,0.05157242649999924,0.5811234011159381,0.554488399107018,18,Male,Tier3,"fit check, exchange, try first order, reels, welcome offer",6
CUST00299,55,1,990.0,1774.0,0.6839997820682968,0.4799836123229429,0.6263156427173469,0.11185810176297922,0.261826255519674,0.6846470964052882,0.5710190406352765,22,Female,Tier2,"influencer recommended, reels, insta finds, first order discount",6
CUST00300,8,1,1420.0,2794.0,0.3014008261019126,0.16539401162977602,0.7659076823175619,0.16046779691787974,0.07362452076455842,0.8595072341335407,0.20092608859278868,21,Male,Tier2,"t-shirt, exchange, oversized fit, sneaker match",2
CUST00301,8,10,1400.0,16697.0,0.33752280661267553,0.15546895616379966,0.6221382215219564,0.29274216775057366,0.08511961072746987,0.9055426302096482,0.19818704257999964,22,Male,Tier2,"drop alert, limited stock, t-shirt, restock alert",2
CUST00302,91,1,3390.0,1735.0,0.27710705724710094,0.3590570975611368,0.24514785421995594,0.6987302136637229,0.05612193211632131,0.360405933713981,0.45005042415714824,40,Female,Tier2,"cashback, wedding collection, diwali sale, family pack, t-shirt",5
CUST00303,36,3,1780.0,9381.0,0.3028158741088429,0.1687531899467619,0.32434521740074906,0.37522920198741644,0.3004255806118345,0.3368874636214882,0.21515873456184464,37,Female,Tier2,"order history, repeat order, order tracking, clearance",4
CUST00304,9,14,1380.0,14009.0,0.48596342073687626,0.29401462951734175,0.5762295539544945,0.4003703743827296,0.023400071662775957,0.7323063351058127,0.427131193728443,19,Female,Metro,"limited stock, streetwear, order tracking, collab, sneaker match",2
CUST00305,35,1,790.0,809.0,0.547775799304122,0.333568344747401,0.570889256060653,0.23975039768689876,0.18936034625244816,0.8415684658813689,0.5563255527749724,23,Male,Tier3,"welcome offer, festive, referral code",6
CUST00306,14,5,1750.0,11372.0,0.2594109003881834,0.2667119344158478,0.686868707834088,0.30263808164302,0.010493210522891955,0.7565330861164081,0.3744634614116475,30,Male,Tier2,"trending now, sherwani, limited stock, sneaker match",2
CUST00307,63,2,2890.0,2232.0,0.28720703872646713,0.2947673228432868,0.09215808012963592,0.713658389932438,0.19418352993792604,0.4553876785215549,0.6131862029505109,36,Male,Tier2,"made to order, occasion wear, festive",5
CUST00308,60,1,1040.0,2328.0,0.5110130252327412,0.45496011941098985,0.6323041440201735,0.2573851006978751,0.11031075528195153,0.7150404554050244,0.49308104455609275,18,Male,Metro,"try first order, jeans, welcome offer, reels, referral code",6
CUST00309,21,7,690.0,5306.0,0.5863137654743631,0.3455628895805698,0.38894199585797834,0.47355202204465724,0.13750598209736434,0.5120591119123267,0.7004840992092375,34,Female,Tier2,"first order discount, sale, coupon, budget, influencer recommended",0
CUST00310,16,1,560.0,511.0,0.7964414250013596,0.333627238329327,0.7042987786725083,0.26101455351888747,0.0346866678086041,0.7359112930308374,0.6854218387280772,29,Female,Tier3,"budget, coupon, sale, bogo offer",0
CUST00311,14,3,690.0,3905.0,0.7038284402110373,0.5029553222873063,0.7187474519780104,0.19330648182953838,0.08794606619245131,0.4580573853073813,0.5315650684798705,22,Female,Tier2,"sale, lowest price, jeans, combo offer, clearance",0
CUST00312,13,13,610.0,19349.0,0.7804778643117293,0.3431376080928402,0.3111362997707215,0.6879484232832286,0.000915276946049838,0.7637542054886448,0.7321278253817342,18,Male,Tier3,"cashback, jeans, new arrivals, discount, combo offer",0
CUST00313,40,1,1770.0,4187.0,0.14875956813664903,0.30371848617354164,0.3366880125118756,0.35558092162161203,0.30773106586651233,0.24267921298343362,0.34998578622246873,25,Female,Tier3,"my orders, order history, order tracking, favorite brand, early access",4
CUST00314,20,19,830.0,46192.0,0.7081513296816389,0.3404097438681216,0.8003785403238887,0.01376790267117542,0.18585355700493594,0.42821695470442306,0.7533864836728487,18,Female,Tier3,"budget, order tracking, cashback",0
CUST00315,15,1,710.0,1703.0,0.7949936695927139,0.3649637298529644,0.7794045290192897,0.20636764271399258,0.014227828266717762,0.294049049937152,0.5499275491785793,22,Female,Tier2,"free shipping, sale, budget, cotton, lowest price",0
CUST00316,50,1,1130.0,1202.0,0.4981169486895241,0.6494126004313423,0.29403661401902204,0.4533972094943208,0.25256617648665713,0.49130850682990007,0.4669696260716192,30,Male,Tier2,"compare, size guide, cod available, delivery time",3
CUST00317,48,2,1090.0,5434.0,0.41990000967977664,0.7132501704528554,0.22589895341319094,0.4457085121561029,0.32839253443070615,0.7614909601100189,0.45204567306954013,29,Female,Metro,"size guide, still deciding, compare, wishlist, kurta",3
CUST00318,39,1,2160.0,4103.0,0.3610062659134559,0.4030624068282054,0.44178229851017153,0.2652577720711102,0.29295992941871823,0.41272487093154037,0.47950145332498156,40,Male,Metro,"exchange, occasion wear, diwali sale, ethnic wear, limited edition",5
CUST00319,57,1,2150.0,4488.0,0.18898357326994827,0.14208197972260772,0.6966756630714366,0.06361681405398338,0.23970752287458014,0.41323958814101186,0.18939244027421387,38,Female,Metro,"collab, usual size, favorite brand, my orders, restock",4
CUST00320,63,1,2940.0,2372.0,0.35032269670808214,0.6513107438005973,0.2568844980933787,0.567101337449922,0.17601416445669946,0.4966183460273536,0.7238760509478547,44,Female,Tier3,"ethnic wear, wedding collection, gifting",5
CUST00321,15,6,820.0,11859.0,0.6591071623520905,0.5172438250350835,0.8452329350986045,0.1409260981772263,0.013840966724169288,0.7005103130071161,0.5442837016702483,22,Female,Tier2,"lowest price, clearance, cashback, flat 50% off, bogo offer",0
CUST00322,114,1,2140.0,2552.0,0.49370062040511903,0.7768318985822169,0.6626448203452674,0.1438678340866945,0.19348734556803807,0.5940195453406087,0.3943691933102181,34,Female,Tier3,"fit check, size chart, wishlist",3
CUST00323,91,6,2810.0,19415.0,0.29329534428019566,0.18790898032010184,0.431268290919676,0.34842567221838483,0.22030603686193925,0.14423088718723245,0.14066984357541026,38,Male,Tier2,"my orders, order history, kurta, early access",4
CUST00324,23,4,820.0,5677.0,0.6821900260423556,0.3892106896949043,0.6302015907186507,0.21869379666092117,0.15110461262042818,0.5635780387620168,0.7120903879620372,25,Male,Tier3,"discount, clearance, cotton",0
CUST00325,7,4,1280.0,6152.0,0.45821812287517644,0.18077659248773031,0.6935665022294925,0.19987936934527403,0.1065541284252334,0.8830864842900232,0.44930548739708615,22,Female,Tier3,"limited stock, hype, t-shirt, streetwear",2
CUST00326,94,1,3320.0,3674.0,0.26144987140349796,0.3913102512417244,0.24721800472219652,0.36603648900463914,0.38674550627316423,0.2647144890697024,0.3233223909979211,36,Female,Tier2,"limited edition, kurta set, occasion wear, sherwani",5
CUST00327,61,1,1010.0,905.0,0.3337027176573047,0.5422287312122464,0.47247207425981413,0.32078467392385696,0.20674325181632908,0.6320830324443909,0.4309892353480297,34,Male,Tier3,"order tracking, still deciding, size guide",3
CUST00328,66,3,1160.0,5989.0,0.4042241534816049,0.4347272684290652,0.35977731027279203,0.11390207784777749,0.5263206118794306,0.6401635600751763,0.5706397117287954,25,Male,Tier3,"influencer recommended, insta finds, unboxing, trending",6
CUST00329,8,14,1180.0,37225.0,0.48104935475663685,0.25166835061202647,0.7351295023701883,0.21174878735232655,0.05312171027748514,0.838281273543485,0.4904529183013713,22,Female,Tier3,"streetwear, trending now, repeat order",2
CUST00330,48,1,1030.0,1107.0,0.6917631851753603,0.3528810093418749,0.6278145219988468,0.28200516171171314,0.09018031628944005,0.7999514937304549,0.42188521489488867,23,Male,Tier2,"try first order, unboxing, first order discount",6
CUST00331,80,1,3540.0,8175.0,0.3444165697580089,0.26339270139080984,0.40703492423502013,0.14668479807196974,0.4462802776930101,0.6060637675161119,0.4882923383686429,41,Female,Tier2,"ethnic wear, jeans, saree, size medium",5
CUST00332,16,18,1020.0,31694.0,0.7880938941206583,0.34013314453358723,0.8044159922993461,0.18680789458218092,0.008776113118473006,0.6718005625994035,0.6341097628719901,25,Female,Tier3,"limited stock, clearance, oversized fit",0
CUST00333,62,1,2460.0,6410.0,0.40148236725069425,0.33167762058060263,0.4626408926866254,0.29477606700793413,0.24258304030544056,0.5570317485688118,0.3424107460360955,44,Female,Tier3,"diwali sale, t-shirt, saree, family pack, kurta set",5
CUST00334,54,1,1110.0,1627.0,0.324064861091336,0.5296802837924205,0.6236219541644498,0.1572169386100315,0.21916110722551876,0.7625549342057919,0.4433529131570961,30,Male,Tier2,"clearance, try first order, kurta, welcome offer",6
CUST00335,11,27,860.0,46779.0,0.7000864367356427,0.41680569787485194,0.38041743373754294,0.5361315384630487,0.08345102779940822,0.5965480078521171,0.47125627119583635,35,Female,Tier3,"lowest price, sale, gifting, coupon, discount",0
CUST00336,27,5,920.0,9131.0,0.6865133337891455,0.3472818559872097,0.7850953567504211,0.1993250900708077,0.0155795531787712,0.344778285107063,0.5886434937724225,22,Male,Tier3,"cashback, discount, bogo offer, unboxing",0
CUST00337,57,1,1210.0,1056.0,0.6624962258658026,0.3907309372879078,0.2823556212117022,0.5139418186044066,0.20370256018389118,0.7525946220322866,0.46143526018463216,22,Male,Tier3,"jeans, insta finds, referral code, try first order",6
CUST00338,84,4,1530.0,11633.0,0.5428350736055083,0.48966714858599003,0.8145036888711242,0.16748672739561388,0.018009583733262034,0.8169779428350886,0.6094606207521872,19,Male,Tier2,"first order discount, size medium, cotton, trending, t-shirt",6
CUST00339,13,5,2300.0,14914.0,0.3739103351608758,0.10148067518046211,0.8092034989109088,0.12741180539446834,0.06338469569462307,0.7167774862207268,0.2421934514610271,28,Female,Metro,"oversized fit, premium, size medium, curated",2
CUST00340,52,10,1750.0,9490.0,0.35789450211197466,0.14880191414306462,0.4917526176373376,0.240288172898522,0.2679592094641405,0.41553148971324216,0.07943903992887112,29,Female,Metro,"order tracking, combo offer, my orders",4
CUST00341,82,2,2560.0,9995.0,0.302392918941135,0.3077509941743302,0.23626933186278795,0.6245581255620647,0.13917254257514725,0.38439461284733456,0.5232606887797169,35,Female,Tier2,"t-shirt, kurta, new arrivals, ethnic wear",5
CUST00342,11,24,460.0,10731.0,0.9022777447194319,0.3155775221654164,0.5370624239975398,0.3524646991385014,0.1104728768639589,0.6635508020094808,0.6793396932001706,31,Male,Tier2,"coupon, budget, bogo offer, sale, clearance",0
CUST00343,15,3,620.0,3439.0,0.5759132073174126,0.28032437664388354,0.893936085611359,0.043160915486695504,0.06290299890194564,0.5187679330124775,0.7735104927155647,21,Female,Tier3,"capsule collection, flat 50% off, premium fabric",0
CUST00344,12,12,590.0,17858.0,0.9260739916122035,0.3763659884740778,0.6620628808921295,0.25997130116558814,0.07796581794228238,0.5373464345840081,0.7397902544255264,33,Female,Tier3,"exchange, lowest price, discount, combo offer, budget",0
CUST00345,15,17,660.0,17029.0,0.6933273242737026,0.39565198162252985,0.5649760393742534,0.2613204037006744,0.1737035569250723,0.5536899457278933,0.6878882974514519,21,Female,Metro,"bogo offer, exchange, coupon, budget",0
CUST00346,24,8,2060.0,20197.0,0.3363187605161648,0.403621495507515,0.5922383738194393,0.39219535512752285,0.015566271053037916,0.7591507434447795,0.318447702347975,28,Female,Metro,"t-shirt, new drop, jeans",2
CUST00347,9,30,500.0,21007.0,0.8438694439275408,0.3850447965444938,0.6667607650942762,0.29270591248394773,0.040533322421776194,0.7168720113243868,0.7391490769161717,40,Female,Tier3,"sale, bogo offer, discount, free shipping, flat 50% off",0
CUST00348,56,1,2920.0,6181.0,0.2521576653546945,0.5150487254649994,0.30624935672238646,0.3287799605558038,0.3649706827218098,0.3228873088591539,0.6309144751784956,41,Female,Metro,"sherwani, occasion wear, size medium, family pack",5
CUST00349,59,5,2650.0,19765.0,0.34750898928108215,0.3537565828082868,0.47588843186991164,0.4654886781354299,0.05862288999465846,0.4033395252165511,0.651978995343098,42,Female,Tier2,"ethnic wear, gifting, membership, saree, diwali sale",5
CUST00350,28,1,930.0,1156.0,0.5337922904963068,0.5686157637050266,0.13518145615621044,0.5322194166694889,0.33259912717430057,0.6705180813834177,0.3959330351405843,45,Female,Tier3,"kurta, return policy, wishlist",3
CUST00351,42,5,2350.0,27458.0,0.16460532679364095,0.06006535916151159,0.3702155709979367,0.1856865800701457,0.44409784893191767,0.35983410219447554,0.16133920389444179,42,Female,Tier2,"restock, usual size, membership",4
CUST00352,9,14,1280.0,15369.0,0.328140715555546,0.2809567878288057,0.7194138786030775,0.10133573025220327,0.17925039114471927,0.8763439118152044,0.2431592533222187,18,Male,Metro,"exchange, oversized fit, t-shirt, sneaker match, streetwear",2
CUST00353,86,2,2690.0,9656.0,0.30316844092274914,0.4538852317354514,0.2528229348837272,0.555135887514199,0.19204117760207376,0.3373009109329921,0.604556304330126,32,Female,Tier2,"diwali sale, t-shirt, gifting, occasion wear",5
CUST00354,14,4,790.0,4462.0,0.6676525610753886,0.5558238193136814,0.8713476817764937,0.08026680036885908,0.048385517854647224,0.6510801321215416,0.7305233611423199,21,Female,Tier2,"cashback, combo offer, size medium, flat 50% off",0
CUST00355,49,7,2490.0,38200.0,0.6166985483017811,0.07695502514363685,0.2757638631558914,0.2393528354613109,0.48488330138279756,0.3954184512337962,0.31208685117270196,39,Male,Tier2,"diwali sale, exchange, wedding collection, free shipping, family pack",5
CUST00356,47,2,740.0,1586.0,0.6242870066312902,0.23956631830925587,0.37018045859936893,0.31795409753492626,0.31186544386570475,0.8179258197861577,0.611471597623516,18,Female,Metro,"unboxing, new user offer, influencer recommended, welcome offer, try first order",6
CUST00357,38,2,3510.0,3520.0,0.05767455441993883,0.12380633991527525,0.10556432151835626,0.6636539780664603,0.23078170041518356,0.20611521771145028,0.2868658680385769,39,Female,Metro,"premium, coupon, combo offer",1
CUST00358,47,5,850.0,8988.0,0.611320275415181,0.40197744260154306,0.43758322669619404,0.38709465950911015,0.17532211379469578,0.6013661904193743,0.7083989854564247,29,Female,Tier3,"unboxing, influencer recommended, first order discount, cotton",6
CUST00359,58,1,1240.0,972.0,0.3363548435159134,0.8486720687292755,0.43394402698343154,0.31589730740188443,0.2501586656146842,0.29552401966610614,0.2590321211127927,29,Female,Tier2,"return policy, delivery time, cotton",3
CUST00360,9,17,1160.0,33800.0,0.40006801342298687,0.25789543801050213,0.6350424728167812,0.31858227463154093,0.046375252551677904,0.8380879759668894,0.45059594918013185,24,Male,Metro,"limited stock, sneaker match, new drop, hype",2
CUST00361,12,8,620.0,12827.0,0.8054737576953833,0.26651895727992697,0.5173801421952675,0.2325153417890142,0.2501045160157182,0.7190344756580402,0.6262906689530727,38,Female,Tier3,"budget, combo offer, flat 50% off, clearance",0
CUST00362,54,8,1210.0,24898.0,0.6050482640234651,0.4983344047646442,0.5368318318451497,0.2785737036861722,0.18459446446867817,0.5761441568811965,0.4813577900614333,24,Female,Metro,"insta finds, free shipping, unboxing, t-shirt",6
CUST00363,12,3,1270.0,8919.0,0.4851593155023179,0.4381573637883442,0.4890968101269341,0.3803073835583678,0.13059580631469808,0.7444730318031112,0.43435973432067077,23,Male,Metro,"drop alert, sneaker match, streetwear, hype, restock alert",2
CUST00364,17,8,770.0,12306.0,0.6068778697457542,0.25665918468567056,0.5555906145798195,0.40434823138634346,0.040061154033836914,0.6135908391252746,0.5396062933994543,30,Non-binary,Tier3,"limited edition, t-shirt, sale, cashback",0
CUST00365,42,4,1950.0,9505.0,0.2556098641391409,0.041739961187436225,0.5123175038517959,0.34840012117350366,0.13928237497470036,0.337862168391317,0.3041598526008775,20,Female,Tier3,"my orders, new drop, favorite brand, early access, membership",4
CUST00366,60,3,2180.0,6147.0,0.32226984604774306,0.27843598559663435,0.6419745365480024,0.18054281503124972,0.17748264842074785,0.499235886799671,0.18564079386020696,32,Male,Tier3,"free shipping, membership, restock",4
CUST00367,39,1,2920.0,2065.0,0.2440130061266564,0.09653188220035205,0.32012663883694153,0.3713713967080503,0.3085019644550081,0.23057655365091606,0.08584232655937953,35,Female,Metro,"order tracking, cotton, limited edition, kurta",1
CUST00368,66,1,1480.0,852.0,0.41874084896186586,0.7820494074814598,0.30956768635427667,0.5350833207693453,0.15534899287637813,0.5095832852858989,0.2737226226688714,25,Female,Tier2,"size chart, still deciding, compare, delivery time",3
CUST00369,8,3,1390.0,8155.0,0.2230815948414738,0.17803306165649588,0.569707719780343,0.27631678725969766,0.15397549295995944,0.8444320612639495,0.19812303435561426,18,Female,Tier2,"t-shirt, collab, hype, oversized fit, trending now",2
CUST00370,28,5,1130.0,3873.0,0.4199072961760971,0.2820088258573365,0.40490133983576115,0.4933168852038313,0.1017817749604075,0.30113449308482004,0.2551553412933038,24,Male,Metro,"loyalty points, favorite brand, exchange, early access",4
CUST00371,44,5,2150.0,22022.0,0.19528480589366878,0.2843898608609509,0.3642545851124482,0.2492769667170137,0.38646844817053827,0.275125350215913,0.1114971540504887,38,Female,Metro,"cotton, restock, loyalty points, my orders, new arrivals",4
CUST00372,8,7,1330.0,7255.0,0.19593788176830734,0.39311861169664347,0.7185738359403767,0.18845071663623328,0.09297544742339013,0.915372329835011,0.3747414963944486,25,Male,Metro,"restock alert, sneaker match, oversized fit, hype, collab",2
CUST00373,91,3,2690.0,14146.0,0.42613208339881814,0.4912370478571084,0.5396551870982101,0.40008621424168933,0.06025859866010065,0.3615905838669169,0.689889304513311,53,Female,Metro,"ethnic wear, family pack, diwali sale, saree, festive",5
CUST00374,65,3,1710.0,4169.0,0.15647711564807198,0.05694209109771549,0.7050361398977727,0.20350307878385687,0.09146078131837033,0.39215405146906096,0.0887185680358291,34,Female,Tier2,"loyalty points, cotton, restock, usual size",4
CUST00375,40,4,900.0,4973.0,0.5106896841098629,0.6127804816393716,0.6653606528495318,0.24309754053067054,0.09154180661979758,0.6623460306955318,0.44131495136095006,19,Female,Tier2,"compare, kurta, return policy, cod available, delivery time",3
CUST00376,49,1,1130.0,1235.0,0.2426555903479266,0.7150137479578695,0.6288768459176253,0.18408542136193415,0.1870377327204406,0.6203968278178795,0.5808807231131958,18,Non-binary,Metro,"made to order, cod available, reviews, compare, still deciding",3
CUST00377,52,1,2080.0,2118.0,0.1994547180057201,0.15582530730357186,0.20291263056490566,0.6327718794533101,0.16431548998178427,0.3949563412998348,0.11589220720660902,24,Female,Tier3,"t-shirt, repeat order, early access",4
CUST00378,56,2,940.0,4855.0,0.5445446470370069,0.4874859916223357,0.5178456548162538,0.45800069477987143,0.024153650403874787,0.7447099151738037,0.7800889752715784,29,Male,Tier2,"reels, try first order, kurta, new user offer, influencer recommended",6
CUST00379,101,2,3470.0,14658.0,0.4615621027266602,0.5139610062356406,0.1976865740080162,0.38172271094654314,0.4205907150454407,0.2563253435927438,0.5313018948543341,35,Female,Tier3,"wedding collection, sherwani, occasion wear",5
CUST00380,12,5,1740.0,21092.0,0.32973678020333297,0.2649542201318236,0.40201409132626825,0.34683541201495577,0.251150496658776,0.8726616737082408,0.3351245441606563,23,Male,Metro,"size medium, oversized fit, kurta, jeans, cod available",2
CUST00381,26,3,3910.0,5501.0,0.023701548694386638,0.20982738884739374,0.1855258599455059,0.5575899847015722,0.2568841553529219,0.1314416862959819,0.1723540247385162,40,Female,Metro,"luxury, designer drop, exclusive collection, t-shirt",1
CUST00382,35,1,1070.0,563.0,0.3624392043286311,0.698813639413504,0.4207890081186985,0.2547126522333868,0.32449833964791464,0.5381886178467953,0.39774438253057226,31,Male,Metro,"compare, fit check, still deciding, kurta, reviews",3
CUST00383,57,1,1040.0,895.0,0.576919126583575,0.774023592015789,0.47139235645196076,0.40649150062890393,0.1221161429191352,0.8160792618492542,0.6094786312369648,29,Female,Tier2,"reviews, jeans, limited edition, size chart",3
CUST00384,44,1,1050.0,2141.0,0.6596837241796291,0.8076554388299533,0.6475020406972402,0.22199025918612547,0.1305077001166343,0.5314435599514821,0.652232380202502,29,Female,Tier2,"fit check, size medium, cod available, size chart, delivery time",3
CUST00385,48,3,2130.0,10710.0,0.12921121165485633,0.10259178418122017,0.4742038936433597,0.4801837353121473,0.04561237104449291,0.22837012147315258,0.3182899407125061,31,Female,Tier3,"restock, repeat order, membership, insta finds",4
CUST00386,64,2,2800.0,11534.0,0.24380027267661733,0.19627832756524885,0.39991209966765756,0.29865842262393627,0.3014294777084062,0.21259417700711755,0.11623311761584967,28,Male,Metro,"order history, usual size, repeat order, my orders",4
CUST00387,44,4,2280.0,20200.0,0.5890642929288289,0.2157318382085131,0.24267542026826844,0.4460307085557302,0.3112938711760013,0.7133543195756599,0.6760770362003887,20,Male,Tier3,"wedding collection, size medium, sherwani, ethnic wear, saree",5
CUST00388,15,9,580.0,7278.0,0.8682780663204128,0.35857319885298333,0.8097904568454616,0.1283463109445798,0.061863232209958666,0.49797886352535303,0.7732940956971575,38,Female,Tier3,"coupon, discount, bogo offer, combo offer, lowest price",0
CUST00389,16,9,610.0,13364.0,0.6735682405369761,0.5316978677035257,0.7402750879358035,0.1639714613224994,0.09575345074169697,0.6135554136776556,0.6475131566007357,20,Male,Tier3,"coupon, free shipping, bogo offer",0
CUST00390,42,2,1790.0,7690.0,0.1076112336334008,0.2615186913172113,0.25912657114705745,0.6611314849474695,0.07974194390547298,0.1430707030108563,0.12430241139687646,38,Female,Tier2,"return policy, cotton, repeat order, membership",4
CUST00391,9,7,1370.0,6172.0,0.3182297430558519,0.22491794720001265,0.5876514361859233,0.39895349414991926,0.013395069664157495,0.9201405771251783,0.45811446134161143,21,Male,Metro,"trending, drop alert, reels, sneaker match",2
CUST00392,31,5,3360.0,15386.0,0.08448781474305418,0.08285123242221873,0.2966890052090998,0.4793956843947712,0.22391531039612905,0.13598282261273867,0.11630790035245425,34,Female,Metro,"curated, limited edition, order tracking, full price",1
CUST00393,13,12,1550.0,15798.0,0.4656331786272091,0.39743143832571676,0.844820943933002,0.12146226812922255,0.03371678793777536,0.8816648183474091,0.3498864728237098,24,Male,Tier2,"new drop, streetwear, limited stock",2
CUST00394,19,2,830.0,1399.0,0.8443397313350268,0.39838155321247104,0.6592093104809165,0.14663832627845647,0.19415236324062704,0.5702627203315479,0.6174408857493114,35,Male,Tier2,"reviews, kurta, clearance",0
CUST00395,18,8,830.0,10304.0,0.4855232129797242,0.19841078103712875,0.45369019433511454,0.3580830988591377,0.1882267068057478,0.5502300830714754,0.6463480544751922,28,Female,Tier3,"clearance, exchange, size medium, designer drop",0
CUST00396,49,9,1720.0,33833.0,0.1874492396322074,0.04964591512610145,0.2140083416448726,0.37208224053564515,0.4139094178194822,0.28935773478769766,0.20315768476029708,34,Male,Tier3,"new arrivals, usual size, favorite brand",4
CUST00397,77,2,1420.0,6246.0,0.3528453957054314,0.7324825255130949,0.32277636463883524,0.6401742268089013,0.037049408552263276,0.5449621979425832,0.4292066461848684,24,Female,Tier2,"size chart, exchange, size guide",3
CUST00398,15,15,790.0,23169.0,0.8426313315680892,0.410713961026035,0.7658899427644726,0.18024579852082792,0.053864258714699305,0.45199371858018894,0.5907214087515847,25,Female,Tier3,"flat 50% off, lowest price, cashback, bogo offer",0
CUST00399,8,20,1290.0,40450.0,0.38261199902951515,0.2682045414716876,0.5138454391642809,0.059134150289197454,0.4270204105465216,0.9024516629837122,0.2512982495626235,21,Female,Tier2,"collab, restock alert, new drop, size medium",2
CUST00400,20,3,710.0,4549.0,0.6105573736197675,0.08099418641463499,0.6356921277273954,0.19257590792587717,0.17173196434672738,0.6887036940147366,0.5685558211793865,20,Female,Tier3,"cashback, sale, flat 50% off, t-shirt, restock",0
CUST00401,48,1,1030.0,1527.0,0.3163743356676491,0.7596340806958163,0.13935704568893428,0.7378317553344412,0.12281119897662449,0.7634427305310821,0.38155321950854326,36,Male,Tier2,"cotton, size chart, cod available, compare, size guide",3
CUST00402,18,8,580.0,4503.0,0.8037717997038744,0.3012478790181986,0.7005431370166646,0.19734242795211018,0.10211443503122532,0.36030060904865024,0.53970720812683,28,Female,Tier3,"order tracking, combo offer, clearance, coupon, sale",0
CUST00403,42,6,1680.0,15008.0,0.5115794012748085,0.1220625175266669,0.283732006641968,0.4945453096257835,0.22172268373224835,0.44406725397751196,0.1868092171445455,29,Female,Tier2,"exchange, new arrivals, favorite brand, made to order",4
CUST00404,12,6,1430.0,5106.0,0.43587231381009844,0.38872114556027226,0.6423568021600992,0.33702528368085893,0.020617914159041836,0.7195165296161877,0.24485680748472435,18,Male,Metro,"drop alert, collab, sneaker match, new drop",2
CUST00405,75,1,2640.0,6759.0,0.4218280874808976,0.3985198310815977,0.45423933658494636,0.38432568656001886,0.16143497685503488,0.659941680603925,0.5135562140830988,43,Female,Tier3,"premium, ethnic wear, sherwani, premium fabric, saree",5
CUST00406,51,2,1900.0,9362.0,0.20994022489907305,0.06007162925120597,0.1003784135748962,0.5251977802939297,0.3744238061311741,0.46508597491790316,0.2768932237298374,34,Female,Tier2,"early access, order history, gifting",4
CUST00407,10,7,480.0,7610.0,0.7913364767309584,0.4494116440289789,0.9490264574857319,0.03416424906276852,0.01680929345149964,0.6807193423408621,0.588823785706371,21,Male,Tier2,"order tracking, bogo offer, lowest price",0
CUST00408,8,20,1840.0,24566.0,0.37927729608894106,0.20244133607837084,0.5351123789025841,0.13912337370956948,0.3257642473878464,0.7498617394653512,0.19378976999963568,20,Female,Tier2,"hype, oversized fit, free shipping, streetwear, influencer recommended",2
CUST00409,55,3,1570.0,5280.0,0.2490278705785528,0.11340047974058047,0.32675517614635297,0.3516752511924868,0.3215695726611603,0.1925177800678215,0.3035923858353618,30,Male,Tier3,"sale, restock, membership, size medium",4
CUST00410,106,1,2540.0,1835.0,0.35281645037773063,0.534693762147248,0.17766065006812584,0.6016760404234665,0.2206633095084078,0.25749946045787087,0.2673489307357772,55,Male,Metro,"saree, cotton, size medium, jeans",5
CUST00411,12,6,530.0,4260.0,0.6382714594848438,0.17304021245061196,0.5355575666251012,0.40276128238922954,0.06168115098566922,0.5606321408890902,0.5070749835848753,32,Male,Metro,"cashback, new drop, size medium, collab",0
CUST00412,38,1,4300.0,5073.0,0.22521573280137083,0.1533740871784417,0.18090588830183543,0.440190762877744,0.37890334882042065,0.07121249627176066,0.17775325172342243,30,Female,Metro,"capsule collection, exclusive collection, luxury, order tracking",1
CUST00413,19,1,670.0,1088.0,0.6837325885530698,0.393070319564651,0.7030266884036597,0.28619534587409695,0.010777965722243335,0.42145059715206395,0.6310662413122077,26,Female,Tier3,"welcome offer, combo offer, budget, lowest price, discount",0
CUST00414,13,4,540.0,2905.0,0.7105589338005769,0.35396716414704155,0.7959073459009178,0.20177684792575562,0.0023158061733265446,0.5125791321597639,0.6966330644594656,18,Female,Metro,"coupon, influencer recommended, lowest price, try first order, combo offer",0
CUST00415,31,4,770.0,5727.0,0.5530909439550085,0.5470766538465768,0.8295063729075264,0.07439133954075546,0.09610228755171825,0.7231608033137139,0.5952326114831332,37,Female,Metro,"cod available, compare, delivery time, wishlist, coupon",3
CUST00416,55,2,1060.0,1539.0,0.6391191536126064,0.4188357967121357,0.5637605725258196,0.2699246923932293,0.1663147350809513,0.6414992585864094,0.4983241330372519,26,Female,Metro,"insta finds, new user offer, family pack",6
CUST00417,15,21,560.0,7558.0,0.7573321455461295,0.21109723686583215,0.7638912081096051,0.06619483745535054,0.16991395443504445,0.7122260396832348,0.6037508027832129,28,Female,Tier2,"lowest price, combo offer, coupon",0
CUST00418,12,12,620.0,12559.0,0.6683960009760493,0.4354281132860152,0.5279357948025131,0.41116332584530324,0.060900879352183704,0.5269411810636169,0.8178353663380391,25,Female,Metro,"bogo offer, discount, combo offer",0
CUST00419,56,1,1040.0,2775.0,0.4888911854477145,0.33221398746830666,0.5188714899064296,0.1046857069491564,0.37644280314441403,0.6979735098954192,0.6156397759105531,20,Female,Metro,"insta finds, reels, unboxing, size medium",6
CUST00420,30,2,900.0,1923.0,0.5663434601015329,0.5785594580045628,0.36330185058854064,0.4632593619291269,0.17343878748233235,0.8141684645241914,0.6500251018422468,19,Female,Tier2,"insta finds, trending, first order discount, referral code",6
CUST00421,50,7,4220.0,13404.0,0.0815848699033819,0.3447323064790858,0.07488714072802852,0.5663045304283332,0.35880832884363834,0.1056514753560793,0.05110493574321582,31,Male,Metro,"designer drop, t-shirt, size medium, curated",1
CUST00422,20,1,870.0,1715.0,0.6954351120822816,0.25153552629070197,0.6201358072085655,0.3719699286186778,0.00789426417275657,0.43681204924108846,0.5891220015101135,26,Female,Tier2,"sale, flat 50% off, bogo offer, free shipping, lowest price",0
CUST00423,50,1,1360.0,1840.0,0.3939009092205236,0.7132106547100778,0.49304717421959665,0.1725525584231266,0.3344002673572766,0.5916723315571294,0.28485370621120726,24,Male,Metro,"jeans, size medium, size chart, limited stock",3
CUST00424,45,15,2460.0,80607.0,0.5179592351328196,0.33455155717009266,0.5079199803784578,0.4310489642623283,0.061031055359213875,0.39608205998619195,0.7820293396335072,34,Female,Metro,"kurta, sherwani, ethnic wear",5
CUST00425,12,14,450.0,3066.0,0.8193803122103993,0.29067984352193654,0.42598436863248273,0.47670215429688667,0.09731347707063062,0.6102673188709473,0.7647796075612373,27,Female,Tier2,"budget, sale, combo offer, bogo offer, coupon",0
CUST00426,52,3,1560.0,7698.0,0.21456095919050247,0.14106159249952477,0.2602306318516505,0.5078828777728754,0.23188649037547407,0.32823941990621885,0.14501085449791848,44,Male,Tier3,"loyalty points, my orders, membership",4
CUST00427,52,4,1510.0,13582.0,0.5333389073056072,0.7278821318207903,0.03996755575400955,0.6103845913421803,0.3496478529038102,0.6348422912033157,0.4561711045650084,32,Female,Tier2,"wishlist, fit check, still deciding",3
CUST00428,60,6,1800.0,13839.0,0.2733717583937345,0.05000933171087303,0.41187519226463115,0.4517503199468077,0.13637448778856107,0.41541211990162946,0.1440709271827872,32,Female,Tier2,"usual size, favorite brand, kurta set, family pack",4
CUST00429,76,1,2530.0,4102.0,0.35242649212797217,0.4923062495428191,0.34488613073866464,0.28937767053986946,0.36573619872146595,0.09968264047705158,0.2716236616199831,40,Non-binary,Tier2,"restock, my orders, festive",4
CUST00430,16,9,580.0,7095.0,0.7738151573540353,0.18352542862073662,0.42080766294843586,0.5710217506166518,0.008170586434912318,0.7304698351107373,0.5951416020862644,35,Female,Tier2,"cashback, clearance, jeans, budget",0
CUST00431,79,1,1190.0,1307.0,0.32414431928447923,0.6427687826026821,0.1377251025679729,0.5712090629459472,0.29106583448607987,0.6291742897991337,0.3692817645262677,29,Male,Tier3,"wishlist, fit check, still deciding, size guide, compare",3
CUST00432,54,1,1380.0,2595.0,0.5749259937185389,0.6829205332306323,0.555137713967316,0.4064898610358286,0.038372424996855344,0.5208926997162101,0.37104616837351573,24,Male,Tier2,"trending, influencer recommended, order tracking",3
CUST00433,16,4,620.0,2043.0,0.7003812649302442,0.3057433635666718,0.6035140816135981,0.25867606385526154,0.13780985453114045,0.5503598598939574,0.7573435586254391,21,Female,Tier2,"cashback, budget, lowest price, combo offer, gifting",0
CUST00434,48,3,4900.0,28162.0,0.01657817457680257,0.2829395142805166,0.45761083282608883,0.3137877873283234,0.22860137984558768,0.2254615716778544,0.07909696657897924,30,Female,Tier2,"luxury, premium fabric, curated, designer drop, full price",1
CUST00435,85,2,1300.0,5902.0,0.4955670831921764,0.6534989557975981,0.27403606673179237,0.3838939079437256,0.34207002532448205,0.6114285329570519,0.4890589507302123,23,Female,Tier2,"return policy, wishlist, kurta, first order discount, trending",6
CUST00436,15,9,650.0,11794.0,0.7911350650373009,0.4453168105875391,0.7159686117678872,0.2336826865072555,0.05034870172485721,0.46681178546204144,0.5266304231961451,25,Male,Tier3,"coupon, order tracking, cashback",0
CUST00437,12,6,1300.0,17391.0,0.33102643644629337,0.2414899785627942,0.9273425403367281,0.06374936648645255,0.008908093176819204,0.8704483962061352,0.23758585757287454,23,Male,Metro,"reviews, order tracking, drop alert, wishlist",2
CUST00438,88,2,1210.0,4736.0,0.4484478838206004,0.7082472619701736,0.32751306424696924,0.6561655039918216,0.016321431761209156,0.4629229672032398,0.5319090734436301,27,Female,Tier2,"size medium, wishlist, still deciding, size guide",3
CUST00439,6,4,1080.0,2615.0,0.2379323957382629,0.4784046271939902,0.7132620665987245,0.24374374089669115,0.042994192504584375,0.8673800314358107,0.3370231877345932,26,Male,Tier2,"sneaker match, restock alert, exchange, sherwani, collab",2
CUST00440,58,6,2350.0,22849.0,0.5119054244404891,0.6081280697050233,0.20773160929846043,0.2597705148456488,0.5324978758558908,0.4367569253757273,0.7877429619607341,34,Male,Tier2,"saree, ethnic wear, restock alert",5
CUST00441,37,2,5210.0,20860.0,0.025802563201037035,0.10539090190072907,0.6737570518639663,0.1533737310690435,0.17286921706699024,0.24614742508530424,0.11585698517695606,41,Female,Metro,"designer drop, capsule collection, curated",1
CUST00442,35,1,1920.0,1604.0,0.2121372562697978,0.06634160284594952,0.630411641744688,0.20508235700196834,0.16450600125334378,0.38893403484820144,0.23231672110972276,43,Female,Metro,"my orders, repeat order, favorite brand, order history",4
CUST00443,39,4,1530.0,5955.0,0.33170447852205176,0.19326533142976926,0.2214661438185061,0.25132351725732144,0.5272103389241725,0.6609503833486238,0.4853838380719291,31,Male,Metro,"my orders, restock, order history",4
CUST00444,12,1,1850.0,3546.0,0.22737762589374091,0.38512469714359476,0.6756562502544882,0.1960870690416646,0.1282566807038473,0.8719668249189853,0.3817601704795344,19,Female,Metro,"free shipping, restock alert, trending now, hype, limited stock",2
CUST00445,59,3,2120.0,10577.0,0.11854863984127391,0.16014808031174727,0.43540852556043347,0.3275653131449183,0.23702616129464832,0.2905096948887573,0.13978185523037095,39,Female,Tier3,"repeat order, membership, new arrivals, my orders, free shipping",4
CUST00446,11,29,1180.0,48775.0,0.28363113585464794,0.36699500350493497,0.6984055617219712,0.2718351605025142,0.029759277775514476,0.8931573916344001,0.30830365744309335,26,Female,Metro,"trending now, hype, size medium, restock alert",2
CUST00447,45,2,1000.0,3969.0,0.5018471650795383,0.7679243682226778,0.46623787309024994,0.2697939275846766,0.26396819932507337,0.7917874322296448,0.31189401273259787,42,Female,Tier2,"exchange, diwali sale, return policy",3
CUST00448,101,1,2650.0,4372.0,0.25633534333920904,0.21992865411996904,0.33715266483451417,0.18691026312980305,0.4759370720356827,0.3798303445716923,0.5023618495071486,31,Male,Tier2,"occasion wear, gifting, diwali sale, sherwani",5
CUST00449,89,1,3170.0,6885.0,0.29638777026128554,0.17825157244311254,0.4628571660348033,0.437853759743899,0.09928907422129779,0.44361006899238087,0.6749195079366679,32,Male,Tier3,"wedding collection, t-shirt, ethnic wear, jeans",5
CUST00450,47,9,1780.0,17845.0,0.24713100142004377,0.21694361334543044,0.23725694064310948,0.3473577020259244,0.41538535733096615,0.33459305175816795,0.13897362108527114,41,Male,Tier3,"cotton, new arrivals, restock",4
CUST00451,11,12,440.0,11026.0,0.8217022559773829,0.45522479466415394,0.4299577637752447,0.5251556310153955,0.044886605209359755,0.5178116898899401,0.6969617757426483,25,Male,Tier2,"exchange, clearance, flat 50% off, discount, order tracking",0
CUST00452,7,15,1180.0,18518.0,0.38539785443106805,0.4557405003953843,0.6307409831828211,0.21521234572128684,0.15404667109589193,0.8830222847619129,0.5715828779975617,26,Female,Tier2,"drop alert, try first order, new drop, trending now",2
CUST00453,7,6,1230.0,16279.0,0.4515841577248075,0.3229423830997858,0.6481703247592556,0.21453310855082547,0.13729656668991885,0.8529454843661624,0.5610493458778226,28,Female,Metro,"new drop, collab, streetwear",2
CUST00454,59,4,2570.0,13647.0,0.33386064032071333,0.19920969541669478,0.48703442868591185,0.35442142550989486,0.1585441458041934,0.5587242224484293,0.29722854095712425,42,Female,Metro,"gifting, jeans, kurta set, diwali sale",5
CUST00455,8,10,1610.0,22664.0,0.22070253715509733,0.1294807471519207,0.6021881237861635,0.3025678809911872,0.0952439952226493,0.8357079028371628,0.3558536524634071,24,Female,Metro,"sneaker match, limited stock, restock alert, trending now",2
CUST00456,17,6,640.0,5957.0,0.9121236246749506,0.4115432574579921,0.8664394412324556,0.07230031692268658,0.06126024184485777,0.7700298414929427,0.5861208397767219,24,Female,Tier3,"size chart, budget, sale",0
CUST00457,67,1,970.0,1579.0,0.28444826601211637,0.7633982512114782,0.2160562459191713,0.49663928317583694,0.2873044709049917,0.7308995224208641,0.5272951184123472,21,Female,Tier2,"size guide, cod available, wishlist, reviews",3
CUST00458,45,6,2050.0,27407.0,0.4649418440875566,0.2280961994632066,0.2743050132885316,0.2811450103883435,0.44454997632312493,0.45241702701678294,0.7162059063806755,39,Female,Tier3,"diwali sale, kurta set, saree, kurta, combo offer",5
CUST00459,38,1,950.0,1190.0,0.541418065032731,0.6507448102963223,0.4214510987979855,0.04838869969856236,0.530160201503452,0.6256102370689828,0.52157540805527,20,Female,Tier3,"free shipping, trending, unboxing, reels",6
CUST00460,8,4,1470.0,8744.0,0.3720957850086065,0.27822214409477525,0.7676331606302519,0.20403943363683466,0.02832740573291361,0.6279479200013445,0.3353567720843364,22,Female,Metro,"hype, collab, new drop, jeans, streetwear",2
CUST00461,56,3,2840.0,11303.0,0.3973057984877866,0.28295777966097174,0.20182740385219985,0.6504744703387614,0.14769812580903866,0.567459947038761,0.5336398708267776,39,Male,Tier3,"order history, kurta, gifting, ethnic wear, sherwani",5
CUST00462,77,5,2610.0,17038.0,0.16359668062789487,0.3335294407188551,0.5362695631767932,0.25583815054018,0.207892286283027,0.528175603677692,0.6081204079248149,37,Male,Tier3,"festive, family pack, kurta set, t-shirt, ethnic wear",5
CUST00463,50,1,2110.0,2922.0,0.3094587537578592,0.1072013343183673,0.38343629713832367,0.4661334484483959,0.15043025441328045,0.409519442951471,0.09695089372800257,42,Female,Metro,"restock, repeat order, my orders, size chart, loyalty points",4
CUST00464,64,2,2900.0,11028.0,0.24675814361038864,0.23961471297991388,0.4805710733925987,0.10597878970260553,0.4134501369047958,0.5691450195514021,0.6774742719384267,40,Female,Metro,"order tracking, festive, kurta set",5
CUST00465,64,1,2280.0,2303.0,0.4830447010175739,0.4171350066686701,0.1629550114397355,0.5789707370067274,0.2580742515535371,0.5636715602910554,0.4909267871000061,31,Male,Metro,"family pack, sherwani, full price, saree, curated",5
CUST00466,69,1,2360.0,2383.0,0.1950920614125508,0.2431496776150288,0.3517351685973909,0.39679849453970784,0.2514663368629013,0.5722361671060926,0.3706361502773077,42,Female,Tier3,"wedding collection, occasion wear, jeans, gifting",5
CUST00467,69,2,1400.0,4455.0,0.4617585503685683,0.3661707808571578,0.6022884163574812,0.140538180068515,0.25717340357400376,0.7639304534885102,0.641506834001259,19,Male,Tier3,"trending, unboxing, referral code, new user offer, kurta set",6
CUST00468,15,6,670.0,3287.0,0.9142387291343259,0.3810401723953199,0.526297356566131,0.2838918819284241,0.18981076150544493,0.5397056413375355,0.7984245481611439,33,Female,Tier2,"coupon, budget, cotton",0
CUST00469,44,1,1140.0,1583.0,0.5536775414635356,0.5621607192406992,0.6877175815105627,0.18171680311747218,0.13056561537196515,0.5358869891819602,0.3821459751969355,21,Male,Metro,"designer drop, trending, insta finds, kurta",6
CUST00470,57,1,1680.0,1059.0,0.3344992057831148,0.04399350999863702,0.600280509361329,0.33295224546755886,0.06676724517111214,0.16126079623826067,0.15842103562378354,29,Female,Tier2,"restock alert, favorite brand, jeans, loyalty points",4
CUST00471,11,3,1480.0,5706.0,0.38983679524355647,0.43534224096796487,0.7810701439521155,0.2024853483229814,0.016444507724903176,0.8100237445141554,0.42204500222395885,18,Female,Tier2,"limited stock, first order discount, sneaker match",2
CUST00472,42,4,2030.0,20418.0,0.47095584644351046,0.3371681576558542,0.21137985846772692,0.6873623196137171,0.10125782191855591,0.4340705349441094,0.668570914816355,30,Female,Metro,"size guide, wedding collection, sherwani, saree, still deciding",5
CUST00473,16,5,640.0,5881.0,0.8445333100333094,0.2605804045135131,0.6556990045744769,0.1623728526069621,0.1819281428185609,0.6221568365510868,0.679845772812292,32,Female,Tier2,"kurta, combo offer, sale, lowest price, flat 50% off",0
CUST00474,14,5,1500.0,8177.0,0.3630675106870016,0.1585987761675682,0.5958798161914853,0.22760436798386222,0.1765158158246524,0.9087108791909018,0.30391251966031535,21,Male,Metro,"oversized fit, streetwear, restock alert",2
CUST00475,9,10,1200.0,15118.0,0.4392781961639727,0.26372801054962436,0.5142814774988069,0.1256655182996816,0.3600530042015116,0.7750778736781276,0.261104494603728,30,Female,Tier2,"oversized fit, streetwear, drop alert, sneaker match",2
CUST00476,56,1,1030.0,2265.0,0.21431869519014943,0.35081768002131436,0.5363678888911733,0.26446160857010864,0.19917050253871804,0.771660536609686,0.6170284738256188,33,Male,Metro,"still deciding, family pack, kurta, size medium, compare",3
CUST00477,68,1,1140.0,2254.0,0.592580338504163,0.73443973746879,0.5023188040154213,0.3887944001141366,0.10888679587044209,0.4554350887176524,0.5002753169366535,43,Female,Metro,"size chart, fit check, wishlist",3
CUST00478,47,1,1340.0,1251.0,0.38052562936686213,0.5676373640853515,0.641755655643527,0.29440399502112596,0.06384034933534724,0.4946215811886702,0.7062152451424488,22,Male,Tier3,"first order discount, try first order, trending",6
CUST00479,43,3,1060.0,7431.0,0.3949053654514553,0.7550215131731147,0.24763952218683688,0.333390645465029,0.4189698323481341,0.6461712187427197,0.3800545841057039,36,Female,Metro,"return policy, delivery time, cotton, cod available, wishlist",3
CUST00480,31,5,3340.0,27951.0,0.12437625381152306,0.171424801630259,0.1808303171098372,0.24813213715309052,0.5710375457370721,0.3642196668254933,0.10198661368411989,23,Female,Metro,"exclusive collection, curated, discount, luxury, full price",1
CUST00481,44,5,2350.0,19587.0,0.24052512334131182,0.17029110192747463,0.306647740889417,0.5175549752859135,0.17579728382466958,0.1951386929929865,0.13920497435357357,25,Female,Tier2,"order history, my orders, fit check",4
CUST00482,58,1,1070.0,1864.0,0.7081299318691122,0.788970631084289,0.416122319000901,0.41570280581316366,0.16817487518593538,0.630171782873685,0.6239010240973532,28,Female,Tier3,"order tracking, referral code, welcome offer, new user offer",6
CUST00483,16,17,650.0,9695.0,0.7825633786721983,0.4428288038093886,0.8380597538765601,0.09737297189684119,0.06456727422659866,0.7433660454585214,0.5991867935948365,29,Male,Tier3,"premium fabric, size medium, lowest price, bogo offer",0
CUST00484,35,1,4480.0,3979.0,0.1108152288725016,0.14068775583749657,0.43589845097070157,0.414409270284602,0.14969227874469643,0.15661361438193191,0.25954600849983284,47,Female,Metro,"premium fabric, luxury, premium",1
CUST00485,101,1,1100.0,2692.0,0.46434130669073054,0.5032284679463018,0.642610801961566,0.207077531589909,0.15031166644852506,0.7523646570258156,0.4310741139856113,24,Female,Tier3,"referral code, influencer recommended, reels",6
CUST00486,20,2,640.0,1895.0,0.5161004007024469,0.4031971279423203,0.607260092185162,0.2712843489250994,0.1214555588897387,0.4968279925102564,0.5881943243932023,34,Female,Tier2,"size medium, discount, referral code",0
CUST00487,7,2,1110.0,3326.0,0.3087398784023254,0.21681256821273387,0.8940069607550479,0.08958255021692095,0.016410489028031078,0.7744857112187611,0.4712901260884694,24,Male,Tier2,"trending now, jeans, limited stock, restock alert",2
CUST00488,45,5,1630.0,12351.0,0.21569668027704728,0.20828578044889057,0.4951833003946239,0.21827982476417698,0.286536874841199,0.47201943348888226,0.19807666968188772,48,Female,Metro,"jeans, membership, usual size, favorite brand, occasion wear",4
CUST00489,10,11,1590.0,15496.0,0.3614265327238124,0.37620613820255905,0.4286225006558269,0.4580414528899902,0.11333604645418281,0.9024760465660008,0.2966043069345209,18,Male,Tier2,"restock alert, drop alert, sneaker match, oversized fit",2
CUST00490,29,13,1300.0,31639.0,0.39462926139093213,0.12810930992167704,0.36732490598024936,0.07859256457323528,0.5540825294465153,0.4117516948186915,0.13479448471303299,51,Female,Metro,"order history, membership, jeans, favorite brand",4
CUST00491,91,4,2760.0,6389.0,0.39741577648626397,0.6423865435634146,0.19325546289752782,0.15002470997751585,0.6567198271249564,0.6385392988894064,0.2597163696923824,37,Male,Tier2,"family pack, collab, ethnic wear",5
CUST00492,32,7,3360.0,32310.0,0.10122252724600975,0.20378713975512575,0.17390056146502256,0.4321195850918194,0.39397985344315795,0.20855422407125565,0.2396973184724424,38,Female,Tier3,"limited edition, designer drop, luxury",1
CUST00493,50,1,4610.0,6926.0,0.0017551411880450567,0.23544136957432552,0.22028250606007152,0.38032011530978854,0.3993973786301399,0.31261701889761295,0.1401985397784397,37,Female,Metro,"size medium, kurta, designer drop",1
CUST00494,38,1,820.0,701.0,0.4790992333519324,0.4585740699630508,0.38442067381720596,0.33178689491824176,0.28379243126455217,0.6628262203575154,0.7243549777267001,19,Male,Tier2,"welcome offer, jeans, first order discount, insta finds, unboxing",6
CUST00495,9,9,500.0,7452.0,0.6978417303587015,0.2549218535504788,0.693368545913857,0.19142453658230213,0.11520691750384089,0.6763219926585567,0.6432031189516277,26,Female,Tier2,"bogo offer, delivery time, clearance, still deciding, kurta",0
CUST00496,23,3,920.0,3134.0,0.6633277134856421,0.5119915306356689,0.6199315027936441,0.3531796891110136,0.026888808095342467,0.32966669032713863,0.5576807212816862,18,Male,Tier2,"collab, combo offer, flat 50% off, lowest price, coupon",0
CUST00497,10,14,500.0,16828.0,0.9019972270615781,0.22859157038011493,0.6347425523535529,0.2869459084981988,0.07831153914824819,0.6198067365474312,0.7892057962025605,31,Female,Tier3,"lowest price, combo offer, coupon, flat 50% off, jeans",0
CUST00498,16,9,530.0,9348.0,0.7844685036824108,0.1370933533576524,0.9111559065139394,0.05063765099166148,0.038206442494399036,0.6720874059513735,0.4944151530176797,22,Female,Tier3,"lowest price, bogo offer, combo offer, curated, t-shirt",0
CUST00499,47,1,960.0,779.0,0.7738686960715466,0.23375544174724372,0.3289564144488395,0.3597787367579443,0.3112648487932162,0.6789211061859364,0.7470459272286025,20,Female,Metro,"welcome offer, repeat order, first order discount, referral code",6
CUST00500,13,20,670.0,15179.0,0.7995717040973728,0.2107259600388091,0.6882631217435775,0.1468175413516803,0.16491933690474214,0.7545518187887027,0.7024895037441892,28,Female,Tier3,"bogo offer, discount, clearance",0
CUST00501,48,3,4500.0,25570.0,0.13661548206727392,0.1519018402979686,0.481316498317386,0.25580341996046013,0.2628800817221539,0.28864838382443814,0.10772820663052195,34,Female,Metro,"cotton, luxury, t-shirt, exclusive collection",1
CUST00502,36,1,1110.0,2344.0,0.38141492204860444,0.649280878112223,0.4652059457318704,0.2958213233246991,0.23897273094343055,0.5985767934076984,0.2276473612744253,18,Male,Tier2,"delivery time, reviews, size guide, cod available, order history",3
CUST00503,43,2,2790.0,6567.0,0.0431030147474054,0.2614047837666488,0.08224680057788075,0.7313261882238652,0.186427011198254,0.217182911746163,0.23191120603597998,38,Female,Tier2,"full price, cod available, premium, exchange, capsule collection",1
CUST00504,51,6,1250.0,4244.0,0.5116991895228373,0.7831182813163523,0.5691251309964501,0.1380206804063951,0.2928541885971548,0.6571207097728087,0.528363915532608,39,Female,Tier2,"fit check, cod available, delivery time, compare",3
CUST00505,16,5,1880.0,19230.0,0.2970061325200057,0.34355162971585174,0.47031969378356736,0.4701761852900802,0.059504120926352475,0.8061163152180908,0.28363030663364514,23,Male,Metro,"jeans, oversized fit, restock alert",2
CUST00506,64,1,910.0,736.0,0.5732954175427859,0.457688276446533,0.685844438413902,0.07222602729862317,0.24192953428747474,0.714675453854071,0.711297673594892,23,Female,Metro,"limited stock, streetwear, welcome offer, influencer recommended, first order discount",6
CUST00507,11,11,600.0,14806.0,0.8956562317671093,0.5116901562134177,0.8478611715742379,0.1018195977696505,0.050319230656111345,0.5904034118635304,0.650104549923383,21,Female,Tier3,"bogo offer, discount, coupon, budget",0
CUST00508,75,4,2300.0,16954.0,0.35054282296777156,0.2580883656772435,0.11798879187573504,0.7566820229803507,0.12532918514391425,0.45297580255112757,0.532346528701377,55,Female,Tier2,"diwali sale, exchange, saree, festive",5
CUST00509,36,2,1000.0,3157.0,0.4708102963447223,0.6875631523073099,0.20572797149491004,0.5977543224226901,0.19651770608239974,0.5887337740606816,0.4530499542964751,36,Female,Tier2,"fit check, still deciding, cod available, compare, jeans",3
CUST00510,54,1,1820.0,959.0,0.3747732470035752,0.1627178751421008,0.6667257890736396,0.08825599008575893,0.24501822084060143,0.3908518349800936,0.2833063758826485,27,Male,Tier3,"membership, favorite brand, still deciding",4
CUST00511,58,1,980.0,2243.0,0.48331264792208634,0.5310158243870988,0.6161516198655109,0.16235734165343882,0.22149103848105023,0.6323217512998666,0.6390438687844934,25,Male,Metro,"try first order, unboxing, new user offer, first order discount",6
CUST00512,47,1,1760.0,2542.0,0.14365091126265128,0.08406746682145134,0.2718504222396636,0.4679609085618941,0.2601886691984422,0.2528596234797042,0.05554430270560794,35,Female,Metro,"early access, repeat order, my orders, new arrivals, usual size",4
CUST00513,86,1,1540.0,3242.0,0.400129010206437,0.751995530896053,0.24908674230665712,0.5906761305665464,0.16023712712679644,0.6209699253067896,0.4800921004382805,32,Male,Tier2,"delivery time, wishlist, size chart, exchange, cod available",3
CUST00514,16,11,580.0,9906.0,0.8303767994990033,0.22252604287240343,0.4454602428936632,0.2923725079582263,0.26216724914811046,0.4465598550968545,0.7731981008710336,23,Male,Tier3,"budget, wedding collection, festive, free shipping, discount",0
CUST00515,47,1,1080.0,1445.0,0.5159606562261245,0.5349557398079278,0.6302965981007163,0.2610091613704651,0.10869424052881858,0.7712268218006906,0.39600519528736017,18,Male,Metro,"welcome offer, first order discount, jeans",6
CUST00516,80,1,3260.0,5608.0,0.36269770508240445,0.32949694766615817,0.41507267354349675,0.4145041812483882,0.17042314520811508,0.47302017333107577,0.6477332068550488,31,Male,Tier3,"kurta set, sherwani, occasion wear, free shipping",5
CUST00517,79,2,4030.0,8338.0,0.19291373417349508,0.48231575265776583,0.5862401353659982,0.12080409967022533,0.29295576496377645,0.45465070473169383,0.38379414276591495,54,Male,Tier2,"try first order, family pack, saree, ethnic wear",5
CUST00518,39,4,970.0,3675.0,0.3704189527856665,0.6842643617973112,0.47213416092307847,0.3587963098773016,0.16906952919961993,0.5943228079593686,0.5371262857624877,37,Female,Tier2,"size guide, cod available, compare",3
CUST00519,58,1,1220.0,1160.0,0.48650105540830585,0.7606021847046354,0.7537199060298221,0.06825279901262189,0.17802729495755612,0.5391697908661842,0.4845382989570754,29,Male,Metro,"wishlist, still deciding, compare, cod available, exchange",3
CUST00520,42,8,1850.0,12422.0,0.22731186653498076,0.09447254434955087,0.5869223419484881,0.25101115217878844,0.1620665058727235,0.47055883823175204,0.2700076222811604,25,Male,Tier3,"cotton, fit check, still deciding",4
CUST00521,40,8,1630.0,12141.0,0.24324964563173093,0.2868932277049385,0.600074919968291,0.2520676709276264,0.14785740910408265,0.4058660967840361,0.2773640649489557,28,Female,Metro,"kurta, t-shirt, favorite brand, order history, membership",4
CUST00522,45,3,2050.0,12861.0,0.3352663975482007,0.18734921769304008,0.32374692097718427,0.16174555819256298,0.5145075208302528,0.42952255087925906,0.14258267714025372,30,Female,Tier2,"order history, usual size, new arrivals, favorite brand",4
CUST00523,58,3,3980.0,28444.0,0.012114213251085913,0.23169524273040745,0.38342444617600924,0.42361593956750404,0.19295961425648664,0.17804573987415695,0.3346234974870707,44,Female,Tier2,"full price, designer drop, premium fabric, limited edition",1
CUST00524,12,3,720.0,1996.0,0.7511606589291944,0.3513859710651498,0.7946795210321896,0.19553771987763913,0.009782759090171147,0.35168058989780604,0.6861535887206975,27,Female,Metro,"flat 50% off, cod available, bogo offer, sale, budget",0
CUST00525,8,14,1300.0,9667.0,0.5323556716449699,0.19907958665987663,0.7445961118559116,0.1556122854883542,0.09979160265573418,0.9274321650454529,0.5306116407530143,28,Male,Tier2,"jeans, drop alert, new drop, sneaker match, collab",2
CUST00526,22,2,800.0,2577.0,0.5409645587832309,0.6190775283987531,0.7247210538270665,0.17447504622938867,0.10080389994354479,0.526066434833001,0.5224593722012694,20,Male,Metro,"return policy, budget, lowest price",0
CUST00527,10,14,580.0,15889.0,0.8507376361087814,0.3317749090271055,0.7246155810116668,0.2071453305606545,0.06823908842767873,0.6421999851244604,0.6302317944684754,21,Male,Tier3,"cashback, referral code, bogo offer, flat 50% off",0
CUST00528,59,1,1230.0,2930.0,0.40098222774941555,0.6446205205842749,0.4368716852319325,0.40680066161048656,0.1563276531575809,0.6411834457971881,0.49603428508551967,34,Male,Metro,"cotton, delivery time, wishlist",3
CUST00529,54,3,1680.0,7752.0,0.23803081707135765,0.26786698334163067,0.2691641920211728,0.6022951483427067,0.1285406596361204,0.3641786614086812,0.24442766413248423,45,Female,Tier2,"usual size, membership, repeat order",4
CUST00530,7,15,1220.0,24309.0,0.4603749753152976,0.2189002315745541,0.8995612654062057,0.05403399151107146,0.046404743082722674,0.8905521524413897,0.5045962573863677,24,Male,Tier2,"oversized fit, limited stock, trending now, drop alert",2
CUST00531,49,1,3660.0,4814.0,0.06840555048098607,0.3273584221539365,0.18144687069541507,0.20430402901758823,0.6142491002869965,0.35248093525152635,0.07237915911263747,31,Male,Metro,"premium, designer drop, capsule collection",1
CUST00532,40,11,830.0,19832.0,0.48733453870090027,0.366858981538391,0.3740477875427381,0.2953103687304348,0.3306418437268271,0.6904421032096121,0.5273411410181871,18,Female,Tier2,"influencer recommended, new user offer, first order discount, insta finds, kurta",6
CUST00533,41,1,1030.0,2588.0,0.37851529506083964,0.66114386980206,0.347109618669433,0.5585792644557536,0.0943111168748133,0.5143172864709353,0.23067968522332713,29,Female,Tier2,"fit check, compare, size chart",3
CUST00534,57,4,2200.0,14667.0,0.24110953660320117,0.07636379316499572,0.3164938620098172,0.09214975156826036,0.5913563864219225,0.3610793478179944,0.16654543798493,39,Female,Tier2,"new arrivals, repeat order, membership",4
CUST00535,38,17,1290.0,39375.0,0.31209780070726967,0.12428522480976223,0.32674638443978204,0.5534058022989152,0.11984781326130277,0.2915621152097922,0.3053672743402785,38,Female,Metro,"repeat order, favorite brand, order history, my orders, restock",4
CUST00536,60,1,1470.0,822.0,0.4665253026051597,0.6733518403380438,0.6127264669077592,0.16816120192716613,0.2191123311650746,0.5965261710487655,0.2516585347232495,31,Female,Tier2,"order tracking, jeans, fit check",3
CUST00537,12,3,730.0,2007.0,0.8075184037277298,0.35586321101511237,0.7939144837907333,0.03642978532086904,0.16965573088839775,0.43864300333139766,0.7337772733309487,24,Female,Tier2,"bogo offer, coupon, size medium, clearance",0
CUST00538,41,1,2080.0,1898.0,0.21316750713394347,0.2650083628873573,0.2001616047100637,0.3714400051617605,0.4283983901281759,0.4590174697100857,0.22705659980544013,37,Female,Metro,"jeans, unboxing, early access, membership",4
CUST00539,11,7,1650.0,26394.0,0.31639547118028855,0.20784669166679823,0.44056578702536164,0.46780603278918,0.0916281801854584,0.7746211070152252,0.3777482761722345,23,Male,Metro,"t-shirt, trending now, free shipping, oversized fit",2
CUST00540,40,8,880.0,5802.0,0.5697075424802571,0.620995574686444,0.4339676069058456,0.32106453085954895,0.24496786223460526,0.4946971222904321,0.2573771183277404,18,Female,Tier3,"size chart, wishlist, reviews",3
CUST00541,40,5,3960.0,19252.0,0.24749494558791746,0.23100084217961572,0.13210562701454484,0.604535444073458,0.26335892891199714,0.19629946347136204,0.06167314093794554,44,Male,Metro,"curated, designer drop, collab, luxury",1
CUST00542,60,5,1730.0,6723.0,0.1533815933474886,0.1302897522732274,0.6381243150452919,0.0810563557299527,0.2808193292247553,0.2671175508767218,0.12594012659221454,31,Male,Tier2,"loyalty points, saree, size medium, exchange, favorite brand",4
CUST00543,8,18,1240.0,16206.0,0.5163540007358205,0.3705011407469916,0.5161007099100734,0.24700883762354542,0.2368904524663814,0.9428775982951764,0.46459722189359615,21,Female,Metro,"kurta, new drop, exchange, trending now",2
CUST00544,13,5,690.0,5911.0,0.8675481902129857,0.2537845347448188,0.6147588807462536,0.28708427320058505,0.0981568460531614,0.5183270362894766,0.6198363250050977,36,Male,Tier3,"designer drop, coupon, sale, clearance",0
CUST00545,14,4,1670.0,6416.0,0.3520775129626912,0.3535702234306259,0.5834054163677214,0.37040414062945165,0.046190443002826924,0.785636441358901,0.26301784655498883,26,Female,Metro,"hype, sneaker match, size medium, restock, drop alert",2
CUST00546,39,2,3770.0,13478.0,0.10000167591019617,0.11526753305522425,0.19528264644504265,0.6290113157963287,0.17570603775862847,0.13247686038913334,0.18627462783942203,31,Female,Metro,"made to order, exchange, exclusive collection, limited edition, luxury",1
CUST00547,41,1,910.0,770.0,0.6954606670986669,0.2618214475894864,0.4626506950942808,0.22637960286889874,0.31096970203682034,0.6626559941887796,0.513996661362143,20,Female,Tier3,"trending, restock alert, unboxing",6
CUST00548,47,6,3810.0,16832.0,0.02072435832365592,0.20479077316952332,0.34633590641643375,0.4565441553251715,0.19711993825839472,0.36187661502570484,0.11402735820156688,33,Male,Metro,"curated, restock alert, made to order",1
CUST00549,34,1,840.0,955.0,0.34259977725308877,0.709082443557508,0.532696784331859,0.3036073579315173,0.16369585773662373,0.6102383393199712,0.5413947439762111,27,Female,Tier2,"reviews, size guide, return policy, fit check, exchange",3
CUST00550,18,12,760.0,8807.0,0.7008500646529758,0.4762013668694659,0.7989128455336703,0.12474109131695851,0.07634606314937117,0.546514442368455,0.5510734745341694,31,Male,Tier3,"exchange, cotton, bogo offer, flat 50% off, coupon",0
CUST00551,12,9,620.0,8785.0,0.8549109308635241,0.3017871154811716,0.49076322373227943,0.4814858466476163,0.02775092962010429,0.6145284814938051,0.6488257893909808,37,Female,Tier2,"order tracking, lowest price, favorite brand, loyalty points",0
CUST00552,48,2,2070.0,9454.0,0.4193324231027544,0.23861349552921937,0.4271370129292602,0.3514856424298536,0.22137734464088601,0.32570662996203464,0.19587963389337523,40,Female,Tier2,"early access, clearance, repeat order",4
CUST00553,42,1,1680.0,2252.0,0.3041174828573872,0.19439745950863996,0.5435003134892564,0.24234668503573287,0.2141530014750107,0.34902292970746546,0.22747233088916474,39,Male,Tier2,"new arrivals, usual size, order tracking, restock",4
CUST00554,11,5,1260.0,11748.0,0.367765765002586,0.1601980766570525,0.7910477117300035,0.19559293641671488,0.013359351853281631,0.7778196585347745,0.2493351755480046,20,Male,Tier3,"influencer recommended, free shipping, insta finds, sneaker match",2
CUST00555,63,1,1480.0,1561.0,0.41640482910826704,0.6565028241297045,0.3407525699100419,0.5456165556990006,0.11363087439095756,0.6053258225381558,0.29339897964374634,37,Male,Tier3,"reviews, delivery time, size guide, free shipping",3
CUST00556,14,3,630.0,3108.0,0.8121591432913827,0.2816389379639989,0.5834458517484135,0.40872786172076536,0.007826286530821229,0.5628357404536113,0.7280000028209427,21,Female,Tier2,"cashback, combo offer, membership, coupon",0
CUST00557,47,3,1640.0,9680.0,0.36593909931159896,0.1585399798085127,0.4834404104996766,0.2534203172632477,0.2631392722370757,0.5392372725114563,0.3244033029601443,45,Female,Tier3,"membership, repeat order, usual size",4
CUST00558,18,7,700.0,12102.0,0.7916333506125502,0.47887895852493756,0.8068016709760633,0.15354636671742286,0.03965196230651375,0.5574763193241176,0.8573703727981606,22,Male,Tier3,"lowest price, size medium, sale, free shipping, jeans",0
CUST00559,15,17,580.0,20667.0,0.6952160920203092,0.25540417890353245,0.4958799565404416,0.16786551898276486,0.33625452447679355,0.7026229231416449,0.7490061978025988,36,Male,Metro,"exchange, free shipping, budget",0
CUST00560,72,1,1420.0,2245.0,0.5054544745451711,0.7486298001614582,0.20775158049144782,0.6717948951051558,0.12045352440339643,0.5665915782871976,0.2791390090487815,34,Male,Metro,"trending now, size chart, cod available, oversized fit",3
CUST00561,50,10,1580.0,26171.0,0.3743838074797086,0.159530356893784,0.37212019265924273,0.5280224659252348,0.09985734141552256,0.3137541464449509,0.13496377576899363,24,Male,Metro,"try first order, my orders, order history, loyalty points, cotton",4
CUST00562,19,10,750.0,3559.0,0.773373385970685,0.3426800228434943,0.6228628053276316,0.35123494407895506,0.025902250593413393,0.594096160233112,0.5845383847809161,37,Male,Metro,"flat 50% off, discount, clearance, combo offer",0
CUST00563,51,1,1460.0,757.0,0.30196468660888454,0.7169376218157119,0.4025648683459925,0.42452200969428094,0.17291312195972666,0.5153311627938655,0.3112760559920219,31,Female,Tier3,"fit check, delivery time, cotton, still deciding, return policy",3
CUST00564,15,9,650.0,9692.0,0.5922450233870098,0.28927510491228275,0.3913634616128501,0.5919415278661987,0.01669501052095114,0.5814688676718593,0.4811299460561788,24,Female,Tier3,"flat 50% off, jeans, clearance, bogo offer, size medium",0
CUST00565,10,10,1130.0,16484.0,0.35430252189079475,0.2376302612526713,0.7346582103954631,0.2390248754453404,0.02631691415919631,0.7950686725965194,0.502680964955914,24,Male,Tier2,"new drop, hype, kurta set, wedding collection, restock alert",2
CUST00566,7,19,920.0,12837.0,0.2848400873718638,0.4365192218347998,0.8145992479687572,0.15632253784034517,0.029078214190897605,0.8729362240802031,0.423914764154331,19,Male,Tier2,"restock alert, clearance, oversized fit",2
CUST00567,9,2,1170.0,3410.0,0.3320047837147318,0.13765548799535016,0.6813146755734615,0.1395396201267856,0.17914570429975288,0.9038357408727417,0.3807420383938181,25,Female,Metro,"size medium, restock alert, exchange, limited stock",2
CUST00568,26,20,1060.0,45460.0,0.8193919082695557,0.3554880215299324,0.734517308403863,0.10306519470720328,0.16241749688893378,0.45246170870918867,0.6536779389766049,21,Female,Tier2,"lowest price, bogo offer, order tracking, budget",0
CUST00569,52,5,1780.0,17906.0,0.22946857603864523,0.1110419722307552,0.1917177644249902,0.33683002855589067,0.4714522070191191,0.2399986683413256,0.178727351402567,39,Male,Tier2,"t-shirt, restock, favorite brand, usual size, order tracking",4
CUST00570,28,11,2680.0,26733.0,0.07816228345881933,0.14089971031723889,0.20185206252250207,0.5972019034241771,0.2009460340533208,0.24301114502877832,0.14041020395176318,28,Male,Tier2,"premium fabric, free shipping, luxury, unboxing, new user offer",1
CUST00571,12,28,580.0,29543.0,0.8559851064195647,0.31812429632012706,0.7782451346813887,0.12777659013273904,0.09397827518587239,0.6868033103023176,0.7008665371118619,26,Male,Tier3,"discount, sale, cashback, clearance, flat 50% off",0
CUST00572,44,3,890.0,3399.0,0.5137047185977899,0.3140357771507778,0.5724444113008752,0.21907557268241834,0.20848001601670654,0.6932202246564394,0.6996126009309702,26,Female,Tier2,"new user offer, referral code, kurta, t-shirt, unboxing",6
CUST00573,6,8,970.0,14929.0,0.4770428402267383,0.3274219090016408,0.8483061621978297,0.14234919046355443,0.00934464733861594,0.8066762951689536,0.4336519018794346,24,Male,Metro,"hype, referral code, sneaker match, trending, new user offer",2
CUST00574,56,1,1050.0,1269.0,0.389612364408792,0.8216736537577795,0.5703785401818553,0.15251217050895116,0.2771092893091935,0.5614439478995273,0.24460641887197063,36,Male,Tier2,"return policy, size chart, order tracking, size guide",3
CUST00575,54,2,2300.0,8005.0,0.26364124959051494,0.24321542158850704,0.49422721315841894,0.3997858153812296,0.10598697146035146,0.5253600565204155,0.3950198277276843,36,Female,Tier3,"first order discount, ethnic wear, saree",5
CUST00576,106,1,3770.0,3167.0,0.44847259840950576,0.27511026156445534,0.3874692070598775,0.2546371459050261,0.35789364703509646,0.3622435529612149,0.4202298940463896,40,Female,Tier3,"order tracking, family pack, sherwani",5
CUST00577,17,9,540.0,4470.0,0.7847322309723902,0.24629833924748176,0.5910353276862667,0.22167604081701317,0.18728863149672012,0.7682279197309898,0.7718557764897016,33,Female,Tier3,"coupon, kurta, discount, lowest price",0
CUST00578,45,1,4570.0,8787.0,0.31449179133100513,0.2940430270903326,0.16649017474058248,0.09426266624143582,0.7392471590179818,0.15143195643846602,0.37097550163873544,37,Female,Metro,"discount, premium fabric, exclusive collection, premium, full price",1
CUST00579,80,1,2930.0,3264.0,0.2830450413197939,0.1959910453187833,0.3336743420086121,0.5669275388419496,0.09939811914943827,0.5271739536679941,0.469282679671276,35,Male,Metro,"family pack, free shipping, kurta set, t-shirt, cotton",5
CUST00580,18,4,680.0,4633.0,0.8680583328873718,0.3641419622532393,0.7074530098485489,0.08153677594179913,0.21101021420965207,0.39252384974868476,0.549102203499728,25,Female,Tier3,"flat 50% off, sale, combo offer, restock",0
CUST00581,38,1,1670.0,2326.0,0.15735180545566108,0.4886280307068402,0.43843258303252847,0.3325216360269041,0.22904578094056735,0.30004589244908225,0.19871667384866146,24,Female,Tier3,"new drop, new arrivals, my orders, membership",4
CUST00582,36,2,2650.0,14182.0,0.10559619762039822,0.07311231552054996,0.2025188846398643,0.5602407185767737,0.23724039678336206,0.1934193944130899,0.19723720546935564,22,Female,Metro,"limited edition, premium fabric, capsule collection, designer drop",1
CUST00583,35,2,3880.0,13161.0,0.13504203747719484,0.1442986771557518,0.04469253470687174,0.5593967369328378,0.3959107283602904,0.4466152432849197,0.10191769030764569,36,Female,Tier2,"curated, kurta, designer drop, influencer recommended",1
CUST00584,42,2,4830.0,6578.0,0.095128499522607,0.30758682128960635,0.14047255636471703,0.5194804747399615,0.34004696889532143,0.10627623727215427,0.26267794205664735,18,Male,Metro,"exclusive collection, designer drop, free shipping, clearance, premium fabric",1
CUST00585,50,2,3600.0,15123.0,0.09769371715042081,0.35228441864921034,0.15837661031375094,0.34678931910363286,0.4948340705826162,0.36927237022109866,0.17438377581027978,32,Male,Metro,"exclusive collection, occasion wear, luxury, jeans",1
CUST00586,44,3,2570.0,10813.0,0.32987623781061465,0.5104309784985015,0.21921234082639707,0.5508635037504165,0.22992415542318642,0.5599324413623836,0.4818234342807664,34,Female,Metro,"occasion wear, ethnic wear, family pack, free shipping",5
CUST00587,78,1,2430.0,3697.0,0.3880297020975037,0.2758328474225088,0.21746747766835553,0.42083564604954105,0.36169687628210345,0.6347102050912493,0.5910762180746549,51,Male,Tier2,"gifting, saree, diwali sale, cotton",5
CUST00588,20,2,710.0,1300.0,0.8485001960453047,0.29651239120935835,0.5139719098813652,0.15101840346067757,0.3350096866579573,0.37499209635455333,0.6591845492548782,30,Male,Tier2,"order tracking, flat 50% off, clearance",0
CUST00589,10,9,1310.0,28569.0,0.4339878083537675,0.1416809723489539,0.6521713075407699,0.16036343707154174,0.18746525538768835,0.898603668122175,0.4886372822938577,26,Male,Metro,"t-shirt, jeans, trending now",2
CUST00590,13,4,580.0,4068.0,0.920334791233159,0.2641237548892709,0.7491763289094591,0.21777205470619482,0.03305161638434625,0.8219916237385733,0.6964179514449657,20,Female,Tier3,"flat 50% off, lowest price, kurta",0
CUST00591,67,9,1040.0,10647.0,0.45088796243070123,0.6336803931797925,0.5202807091808408,0.18457141498469343,0.29514787583446583,0.36227049193986083,0.40478172627449616,32,Female,Tier2,"usual size, membership, size chart, kurta, compare",3
CUST00592,17,5,740.0,4536.0,0.4927705567467688,0.28864623702124514,0.7927346118959302,0.14239029139214351,0.06487509671192633,0.5130120864079283,0.8068297808043505,34,Male,Tier2,"usual size, membership, flat 50% off",0
CUST00593,58,1,2110.0,3421.0,0.35791095023024005,0.19847242951122737,0.30319035095545505,0.4826414309479121,0.21416821809663286,0.4505972150354122,0.4469077042993425,27,Female,Tier3,"wedding collection, gifting, occasion wear, capsule collection",5
CUST00594,8,12,1150.0,29859.0,0.4086670777825129,0.34163720673412634,0.6043330989573042,0.31967135044044903,0.07599555060224672,0.7822558026018158,0.42127658156321324,25,Male,Metro,"restock alert, hype, new drop",2
CUST00595,67,2,2950.0,14416.0,0.28124373571334016,0.37647828348549334,0.1761752913337369,0.6666808704746547,0.15714383819160832,0.529574431995739,0.38405505684651026,35,Female,Tier2,"occasion wear, kurta, festive",5
CUST00596,45,1,1710.0,3915.0,0.3773987783961104,0.11794949460591184,0.45551215409440626,0.4070988155337943,0.13738903037179948,0.3656964099163426,0.16108694907974672,41,Female,Metro,"loyalty points, repeat order, collab",4
CUST00597,54,5,1040.0,11125.0,0.5062153327544083,0.7138653527318333,0.5174344502568511,0.38468425955773217,0.09788129018541684,0.6706735241988787,0.2777319454977792,32,Male,Metro,"exchange, fit check, delivery time, size chart",3
CUST00598,45,2,1090.0,2044.0,0.5960224100429784,0.8058530020511381,0.5741096782688776,0.3586069560297525,0.06728336570136995,0.740581312327198,0.4257398504391695,35,Male,Tier2,"cod available, delivery time, size chart",3
CUST00599,54,1,1740.0,3904.0,0.20300284353638354,0.12279186954080641,0.6086504649019371,0.3346567654040638,0.05669276969399921,0.34306432951072385,0.20557363898633615,32,Male,Metro,"t-shirt, new arrivals, flat 50% off, early access",4
CUST00600,72,1,5210.0,15063.0,0.11137945265254211,0.28646795093146277,0.3103560686247079,0.3407952328928191,0.348848698482473,0.31954848491790416,0.12308392697610876,29,Female,Metro,"premium, limited edition, kurta set",1
CUST00601,69,1,3580.0,4273.0,0.35644417690493746,0.27589329554636055,0.3571145209294713,0.585744650719437,0.05714082835109162,0.4993372598346865,0.29978054183419844,41,Female,Tier3,"saree, budget, gifting",5
CUST00602,8,3,1430.0,8891.0,0.1946050237000127,0.4248820302047709,0.7874730697234089,0.15025034417585142,0.06227658610073977,0.7339319140393997,0.2597705238181709,21,Male,Tier2,"drop alert, collab, limited stock, hype, sneaker match",2
CUST00603,59,1,1120.0,2618.0,0.5407872383844073,0.24288693459144609,0.7214585589247433,0.1590424076887869,0.1194990333864698,0.6006627684214636,0.3849377397811307,27,Male,Tier2,"exchange, reels, insta finds, first order discount",6
CUST00604,46,5,4980.0,35546.0,0.0020897893786550174,0.29932744838618064,0.1961978277650624,0.317728129316609,0.48607404291832873,0.15564537526952488,0.03876800769918176,41,Female,Metro,"limited edition, exchange, curated",1
CUST00605,13,1,1410.0,2949.0,0.13350872744847278,0.19619449561360458,0.8535634270382764,0.12754585866097592,0.018890714300747704,0.8285024450605875,0.33323755036707026,20,Male,Metro,"size medium, collab, new drop",2
CUST00606,24,7,1470.0,27567.0,0.26442946416397106,0.05157889918046121,0.5048437991393598,0.19851520188101346,0.2966409989796266,0.7015010176145736,0.15599049264014153,29,Female,Tier3,"my orders, repeat order, favorite brand, usual size",4
CUST00607,42,15,1450.0,30132.0,0.19673376821640526,0.25370314610854067,0.6574384346697941,0.23957257587894382,0.10298898945126204,0.2968747225600393,0.25727106275617895,26,Female,Tier3,"usual size, restock, favorite brand",4
CUST00608,10,3,1330.0,8167.0,0.26396801322125624,0.2813335906256552,0.7367666723281956,0.20109969411821804,0.06213363355358637,0.7046474569605142,0.39640620545691996,30,Male,Tier2,"sneaker match, t-shirt, hype",2
CUST00609,5,9,970.0,12726.0,0.4396343977024665,0.436577243065956,0.32654785339745107,0.3490214521856977,0.3244306944168512,0.8563421630002839,0.32743764919844964,18,Male,Tier2,"streetwear, collab, exchange",2
CUST00610,40,1,1110.0,617.0,0.4030898876950143,0.8333020017631911,0.16905771079117243,0.49592853807207865,0.3350137511367489,0.6728051820231882,0.4014612701711556,37,Female,Tier3,"t-shirt, cotton, return policy",3
CUST00611,52,1,1040.0,1973.0,0.42563466901298097,0.6821047655296822,0.3469263472247224,0.5395486235924326,0.11352502918284488,0.5056685591124938,0.42614317761263654,18,Female,Tier3,"return policy, size guide, compare, size chart, wishlist",3
CUST00612,38,1,750.0,519.0,0.5778525035189803,0.39060416233773615,0.2959096664171604,0.21195634697355087,0.49213398660928875,0.5202731496367653,0.5694325817613259,19,Non-binary,Metro,"influencer recommended, exchange, trending",6
CUST00613,83,5,2860.0,15637.0,0.2708849663225656,0.403033368384294,0.4878764728581664,0.28335283562384517,0.2287706915179884,0.6018055819575917,0.5392793100754718,40,Female,Tier2,"ethnic wear, kurta set, festive, collab, gifting",5
CUST00614,32,2,3540.0,3555.0,0.08047820933436926,0.31365569794811066,0.34520483597069457,0.4533323947811376,0.20146276924816786,0.22342160087387564,0.11078243031734288,18,Male,Metro,"exchange, luxury, exclusive collection, limited edition",1
CUST00615,13,19,550.0,22537.0,0.7576277381851897,0.162457669076371,0.8061988440376225,0.06006599285617228,0.13373516310620523,0.5253040343471054,0.5360937552276233,18,Male,Tier2,"order tracking, clearance, budget, combo offer, bogo offer",0
CUST00616,24,6,830.0,6489.0,0.7256579404885474,0.4603540013237316,0.8651827020423438,0.03591128549868533,0.09890601245897075,0.5947915050225135,0.6486344143037646,25,Female,Tier3,"bogo offer, cashback, size medium, budget",0
CUST00617,7,12,860.0,17551.0,0.4542580764140443,0.1646579922996147,0.5650025338064392,0.394940669389571,0.04005679680398975,0.9604890904292536,0.3796794661351631,27,Male,Metro,"kurta, insta finds, streetwear, new drop, sneaker match",2
CUST00618,13,3,1620.0,5510.0,0.3385810146595106,0.43728030197524725,0.830051486619867,0.10607258515264434,0.0638759282274886,0.580381160196227,0.3763192974552815,26,Male,Tier2,"exclusive collection, made to order, new drop, oversized fit",2
CUST00619,53,3,2110.0,11393.0,0.29519593536984723,0.35498188806096526,0.4152174191520319,0.39591598081013596,0.18886660003783215,0.11091473157738867,0.2153782655286656,23,Female,Metro,"loyalty points, cotton, free shipping, new arrivals, early access",4
CUST00620,48,1,1060.0,1519.0,0.6368274406636114,0.5358572463553337,0.48662710629566425,0.4267459406514081,0.08662695305292761,0.4803649418241378,0.35515931525978506,25,Female,Tier3,"return policy, size chart, size guide",3
CUST00621,87,2,3190.0,15615.0,0.21037575422228355,0.35334518224092987,0.5285439840812761,0.19579363832988808,0.27566237758883577,0.4820419473141396,0.5092122476694293,37,Male,Tier2,"wedding collection, repeat order, family pack, size medium, sherwani",5
CUST00622,42,7,940.0,5407.0,0.37243939492586176,0.6184652062158811,0.4180075370864013,0.41928291601422857,0.16270954689937006,0.5812002461940652,0.3825096637401558,27,Female,Metro,"still deciding, fit check, exchange",3
CUST00623,41,1,900.0,1919.0,0.8447115835895017,0.46026439539996256,0.40402975194579754,0.3856720759030352,0.21029817215116725,0.7989054618049344,0.6638469740065466,20,Female,Tier3,"coupon, referral code, reels",6
CUST00624,45,7,1520.0,13510.0,0.3758414934273081,0.05735654495357863,0.6581958863104345,0.2218200894108612,0.11998402427870426,0.1730517382218395,0.2405841601684045,23,Female,Tier3,"membership, repeat order, new drop, my orders, usual size",4
CUST00625,14,6,1230.0,4782.0,0.3901714620634399,0.37251071296892374,0.5903414428230429,0.08496221475077141,0.32469634242618567,0.8241660370740171,0.37993998681125407,24,Female,Tier2,"collab, oversized fit, drop alert",2
CUST00626,19,1,620.0,1168.0,0.7103399421462484,0.48593941035532756,0.746303201936048,0.16487412600206217,0.08882267206188965,0.43559681186239585,0.7658876234652026,28,Female,Tier2,"clearance, discount, lowest price, sale, exchange",0
CUST00627,14,3,1540.0,7855.0,0.3913714308804955,0.3265620969576323,0.5496430086669489,0.41117579467340337,0.039181196659647644,0.7623016173111454,0.37096548714607913,19,Female,Metro,"limited stock, drop alert, exchange",2
CUST00628,58,1,1420.0,1396.0,0.2690712289161844,0.8206161085902112,0.32272349978854514,0.19773702210920524,0.4795394781022496,0.46121552698435836,0.47452445354313816,39,Female,Tier2,"kurta, fit check, delivery time, still deciding, reviews",3
CUST00629,88,1,1160.0,1510.0,0.40901510629903937,0.6897199666339292,0.1424851979891652,0.7541448635500504,0.10336993846078438,0.5789393899743297,0.29465777060666176,34,Female,Tier3,"size chart, reviews, delivery time, wishlist",3
CUST00630,53,6,2240.0,16056.0,0.13613337680957505,0.10080123033564889,0.5622327975987235,0.08608673141354277,0.3516804709877337,0.1980029442790301,0.14022487558507438,37,Female,Metro,"new arrivals, usual size, loyalty points, order history",4
CUST00631,43,3,1770.0,2709.0,0.2053231734922398,0.028198062148152275,0.6047633350664023,0.2919878615728895,0.10324880336070812,0.4293668922482293,0.2210958006811465,34,Female,Metro,"new user offer, favorite brand, new arrivals, repeat order",4
CUST00632,45,1,1060.0,2014.0,0.606921208211958,0.5145219634368553,0.5897155323090454,0.2851865049956239,0.12509796269533083,0.8500263247800072,0.7674221418301616,18,Male,Metro,"drop alert, limited stock, unboxing",6
CUST00633,50,10,1850.0,27917.0,0.33109296155902357,0.06359353825995416,0.18068234058153018,0.6404859473790656,0.1788317120394043,0.36492076473214413,0.30763408380147056,42,Female,Metro,"my orders, loyalty points, t-shirt, restock alert",4
CUST00634,9,2,1770.0,4497.0,0.5548830593315977,0.21724527163172078,0.6169602651183519,0.262698922340639,0.12034081254100898,0.6564678015406744,0.2651242156750046,26,Non-binary,Tier2,"sneaker match, new drop, size medium",2
CUST00635,50,9,1860.0,35525.0,0.43801577060279756,0.307092349278456,0.3753306337487626,0.18047868551423288,0.44419068073700463,0.3988785689985666,0.132481906870509,31,Female,Metro,"favorite brand, membership, size medium, restock, usual size",4
CUST00636,68,1,1310.0,881.0,0.6788831217444316,0.6289119183951922,0.671049119320329,0.23533898029482697,0.09361190038484407,0.6746047483016558,0.42879564794701086,20,Female,Metro,"trending, reels, cotton",6
CUST00637,107,2,3000.0,11720.0,0.23031589177011508,0.28475438914754014,0.2962890410446478,0.38495184700329377,0.3187591119520584,0.3632494537106657,0.48143734221334916,42,Female,Tier3,"first order discount, family pack, wedding collection, t-shirt, sherwani",5
CUST00638,92,1,1530.0,1193.0,0.5118746832559706,0.5908065200854703,0.6000179426605368,0.31217460688756804,0.08780745045189513,0.7245918778470681,0.36039879040401274,18,Male,Tier3,"influencer recommended, welcome offer, unboxing, trending",6
CUST00639,5,5,1030.0,8470.0,0.4429081855956124,0.22243620278967727,0.894331799080616,0.016843343498565554,0.08882485742081854,0.8066517600273201,0.5844969160167672,31,Female,Tier2,"sneaker match, hype, bogo offer, t-shirt",2
CUST00640,33,4,3510.0,31630.0,0.1054261143478182,0.10453057096849311,0.1656133505304752,0.3551764425790929,0.4792102068904318,0.28020064498831126,0.06832228228249528,29,Male,Tier2,"limited edition, made to order, exclusive collection, first order discount",1
CUST00641,16,11,770.0,14767.0,0.5110825268315983,0.15524682033237602,0.7982418266584731,0.1243479091871903,0.0774102641543365,0.5615156937057919,0.7002467921523914,18,Male,Metro,"bogo offer, cashback, lowest price",0
CUST00642,36,6,1020.0,14432.0,0.4541564861748304,0.6633794361563928,0.43380874325887375,0.510747009101774,0.0554442476393524,0.6885890886133881,0.5128943916468405,22,Male,Metro,"still deciding, size guide, delivery time, order tracking, kurta",3
CUST00643,47,3,1900.0,7527.0,0.1012536256839411,0.030232357250285034,0.3408322331776915,0.5075831772277511,0.1515845895945574,0.2678933028034712,0.3661401734997793,40,Male,Tier2,"loyalty points, usual size, new arrivals",4
CUST00644,12,3,1190.0,2098.0,0.37475800967105566,0.15910126933352542,0.6974657644017969,0.13586967458378932,0.1666645610144137,0.9472562247261175,0.3676640983543287,29,Female,Tier3,"collab, streetwear, drop alert",2
CUST00645,13,5,560.0,2352.0,0.7600383146238239,0.29630597559167643,0.7414067362622907,0.13652028113268613,0.12207298260502325,0.6507468179826397,0.6974878782958277,38,Female,Tier2,"cashback, budget, exchange, combo offer, clearance",0
CUST00646,39,4,2830.0,20500.0,0.06941029000333486,0.2239044956890286,0.3737757820899255,0.23734138561226592,0.38888283229780857,0.22537472629103206,0.03908942073816464,32,Female,Metro,"t-shirt, luxury, designer drop, cotton",1
CUST00647,56,1,950.0,2394.0,0.26350052050683487,0.6813770056572303,0.15340051951353137,0.43733729753550526,0.40926218295096334,0.6688382520197302,0.4740238450457157,33,Female,Metro,"return policy, size guide, still deciding",3
CUST00648,35,1,1050.0,824.0,0.47086733484635324,0.5001511996245039,0.7658349599942443,0.1518406820995992,0.08232435790615657,0.914630472589011,0.5391453784808475,34,Female,Tier3,"still deciding, premium fabric, return policy, size chart",3
CUST00649,14,6,1390.0,9757.0,0.17850545777468174,0.2836640652221218,0.914523830962927,0.036006075021846246,0.04947009401522681,0.6404440287906114,0.09929958085107328,27,Female,Metro,"collab, kurta, size medium",2
CUST00650,13,4,580.0,1233.0,0.7762512715770782,0.37152856275804635,0.5854703403857879,0.4079585961397521,0.006571063474459832,0.5158427075966603,0.7859736500203489,27,Male,Tier2,"luxury, budget, combo offer, cashback",0
CUST00651,49,5,1980.0,10991.0,0.15925848691461136,0.40017424567291104,0.4036923395915367,0.20738042097512077,0.3889272394333425,0.1379019591813307,0.15462107725845037,41,Male,Tier3,"reviews, free shipping, order history, new arrivals",4
CUST00652,69,1,1270.0,1866.0,0.5420352672595173,0.7347497358450916,0.27555518765185705,0.3613812863029803,0.3630635260451625,0.7212766485380286,0.6037008050144834,23,Female,Metro,"unboxing, first order discount, trending",6
CUST00653,40,3,3820.0,19235.0,0.08537904797560879,0.1360726004510685,0.2502446146415549,0.4654539747991048,0.2843014105593404,0.23596304365185816,0.0784345052874498,36,Female,Tier2,"cotton, limited edition, capsule collection, premium fabric, exchange",1
CUST00654,14,4,1390.0,14147.0,0.358366432491935,0.31512783984559195,0.6500500579652718,0.1525146224905351,0.1974353195441931,0.6698689394056472,0.2532082034006843,23,Male,Tier2,"sneaker match, collab, cashback, clearance, drop alert",2
CUST00655,57,1,1410.0,970.0,0.3669357266003526,0.7309342763327435,0.5048373465163299,0.35044022686051984,0.1447224266231504,0.685479761371723,0.44959069910870164,25,Female,Tier3,"collab, return policy, compare",3
CUST00656,55,1,1060.0,2354.0,0.505928216559237,0.42810626766296533,0.31635232482565456,0.28826932324827237,0.39537835192607307,0.7657782701631426,0.5965535779815876,24,Female,Tier2,"referral code, try first order, unboxing, insta finds, t-shirt",6
CUST00657,10,5,1560.0,8300.0,0.2076305441459517,0.2549090960651963,0.7493795027103137,0.14761686978911945,0.10300362750056674,0.8977279683547115,0.2113230973788839,22,Female,Tier2,"bogo offer, new drop, sneaker match, hype, limited stock",2
CUST00658,69,1,1410.0,1746.0,0.4510961868256854,0.8914084435535611,0.44197218344787065,0.21941996850879647,0.33860784804333277,0.4222132366103582,0.47837741315712795,22,Male,Tier2,"cotton, return policy, reviews, size chart",3
CUST00659,13,14,660.0,17153.0,0.7842225953183788,0.30015011074394193,0.8394095840607558,0.13651400717640294,0.024076408762841277,0.6177102374703881,0.60371683323494,26,Male,Tier3,"discount, cotton, sale, order tracking, oversized fit",0
CUST00660,11,4,1540.0,13863.0,0.20077960216151655,0.3749940135294684,0.9323551750346503,0.06214177744541296,0.00550304751993692,0.5090945646105032,0.21945735148264944,34,Male,Metro,"order tracking, delivery time, limited stock, new drop, sneaker match",2
CUST00661,58,4,1990.0,12167.0,0.2803082360148391,0.19208637064207146,0.5052640551312018,0.4885283873872691,0.006207557481529181,0.13265445395011824,0.04937177245815232,21,Female,Metro,"early access, family pack, loyalty points, usual size",4
CUST00662,46,1,1230.0,2456.0,0.4850352716902846,0.7751298504504606,0.3189430539733022,0.47245046779036337,0.20860647823633446,0.6085598987947399,0.38763290191212174,49,Female,Metro,"delivery time, still deciding, size guide, cod available, festive",3
CUST00663,43,2,1000.0,4804.0,0.449798345404643,0.366525028854442,0.369379519779745,0.5547128764173899,0.07590760380286522,0.7376764741094682,0.6674548619299064,21,Male,Tier2,"unboxing, jeans, referral code, order tracking, insta finds",6
CUST00664,23,1,780.0,2032.0,0.6332150990834029,0.35705355774197717,0.8727788767643526,0.12141048907646919,0.005810634159178139,0.5854732636697895,0.5256121176271324,32,Non-binary,Tier2,"streetwear, lowest price, budget, bogo offer",0
CUST00665,55,1,1130.0,2543.0,0.5189678264281027,0.6616867215109753,0.24901926459020374,0.32915405474097376,0.42182668066882245,0.6671394579563624,0.43303112106980185,34,Male,Metro,"size chart, jeans, order tracking, wishlist, still deciding",3
CUST00666,13,5,490.0,1552.0,0.7203788848245727,0.34126389066072316,0.8428181611307095,0.11773196591280352,0.03944987295648716,0.6856724179729808,0.5871313222538166,27,Female,Tier2,"cashback, sale, flat 50% off, clearance, bogo offer",0
CUST00667,11,5,1740.0,18566.0,0.4222381433429269,0.28132677786932386,0.7140236003037084,0.2843018722558274,0.001674527440464164,0.7907781409125817,0.5498622096829439,29,Male,Metro,"streetwear, oversized fit, trending now, kurta, sneaker match",2
CUST00668,61,1,1160.0,2373.0,0.30660342121861583,0.6493641874038771,0.307377437904527,0.04577132783236502,0.646851234263108,0.7422056601035284,0.5588911489460948,27,Male,Tier3,"kurta, return policy, cod available, order tracking",3
CUST00669,87,1,3030.0,7398.0,0.4992091251925228,0.44291731090885955,0.28259780391782924,0.29891447126078885,0.41848772482138186,0.3119484099842764,0.42112158939287037,32,Male,Tier2,"jeans, saree, festive, premium",5
CUST00670,55,1,1070.0,2579.0,0.43055271794107947,0.493123781942479,0.3799102369442497,0.5573621312297959,0.06272763182595444,0.8591705260812411,0.5628237653039312,20,Female,Tier2,"new user offer, trending, referral code, reels, influencer recommended",6
CUST00671,78,1,2810.0,4633.0,0.31589261509209543,0.18643873535713723,0.5700148145211279,0.37580922486005336,0.0541759606188188,0.35632341672266826,0.3554776676771471,35,Male,Tier3,"occasion wear, free shipping, diwali sale",5
CUST00672,49,1,1150.0,1374.0,0.43292220502870377,0.46789933747029994,0.5362311245109872,0.2120048833214208,0.25176399216759193,0.7046771610388429,0.49065923727842353,22,Female,Tier3,"first order discount, trending, festive",6
CUST00673,10,13,1900.0,48271.0,0.30194691459275697,0.3370369951781304,0.8087519102241038,0.18347080564710888,0.007777284128787435,0.7103452887120143,0.3072805557884926,23,Female,Tier2,"drop alert, collab, occasion wear, streetwear, exchange",2
CUST00674,76,1,2620.0,6285.0,0.3676937598855041,0.3154280335184059,0.5475292492914157,0.24859593797883667,0.20387481272974758,0.4744365020589365,0.4301590636430869,34,Female,Metro,"wedding collection, diwali sale, gifting, saree, kurta set",5
CUST00675,51,1,1650.0,1257.0,0.4337900042487716,0.5069469639462002,0.4624242578768935,0.28349046790645227,0.25408527421665433,0.8544759695325748,0.36428124811962764,25,Female,Tier3,"unboxing, new user offer, influencer recommended, trending",6
CUST00676,79,3,3140.0,17742.0,0.1689416219530738,0.34906783949677594,0.22249802522583076,0.46156321885816926,0.31593875591600007,0.3528853732312216,0.41182117880741137,43,Female,Tier3,"new arrivals, family pack, ethnic wear, kurta",5
CUST00677,6,5,1290.0,13677.0,0.26282836948216887,0.18976865718379596,0.5392970496484145,0.4194941482419162,0.04120880210966936,0.7802387471344441,0.28226850785102753,18,Male,Metro,"oversized fit, limited stock, new drop, order tracking, hype",2
CUST00678,71,3,2870.0,17538.0,0.30288004490922615,0.48661240973903086,0.3661931217694342,0.5412363566215594,0.09257052160900625,0.5511184652042853,0.5545442484909735,32,Male,Metro,"saree, wishlist, size chart, occasion wear, compare",5
CUST00679,48,1,1630.0,2612.0,0.11865620319412148,0.075584236283938,0.5438439352553681,0.24734874333320167,0.20880732141143013,0.41625773422911116,0.14054978935557566,18,Female,Metro,"early access, new arrivals, free shipping, loyalty points, repeat order",4
CUST00680,37,1,1070.0,3065.0,0.2923936341044522,0.7678827917245984,0.4269891810915011,0.22352505763130295,0.349485761277196,0.6394172550162337,0.5134858615939665,18,Female,Metro,"size guide, cotton, compare, wishlist, order tracking",3
CUST00681,21,2,620.0,1682.0,0.5879648321112031,0.46407848547750596,0.6110938361468986,0.20806116099221852,0.1808450028608829,0.7597985789445958,0.6725437645730562,23,Male,Tier2,"cashback, sale, coupon, lowest price, clearance",0
CUST00682,58,1,1090.0,2198.0,0.3254004912461751,0.6047458288808949,0.2675754887524165,0.5172503692046065,0.215174142042977,0.5173682111522317,0.46379892083153773,21,Male,Tier2,"size guide, delivery time, wishlist, cod available, reviews",3
CUST00683,10,4,570.0,4696.0,0.8401264542709783,0.3860491291230237,0.5931754062249697,0.3047764212289129,0.10204817254611741,0.5225605713036573,0.7006240159203233,21,Male,Tier3,"cashback, lowest price, jeans, sale",0
CUST00684,12,1,1740.0,1539.0,0.1367060252428634,0.41826970855106094,0.7066164242754396,0.17190920664042098,0.12147436908413965,0.642816474274638,0.23950569953677356,26,Male,Tier2,"kurta, limited stock, cotton, collab",2
CUST00685,33,3,1330.0,9404.0,0.26100929007235335,0.11568882944862706,0.2275854132087438,0.6346594632140368,0.13775512357721945,0.6602707257859793,0.25959330551472887,25,Male,Tier2,"repeat order, full price, order tracking, restock",4
CUST00686,48,2,2270.0,6551.0,0.5217965036346669,0.2671372887864173,0.43284733749672044,0.3315552537961539,0.23559740870712556,0.685457165878622,0.43424596970055174,38,Female,Metro,"ethnic wear, wedding collection, saree",5
CUST00687,42,9,1310.0,31367.0,0.3290431950991375,0.1298777407144506,0.6867622843718433,0.09380687839304756,0.21943083723510914,0.36890824860506294,0.2104933863825025,36,Male,Tier2,"free shipping, loyalty points, repeat order",4
CUST00688,13,23,760.0,12637.0,0.7348936068921597,0.5105678456380718,0.5941430016288308,0.3958107374478028,0.010046260923366425,0.5354555101624712,0.7159078146394775,20,Female,Tier3,"flat 50% off, coupon, combo offer, kurta",0
CUST00689,80,4,2530.0,12984.0,0.24682155024256988,0.22890750888705133,0.07714288579353618,0.7483158112141471,0.17454130299231674,0.4917668107753404,0.5131182771435355,39,Female,Metro,"kurta set, order tracking, saree, kurta, family pack",5
CUST00690,14,17,630.0,13606.0,0.80809017835756,0.337212081878714,0.7876846411976526,0.1644276899799855,0.047887668822361985,0.5863952510828113,0.70094466897659,33,Female,Tier2,"restock alert, cashback, sale",0
CUST00691,84,5,3360.0,11030.0,0.26793708645271197,0.37138255033668255,0.2937212853647938,0.5468743209414307,0.15940439369377526,0.33784731555476033,0.5506016685284574,41,Female,Tier2,"ethnic wear, festive, wedding collection",5
CUST00692,11,10,1270.0,18198.0,0.3909596869339773,0.2771649060497171,0.6131198090969907,0.20925622555668977,0.17762396534631947,0.8183734304937804,0.4215298193899581,22,Male,Metro,"restock alert, streetwear, oversized fit, curated, cotton",2
CUST00693,73,1,2140.0,3715.0,0.3954703440082091,0.33336638876491,0.19640452402782127,0.7690531570143277,0.034542318957850884,0.3147119517848353,0.42974411571125043,55,Female,Metro,"size medium, kurta set, sherwani, jeans, still deciding",5
CUST00694,10,9,1150.0,14032.0,0.23067740290984753,0.6229252566088687,0.7168593582108969,0.16878181782937363,0.11435882395972956,0.9697848075177183,0.25377080480199277,28,Male,Tier3,"collab, capsule collection, restock alert, made to order",2
CUST00695,87,1,2890.0,2734.0,0.2575009485456162,0.4420461328163356,0.2673456071845605,0.5071539561059208,0.22550043670951866,0.45779416502969994,0.43651594506190317,27,Female,Metro,"sherwani, saree, wedding collection, family pack",5
CUST00696,8,6,1250.0,11484.0,0.41385353442413286,0.22429959481225145,0.7956992795392095,0.1261179267366509,0.07818279372413972,0.90176338818612,0.4179217592922774,20,Male,Metro,"insta finds, trending, oversized fit, t-shirt, new drop",2
CUST00697,73,4,2510.0,23662.0,0.15143924317290347,0.19170817889437622,0.20112325843039797,0.6878461512798089,0.11103059028979316,0.28376915435655553,0.16114575244744023,37,Male,Metro,"exchange, cod available, loyalty points, membership, new arrivals",4
CUST00698,93,1,1630.0,1532.0,0.5276830814364598,0.692973209444312,0.3059472898315306,0.6353332476815274,0.058719462486941924,0.6099470012497574,0.3163710884318588,20,Female,Tier2,"coupon, delivery time, still deciding",3
CUST00699,46,1,1270.0,1698.0,0.3258914576233631,0.8068117678241548,0.44326547615096046,0.2343944595112398,0.3223400643377997,0.7152543388476763,0.4081484467358111,41,Non-binary,Metro,"fit check, reviews, still deciding, wishlist",3
CUST00700,71,1,4970.0,9396.0,0.0028314222094459086,0.3754801300371922,0.06457253639986983,0.6884971176780349,0.24693034592209534,0.23331804891190436,0.1776081024171551,44,Female,Metro,"curated, made to order, capsule collection, exclusive collection",1
CUST00701,45,2,3360.0,16502.0,0.12349070525342236,0.3493453469795292,0.2804958093058659,0.2992385706365015,0.4202656200576326,0.3192193310180661,0.15011743726661006,18,Male,Metro,"kurta, full price, curated, free shipping",1
CUST00702,19,5,740.0,1703.0,0.6302928638801761,0.2519071234904054,0.6515075295077025,0.2477890328069933,0.1007034376853042,0.5395457352047265,0.7034742320458519,18,Female,Tier2,"full price, combo offer, lowest price, flat 50% off",0
CUST00703,13,4,710.0,1743.0,0.6193257235669691,0.3288429807863949,0.6700089466596221,0.2694120355501815,0.06057901779019643,0.49393754173498716,0.6508832229738877,27,Female,Tier2,"unboxing, sale, combo offer, jeans",0
CUST00704,8,6,1140.0,4345.0,0.5618392982836905,0.32262894717007157,0.5119120174006258,0.24806073116335653,0.24002725143601783,0.9447601974367157,0.3635525317621982,28,Female,Metro,"collab, limited stock, oversized fit, sneaker match",2
CUST00705,54,1,3510.0,6455.0,0.19374672860883405,0.3074207150615006,0.08809040295630295,0.6463656120873283,0.2655439849563687,0.32349803148347706,0.06296352330649993,33,Male,Metro,"capsule collection, jeans, drop alert, sneaker match",1
CUST00706,12,11,690.0,17620.0,0.5745020682750798,0.41163078112810497,0.682966491602338,0.2536277081731718,0.06340580022449008,0.4288908265363236,0.6283156573905554,22,Female,Tier3,"free shipping, bogo offer, cashback, exchange, discount",0
CUST00707,47,4,1840.0,21067.0,0.19898273667052618,0.14913630676147865,0.750822209400946,0.15827049957554454,0.09090729102350935,0.3156242453087282,0.24359822018399765,41,Female,Metro,"membership, favorite brand, loyalty points",4
CUST00708,28,3,1650.0,6537.0,0.27780265203401855,0.07739177316207418,0.6256952255185966,0.21218489951362543,0.16211987496777805,0.4188025545817769,0.1734003269489442,50,Male,Metro,"repeat order, favorite brand, restock, my orders, loyalty points",4
CUST00709,47,7,1810.0,24535.0,0.2718145338576881,0.08925596417242522,0.4868445828662291,0.3535984463742773,0.15955697075949354,0.37816859853478296,0.26294491271706394,36,Female,Metro,"usual size, my orders, favorite brand, new arrivals",4
CUST00710,39,1,3550.0,3495.0,0.08384658175129256,0.1817622631958037,0.4376018750037336,0.48772813927745917,0.07466998571880722,0.356848640419166,0.1897261668292978,32,Female,Metro,"exclusive collection, premium fabric, full price, capsule collection",1
CUST00711,45,1,1030.0,2196.0,0.6280416020305591,0.37080553880349254,0.5144074465819071,0.28123801928660613,0.20435453413148685,0.687289152464046,0.5762937407414437,28,Female,Tier3,"first order discount, influencer recommended, new user offer, insta finds",6
CUST00712,66,7,2400.0,28639.0,0.30870005253942645,0.29653622613761393,0.2900168151916424,0.6491170821984152,0.0608661026099423,0.3685632289692368,0.6693804929196782,39,Female,Tier3,"gifting, wishlist, saree",5
CUST00713,9,2,1890.0,7829.0,0.22043415800540958,0.32361748330254286,0.9052505975832811,0.08428047965640895,0.010468922760309942,0.8790127775852562,0.38319756574356506,25,Male,Tier2,"new drop, trending now, welcome offer",2
CUST00714,8,4,1310.0,12239.0,0.4635589864336338,0.38570777409797186,0.29365789078670057,0.3126112158855441,0.39373089332775535,0.8124354899384711,0.205369454401601,24,Male,Tier2,"limited stock, hype, streetwear, oversized fit",2
CUST00715,18,9,670.0,10301.0,0.7165558911033566,0.2785373426052689,0.596196134190079,0.28413218540906515,0.11967168040085588,0.5567567774668457,0.7423871326711565,38,Male,Tier3,"flat 50% off, sale, budget, coupon, clearance",0
CUST00716,19,10,670.0,3606.0,0.6705833246676273,0.30630383898887864,0.7259224147563399,0.20005286505613676,0.07402472018752339,0.5969811614985809,0.47571972651782046,18,Male,Metro,"combo offer, sale, cotton, budget",0
CUST00717,13,10,1620.0,29503.0,0.43386670341355,0.3706280968848204,0.7806552241033345,0.12988157043436885,0.08946320546229647,0.5213347744302718,0.33554863909699034,25,Male,Metro,"oversized fit, free shipping, kurta, bogo offer, limited stock",2
CUST00718,11,14,1500.0,48352.0,0.4111329941731367,0.3004314152185985,0.8197870661128411,0.059682809965443846,0.1205301239217152,0.7521177853687145,0.36331442293749483,20,Male,Tier2,"trending now, drop alert, restock alert, cotton",2
CUST00719,63,2,2100.0,9478.0,0.27996604863264224,0.22308983641502314,0.5682068954108896,0.1136637756028085,0.3181293289863019,0.24812824203869802,0.18998364600890708,22,Male,Metro,"restock, repeat order, t-shirt",4
CUST00720,11,3,1640.0,10458.0,0.4453942754821231,0.17268471956389733,0.5375087810032145,0.43765379636449486,0.02483742263229057,0.8599552229031393,0.20689354926622464,31,Female,Metro,"return policy, limited stock, cotton, oversized fit, trending now",2
CUST00721,87,1,3100.0,5545.0,0.4386056318128341,0.301632693201289,0.43754607939380674,0.3194067612199056,0.24304715938628765,0.3610956427571978,0.3789443963320853,46,Male,Tier2,"jeans, cotton, sherwani, saree",5
CUST00722,30,1,3490.0,8877.0,0.09440371406905436,0.2591756120509821,0.0525720843336667,0.4186163960240658,0.5288115196422676,0.2148682695495072,0.08557783451212027,38,Male,Metro,"premium, premium fabric, order tracking, full price",1
CUST00723,36,6,1470.0,7592.0,0.4628379306624219,0.11148395263736639,0.5910569896459357,0.2759344728565045,0.1330085374975599,0.45206926083513943,0.2786318973016871,31,Female,Tier2,"usual size, limited stock, t-shirt, jeans",4
CUST00724,52,1,910.0,2661.0,0.4486810770496094,0.570723891661479,0.5007140915180291,0.1852058227033534,0.3140800857786175,0.7190306713692955,0.4886626951918618,18,Male,Tier3,"return policy, compare, still deciding, cotton, delivery time",3
CUST00725,64,7,3300.0,38304.0,0.18421365906148054,0.44856581724481137,0.08056566257746722,0.5704719673176775,0.34896237010485526,0.3904080171766868,0.4699009677623698,30,Female,Tier2,"family pack, sherwani, return policy, kurta set",5
CUST00726,31,1,3740.0,7606.0,0.20365018295914974,0.2885336915449019,0.18380870929763843,0.6861288285635123,0.13006246213884928,0.18288015046364456,0.36737129916778916,47,Male,Tier2,"made to order, cotton, designer drop, full price, exchange",1
CUST00727,11,6,1460.0,11617.0,0.33224566606614236,0.3183801123389286,0.9680568926468068,0.02553728512116897,0.00640582223202425,0.8339631171862313,0.31139696267539846,23,Male,Metro,"cod available, trending now, jeans, oversized fit",2
CUST00728,14,5,630.0,6786.0,0.6548535171843533,0.34790156031389635,0.8736877468542934,0.07636747627828118,0.04994477686742527,0.37349516962725665,0.7083461618550625,19,Female,Tier3,"loyalty points, bogo offer, order tracking, order history",0
CUST00729,60,10,2660.0,13198.0,0.17645691296854848,0.4132297983353906,0.1640165538109121,0.7770165021665811,0.0589669440225067,0.42539246465436104,0.5495218255032074,38,Female,Tier2,"trending, gifting, reels",5
CUST00730,10,19,430.0,15044.0,0.9094648929357793,0.22334956021531693,0.5354872613526009,0.20305986380165783,0.2614528748457412,0.7187580448666956,0.671407419073011,22,Female,Tier2,"coupon, sale, lowest price, budget",0
CUST00731,22,4,680.0,6639.0,0.8365362869272834,0.3049201622287703,0.7407281325269851,0.251544865100902,0.007727002372112886,0.35561154534060446,0.7854724352383003,26,Male,Tier3,"combo offer, kurta, clearance",0
CUST00732,22,3,930.0,6580.0,0.7337280805241184,0.4469619554340358,0.45695924407913624,0.4382344043351017,0.10480635158576211,0.4086784190555117,0.5798399240721949,22,Male,Metro,"coupon, collab, combo offer",0
CUST00733,10,7,490.0,7725.0,0.8867274452900127,0.37159490432067926,0.8293829550649932,0.1000119293085337,0.07060511562647306,0.5115944336094245,0.4769358049118665,28,Female,Metro,"sale, flat 50% off, bogo offer, budget",0
CUST00734,89,1,2950.0,2013.0,0.2157165190264771,0.648963652263064,0.37765940639695694,0.4071713269367854,0.21516926666625774,0.2836660203960791,0.36253150997219064,22,Female,Tier2,"size medium, jeans, exchange, saree, diwali sale",5
CUST00735,37,3,4840.0,26762.0,0.04429144186383931,0.25055535436056603,0.28402745914118954,0.5049898373822047,0.21098270347660592,0.2650189636711511,0.048179718270440125,31,Female,Metro,"full price, welcome offer, premium",1
CUST00736,18,15,1690.0,22071.0,0.33179840918706216,0.5392116271767106,0.7204195642514165,0.18232506633352438,0.09725536941505909,0.7571003289489694,0.251114794268456,22,Male,Tier2,"drop alert, kurta, limited stock",2
CUST00737,53,9,3850.0,56765.0,0.07780785169747828,0.11359999277474686,0.09494086486488001,0.45451398189789166,0.4505451532372284,0.1527501766358197,0.12159724122757307,25,Female,Metro,"capsule collection, made to order, curated, premium",1
CUST00738,106,1,3460.0,6623.0,0.2363362781577071,0.26384779270276415,0.38669087166492006,0.20693734679494624,0.4063717815401339,0.15981229928929436,0.5343918569974625,37,Female,Tier2,"family pack, occasion wear, wedding collection, ethnic wear, delivery time",5
CUST00739,14,8,590.0,8117.0,0.8388317945904382,0.36052135708694266,0.5772214342808478,0.2014337296352266,0.2213448360839256,0.5916345399320528,0.5977307445615498,27,Male,Metro,"sale, order tracking, flat 50% off",0
CUST00740,10,5,580.0,6915.0,0.9285301622433878,0.33367825706711074,0.7292442247694132,0.08709631107414721,0.18365946415643952,0.6354124898769615,0.8787955163294112,24,Male,Tier3,"lowest price, t-shirt, kurta set, cashback, combo offer",0
CUST00741,86,1,3390.0,3077.0,0.16121060134121445,0.370006223208218,0.2703636827225043,0.6087984122576965,0.12083790501979927,0.4481245355375311,0.5215304088083415,55,Male,Metro,"jeans, ethnic wear, sherwani",5
CUST00742,78,7,2250.0,30849.0,0.10726330898702319,0.28105884713680196,0.6730754345078201,0.17348967658985415,0.1534348889023259,0.30706720665475395,0.18512909198312502,35,Female,Tier3,"favorite brand, membership, unboxing, repeat order, free shipping",4
CUST00743,42,12,2280.0,30626.0,0.5591302486765518,0.4019934042188623,0.46227535325866026,0.29192949304051286,0.24579515370082677,0.7483014219805705,0.5885788152246495,43,Female,Metro,"gifting, diwali sale, usual size",5
CUST00744,53,5,1560.0,7783.0,0.1642962228023609,0.19967729301618475,0.6282853252434036,0.27734896400046616,0.09436571075613007,0.37625578905287277,0.06200329017516208,36,Male,Tier3,"order history, repeat order, kurta",4
CUST00745,10,11,1420.0,15114.0,0.3609593637856956,0.30146969412002267,0.6105749115583362,0.2352575588707024,0.15416752957096158,0.8082970553005259,0.2704616164874803,18,Female,Metro,"limited stock, trending now, drop alert, restock alert, new drop",2
CUST00746,59,1,2620.0,2915.0,0.07988275716678002,0.2790512645436584,0.13518632251769525,0.6496763513257588,0.21513732615654588,0.45829369503525413,0.6388571097862539,32,Male,Tier2,"diwali sale, gifting, order tracking",5
CUST00747,49,1,1110.0,608.0,0.515884919241721,0.6681319711463429,0.42166388703189606,0.4178308518285281,0.16050526113957575,0.5812500994490226,0.5131270544787921,22,Female,Tier3,"reviews, compare, delivery time, still deciding",3
CUST00748,44,1,910.0,822.0,0.2667959047571521,0.768347421694719,0.031881170724890766,0.6359799069657949,0.3321389223093144,0.5514274470411243,0.5126293752683048,37,Male,Tier2,"size chart, return policy, fit check, cod available, delivery time",3
CUST00749,17,3,660.0,3316.0,0.6496046278205104,0.6611248978928503,0.6068527699620038,0.1362857269274293,0.2568615031105669,0.5734025814346503,0.769225611581725,24,Female,Tier2,"lowest price, discount, free shipping, budget, cashback",0
CUST00750,74,1,2670.0,5218.0,0.2651521711505245,0.44552599554538846,0.13589741138386144,0.3405195985055946,0.5235829901105441,0.45991745976639253,0.5410184397882273,44,Female,Tier3,"ethnic wear, family pack, diwali sale",5
CUST00751,26,1,3320.0,4848.0,0.27259936456525224,0.24866393879868587,0.08209591581250247,0.5090791754505591,0.4088249087369382,0.37776103702390407,0.35271899032302806,29,Female,Metro,"kurta set, exclusive collection, designer drop, premium",1
CUST00752,9,12,1120.0,16148.0,0.26121730114704944,0.32288125030005077,0.6485121181894311,0.1529971370263964,0.1984907447841725,0.78822645169645,0.17375215410378034,27,Female,Metro,"exchange, sneaker match, restock alert, oversized fit",2
CUST00753,7,1,1350.0,2937.0,0.4939880835814677,0.31153958915033003,0.6865639928635657,0.11727836328540342,0.19615764385103088,0.8211025850887289,0.36977270333697826,22,Female,Tier2,"oversized fit, kurta, drop alert, restock alert",2
CUST00754,10,12,1710.0,39289.0,0.2712305334316209,0.27709540209223743,0.6107541407373297,0.156726820715202,0.23251903854746833,0.9032599279783504,0.4132940631392105,27,Female,Tier2,"exchange, hype, collab, trending now, oversized fit",2
CUST00755,42,2,850.0,1800.0,0.5244008574010948,0.5623452598473277,0.10219053978400826,0.7660048467937264,0.13180461342226532,0.7736008470128324,0.22150819090107465,27,Male,Tier2,"size chart, cod available, delivery time, t-shirt",3
CUST00756,17,6,750.0,4660.0,0.7497414956060325,0.31635044860712597,0.5583818897044386,0.43984535447221607,0.0017727558233454797,0.5179707872881418,0.6783520504590225,23,Female,Tier2,"reels, combo offer, lowest price",0
CUST00757,23,4,830.0,9135.0,0.8746828501158366,0.2958764854862975,0.5362501610659778,0.2108035304192035,0.2529463085148187,0.6890781576192653,0.4659416592890281,30,Female,Tier2,"bogo offer, free shipping, lowest price, t-shirt",0
CUST00758,47,9,3470.0,20332.0,0.22809250962901317,0.25265329073452736,0.25548399233308,0.24576362913268196,0.498752378534238,0.13150871275815215,0.08145649060464384,35,Female,Metro,"premium fabric, made to order, limited edition, exclusive collection, capsule collection",1
CUST00759,31,5,2680.0,6898.0,0.09058004914979931,0.2770719158495913,0.2769426190715926,0.668249216408538,0.05480816451986927,0.3917580374632477,0.1633644904147987,38,Male,Metro,"order tracking, repeat order, designer drop, full price",1
CUST00760,26,5,3160.0,45450.0,0.1514893535059076,0.23080432286672348,0.3905994808840013,0.409263287459533,0.2001372316564657,0.4593367097703787,0.18409567147115555,40,Female,Metro,"curated, saree, limited edition, luxury",1
CUST00761,8,12,1110.0,17576.0,0.4509824838585169,0.3401673375345789,0.2629438949575269,0.660863702984044,0.07619240205842916,0.6973486253188316,0.3551604947366178,24,Male,Metro,"drop alert, limited stock, cotton, order tracking",2
CUST00762,73,3,2150.0,2950.0,0.25130726103419926,0.2410895465102072,0.6582578605027027,0.0625773217669755,0.27916481773032176,0.2907019633946755,0.25967364798248255,26,Male,Tier2,"my orders, repeat order, kurta",4
CUST00763,13,4,500.0,3220.0,0.8976252284594437,0.30588434381306373,0.8116176576927557,0.09359161681136048,0.09479072549588383,0.4826327091394307,0.7915631014813144,20,Female,Tier2,"sale, bogo offer, lowest price, discount, my orders",0
CUST00764,14,5,1600.0,8227.0,0.23304829481138464,0.3130009462767063,0.6213171234824352,0.16385756565026688,0.21482531086729784,0.6936455122026113,0.20978279390211607,18,Female,Metro,"hype, trending now, collab, free shipping, limited stock",2
CUST00765,73,1,2650.0,5662.0,0.142153620892543,0.261140201087587,0.5799638989609561,0.3827383683701424,0.03729773266890148,0.41508372867409155,0.39090778338620463,33,Male,Metro,"capsule collection, gifting, kurta, festive",5
CUST00766,53,1,2570.0,4083.0,0.3051617853563973,0.2981600696282418,0.5867200536389673,0.30946344264284864,0.10381650371818413,0.48051102090546755,0.6364866087561565,34,Male,Tier3,"kurta set, ethnic wear, diwali sale, occasion wear, saree",5
CUST00767,82,1,1510.0,2825.0,0.32739731898833246,0.7694781881912348,0.39317726009946485,0.5161941574577782,0.09062858244275693,0.6237217053814285,0.38989085167041887,32,Female,Tier2,"cod available, premium, size chart",3
CUST00768,75,1,1650.0,3150.0,0.557729352589162,0.5376292596055338,0.19171996345085246,0.45240138023554616,0.35587865631360127,0.5132538778303253,0.40534746701974295,18,Male,Tier2,"curated, referral code, free shipping, influencer recommended",6
CUST00769,19,7,680.0,10919.0,0.7970713627315533,0.36299731223127146,0.6741482440935207,0.14580503769327008,0.18004671821320922,0.3943189897926243,0.6655328159596106,21,Female,Tier3,"clearance, flat 50% off, coupon",0
CUST00770,9,7,1300.0,13553.0,0.32380431654631897,0.21487473623788947,0.8431484621115148,0.13778006462922152,0.019071473259263547,0.8810532078659099,0.46162964204252666,23,Male,Tier2,"new drop, free shipping, limited stock, collab, restock alert",2
CUST00771,61,2,2160.0,7160.0,0.519233848895989,0.3688845478040188,0.2437997599960504,0.5877858017192982,0.1684144382846515,0.4047092060256532,0.5457032242123476,29,Female,Tier3,"wedding collection, saree, diwali sale",5
CUST00772,58,1,960.0,1818.0,0.6844631641559962,0.36202064573748555,0.6040957836159021,0.2127172899801318,0.1831869264039661,0.5009718202054474,0.5705832040676434,19,Female,Tier2,"budget, influencer recommended, trending, order tracking",6
CUST00773,12,6,490.0,4296.0,0.7222617024587253,0.2544297653357799,0.7920341681419055,0.15363780653129808,0.05432802532679631,0.5774760634047582,0.870027232236534,18,Male,Tier2,"flat 50% off, coupon, bogo offer, cashback",0
CUST00774,95,1,2770.0,1901.0,0.22530748109660684,0.2547685683768021,0.6104395723192669,0.2878436631028979,0.10171676457783518,0.4457619758533362,0.3835170714374605,28,Female,Tier3,"diwali sale, sherwani, unboxing, gifting",5
CUST00775,85,1,1740.0,2956.0,0.33875804110524405,0.863648097174126,0.7718721684296347,0.1757189197183372,0.052408911852028034,0.5012555293834693,0.42584794731579667,46,Male,Tier2,"delivery time, compare, order tracking",3
CUST00776,16,3,1620.0,11300.0,0.3927701424342089,0.23743465727200683,0.5941206093826532,0.1224920275249231,0.2833873630924237,0.7677903830973517,0.30300043400690774,25,Male,Metro,"sneaker match, limited stock, collab, drop alert, trending now",2
CUST00777,80,3,3390.0,22146.0,0.38970642275009515,0.3665740813990828,0.24175432576816352,0.4160654400778848,0.3421802341539518,0.5622243562659791,0.6733034072606405,40,Male,Tier3,"ethnic wear, gifting, family pack",5
CUST00778,36,6,2750.0,18189.0,0.24249244233254114,0.20819691904501003,0.3965821606600239,0.363928412369706,0.23948942697026995,0.20379256500333165,0.15546260775612936,36,Male,Metro,"made to order, exclusive collection, premium fabric, premium",1
CUST00779,14,13,590.0,18049.0,0.8780474660317312,0.33912624284651427,0.6678052721621289,0.2516022631586525,0.08059246467921866,0.3692174000099584,0.5834372038744673,33,Male,Tier2,"cotton, flat 50% off, lowest price, bogo offer, cashback",0
CUST00780,13,1,1380.0,2496.0,0.27224426658879164,0.3246392868625597,0.6504643919489065,0.11181789186030067,0.23771771619079282,0.8905336387742221,0.3381962948573621,28,Male,Metro,"full price, streetwear, sneaker match, limited stock, t-shirt",2
CUST00781,31,1,910.0,2070.0,0.3813328373622959,0.5607454055922845,0.15237978304705463,0.6560839039865531,0.1915363129663923,0.6991416809580838,0.6193488845545592,29,Male,Tier3,"size guide, cashback, compare, return policy",3
CUST00782,87,1,2930.0,6281.0,0.11460807680870254,0.6374966098717241,0.07346161792591799,0.568005417856842,0.35853296421724,0.36553290816217776,0.5435846927574717,27,Female,Tier3,"family pack, kurta set, cotton",5
CUST00783,51,3,1090.0,3750.0,0.7028902389945799,0.3477836357495672,0.45157497687334797,0.4217225681005136,0.12670245502613844,0.6528275352136478,0.5166989654989522,28,Female,Tier2,"trending, saree, jeans",6
CUST00784,38,4,4240.0,40013.0,0.059148231986748345,0.15896010464617327,0.2492225717329933,0.15067015263964997,0.6001072756273568,0.12766493523048916,0.5537998196088759,36,Male,Tier2,"capsule collection, hype, premium, exclusive collection, premium fabric",1
CUST00785,50,7,1900.0,9566.0,0.35138245290290204,0.04830322650460646,0.4388447388113454,0.3910980758247974,0.1700571853638571,0.36827025229401533,0.21828256558501175,26,Male,Tier3,"ethnic wear, loyalty points, my orders, restock, repeat order",4
CUST00786,15,10,1810.0,28567.0,0.42664576594116616,0.4594400233300459,0.7800170597390199,0.1831672383260039,0.03681570193497614,0.7051308410448398,0.26100224540523165,27,Male,Metro,"oversized fit, sneaker match, new drop, collab, referral code",2
CUST00787,44,1,1970.0,2544.0,0.2599911737077046,0.13357035268035805,0.6040930468157762,0.15506303341004124,0.2408439197741824,0.18872574845039197,0.11456839060336022,37,Female,Tier3,"loyalty points, order tracking, favorite brand, size medium, usual size",4
CUST00788,48,2,1070.0,4528.0,0.44410588468018203,0.7958022690060009,0.3111858983617815,0.28361199316435415,0.40520210847386434,0.6104502980187356,0.302062154895323,36,Female,Tier3,"free shipping, reviews, compare, wishlist, fit check",3
CUST00789,75,7,3030.0,42637.0,0.37214434234435284,0.31003150555471853,0.34421200826394577,0.45189541753562834,0.20389257420042595,0.30843537566905277,0.6300147153705176,39,Female,Metro,"jeans, family pack, festive, size medium, wedding collection",5
CUST00790,32,4,1420.0,6927.0,0.28535151916677026,0.08265679251665144,0.26799564079614563,0.46160258381568475,0.27040177538816956,0.3045672893077811,0.22939017126293182,38,Male,Tier3,"my orders, new arrivals, restock",4
CUST00791,59,1,1220.0,2448.0,0.6500024730029212,0.33766613723923405,0.5830491423102702,0.17618814637919708,0.24076271131053276,0.7970757437109717,0.35875309312905435,21,Female,Tier2,"try first order, size medium, insta finds",6
CUST00792,9,6,1340.0,13732.0,0.32359902676621716,0.3397928610948063,0.9316112372166873,0.03194600424611352,0.03644275853719919,0.6909611190500279,0.45960408588398877,22,Male,Tier2,"cotton, collab, limited stock, new drop",2
CUST00793,61,6,1060.0,4800.0,0.30034527038121467,0.7891709556576179,0.33625075826136025,0.6310595623595531,0.03268967937908665,0.5834964446021842,0.4040173721893417,37,Female,Metro,"fit check, welcome offer, compare",3
CUST00794,47,2,1230.0,3317.0,0.42013082345817937,0.9214055838308224,0.26893377457597933,0.5030463428422148,0.22801988258180592,0.6345970436673302,0.40505452208283454,32,Male,Metro,"size guide, compare, delivery time",3
CUST00795,10,10,1770.0,13778.0,0.42192422346116887,0.21246209969610605,0.9456235854312439,0.03548170513753385,0.018894709431222192,0.7372421930330919,0.22986370432975323,21,Female,Tier2,"t-shirt, made to order, restock alert",2
CUST00796,48,3,2760.0,6973.0,0.27499823155857284,0.17826440577485697,0.18591904147112598,0.41795932402999536,0.39612163449887877,0.39215761041705677,0.40351207572118325,30,Female,Metro,"curated, ethnic wear, festive, designer drop, occasion wear",5
CUST00797,48,1,930.0,2251.0,0.7082434659713843,0.3655214141075988,0.3913076671897553,0.36780034467591144,0.24089198813433332,0.6636185646252455,0.4511112973931516,21,Male,Tier2,"welcome offer, referral code, coupon, insta finds",6
CUST00798,54,2,5040.0,18139.0,0.14392173883083528,0.12035419822715003,0.08651002927477441,0.38023780136865737,0.5332521693565682,0.14606063393227245,0.21931812608566528,26,Female,Metro,"streetwear, luxury, curated",1
CUST00799,48,2,1040.0,4548.0,0.5425589726276789,0.45430384142773733,0.6807489032705492,0.13907727171736758,0.18017382501208323,0.8554031235883403,0.5364630993913411,18,Male,Tier3,"reels, welcome offer, insta finds",6
CUST00800,38,4,1410.0,8325.0,0.1740249113573626,0.06862983190692466,0.14601680538809528,0.7228684844607749,0.1311147101511298,0.3629884380277521,0.2505957873973281,40,Female,Metro,"membership, repeat order, loyalty points, t-shirt, favorite brand",4
CUST00801,13,2,1590.0,3973.0,0.34951502504115334,0.15579885462390647,0.8755759957887472,0.12108458998767842,0.003339414223574511,0.9208679216898019,0.28677849223146124,23,Male,Tier2,"sneaker match, limited stock, restock alert, new drop, streetwear",2
CUST00802,44,1,2250.0,3409.0,0.22619410808621687,0.10135291961993986,0.21030917863909687,0.530019805864605,0.2596710154962983,0.32431749715094077,0.07567612867085455,34,Female,Tier2,"exchange, favorite brand, diwali sale, new arrivals",4
CUST00803,9,11,1170.0,31113.0,0.29900222929220893,0.4130671400237301,0.8707044682191508,0.0611013975554488,0.06819413422540055,0.7526879256221262,0.5227036543682152,29,Female,Tier2,"collab, t-shirt, trending now, new drop",2
CUST00804,12,5,1130.0,7777.0,0.3518051451877405,0.2931020844927895,0.714237332788127,0.2587855529242157,0.026977114287657405,0.8409035315948389,0.5146409447706581,24,Male,Tier3,"limited stock, restock alert, trending now, drop alert, collab",2
CUST00805,72,1,1040.0,915.0,0.392858136092884,0.6275523658912414,0.33886265617545935,0.43627445807462467,0.22486288574991609,0.7020177053909086,0.2733410643368345,44,Female,Metro,"fit check, compare, jeans, size guide",3
CUST00806,12,6,760.0,3779.0,0.8213199825925614,0.34591909047010316,0.369200385758141,0.6139865936494238,0.01681302059243544,0.4186943016877401,0.5690028371080954,24,Male,Tier3,"clearance, cashback, lowest price, kurta",0
CUST00807,10,13,400.0,12064.0,0.7455133467282188,0.4086139325883039,0.43623660276857207,0.35237637436925623,0.21138702286217181,0.7411317233691175,0.7592239029252458,25,Female,Tier3,"lowest price, coupon, discount",0
CUST00808,50,3,1730.0,4106.0,0.3080992369917712,0.14512993557821582,0.25279612737712215,0.40041030493619906,0.3467935676866787,0.25936998721446936,0.28659834341071516,37,Male,Tier2,"favorite brand, usual size, premium fabric, my orders, order history",4
CUST00809,13,10,600.0,6762.0,0.8179957820154986,0.321510727037399,0.7025654863597379,0.16400407869696942,0.1334304349432927,0.6191236648519947,0.6903261524855397,30,Female,Tier2,"jeans, bogo offer, cashback, flat 50% off",0
CUST00810,56,1,1920.0,3369.0,0.22050372776460844,0.3384854628260035,0.20047388961264156,0.46668283283282014,0.3328432775545383,0.6369730580789165,0.2196161401552807,27,Male,Metro,"order tracking, new arrivals, usual size, full price, my orders",4
CUST00811,14,11,640.0,10043.0,0.6685230631205664,0.197177239475417,0.5924005830674817,0.3120524745623422,0.09554694237017619,0.38792215358923154,0.7051673769648195,19,Female,Tier3,"saree, discount, lowest price, order tracking",0
CUST00812,38,3,4320.0,22468.0,0.019743386854602644,0.15955626608071372,0.27239633352309234,0.24604071219105939,0.4815629542858484,0.17988494858280005,0.12525388770619902,24,Female,Metro,"premium fabric, limited edition, luxury",1
CUST00813,10,4,1410.0,13112.0,0.41074595518516016,0.2841780867452416,0.8675508852865569,0.06693956905375835,0.06550954565968466,0.9098511073927849,0.21706163714776397,23,Female,Metro,"drop alert, trending now, sneaker match",2
CUST00814,94,2,1210.0,5282.0,0.42382886176478457,0.39407454710309675,0.4833067518897581,0.18473174133587209,0.33196150677436986,0.5984101869162125,0.5914894465634594,18,Female,Metro,"unboxing, insta finds, kurta, cotton",6
CUST00815,13,2,1630.0,5555.0,0.1876706461472997,0.17324949729346995,0.8209003120420784,0.13973735454152125,0.0393623334164004,0.8158059189514136,0.400549757150282,23,Female,Tier2,"restock alert, new drop, insta finds, hype, trending now",2
CUST00816,14,8,760.0,15845.0,0.7730472029354002,0.3076860505389975,0.5132097056893283,0.48093038449960596,0.005859909811065596,0.6037819904729937,0.8718769039068847,32,Female,Tier2,"clearance, flat 50% off, restock alert",0
CUST00817,43,1,4010.0,3806.0,0.20302938119833497,0.2829761533063881,0.017588670994330827,0.4673521499417326,0.5150591790639366,0.2204106817354177,0.1092835501135709,41,Female,Metro,"made to order, premium, exclusive collection",1
CUST00818,70,10,4270.0,95976.0,0.14950242955080761,0.3219624428993793,0.11105332853655682,0.32550830900217703,0.5634383624612663,0.1868157058979716,0.07893626223776071,37,Female,Tier2,"order tracking, exchange, limited edition, premium, made to order",1
CUST00819,9,11,1200.0,33374.0,0.2962311569790491,0.38463061278461547,0.7786831106287637,0.20201487700353918,0.01930201236769696,0.7324656737507429,0.3748960802042553,20,Female,Metro,"streetwear, limited stock, oversized fit, premium, sneaker match",2
CUST00820,18,13,670.0,13204.0,0.914683289134785,0.4411561825341363,0.7996721333680922,0.13380618377066866,0.06652168286123933,0.5019515598381179,0.6452682767331804,23,Male,Tier2,"clearance, order tracking, exchange",0
CUST00821,6,7,1170.0,5338.0,0.5470091309232613,0.17922089599971755,0.7723115363996609,0.225519250597669,0.0021692130026701013,0.9255438832728792,0.501800429891332,31,Female,Tier3,"occasion wear, collab, new drop",2
CUST00822,72,3,2800.0,13885.0,0.21791689186003863,0.45718303195187104,0.3425736812333557,0.32950272910115014,0.32792358966549434,0.36456903341094093,0.5913013756027241,40,Female,Metro,"kurta set, ethnic wear, saree, diwali sale",5
CUST00823,16,12,490.0,7670.0,0.736845436847249,0.3521183985669723,0.4059675364073502,0.40903359265255745,0.18499887094009237,0.5777136619269401,0.8698943702583859,31,Male,Tier2,"clearance, combo offer, bogo offer, t-shirt, sale",0
CUST00824,16,5,730.0,7036.0,0.7633911605358183,0.40130017990764405,0.5563216084657202,0.17744618579309152,0.2662322057411882,0.5774285210534137,0.6700230498713308,28,Female,Tier2,"combo offer, early access, jeans",0
CUST00825,43,1,2280.0,3881.0,0.2285994537924818,0.42479107024217505,0.31516637509790624,0.5670984953654524,0.11773512953664135,0.4959218319702022,0.26215630814526475,51,Male,Metro,"wedding collection, gifting, sherwani",5
CUST00826,6,1,890.0,675.0,0.4810214136866307,0.45508574587938483,0.6786295449824038,0.22933028910039507,0.09204016591720107,0.9232438194507,0.2896604379892194,21,Female,Tier2,"hype, new drop, streetwear",2
CUST00827,50,1,1080.0,2000.0,0.5604121012032048,0.5971571190878944,0.43595769865510103,0.3134413801701912,0.2506009211747077,0.6268419992744999,0.5277217665799413,22,Female,Tier2,"insta finds, try first order, jeans, influencer recommended",6
CUST00828,59,1,1530.0,2462.0,0.2001985559607009,0.8414079198963266,0.28033629738656324,0.33766751474047113,0.38199618787296574,0.3844835912659965,0.3180606584539173,25,Female,Tier2,"fit check, saree, kurta set, delivery time",3
CUST00829,9,1,1400.0,3932.0,0.49356140718211755,0.2834228873395108,0.6760069566126796,0.2352872715535424,0.08870577183377812,0.7392003450286235,0.3641502111471862,26,Male,Metro,"drop alert, trending now, exchange, collab, free shipping",2
CUST00830,9,30,420.0,20431.0,0.7435276060976214,0.24225497948978492,0.8766067256960024,0.11512450747019183,0.008268766833805782,0.7543297111158737,0.8647824768389377,31,Male,Tier3,"discount, clearance, coupon, lowest price",0
CUST00831,36,3,1380.0,11259.0,0.41585913252638407,0.2006304655691028,0.29632261142175603,0.6528071937101204,0.05087019486812359,0.5352959497909138,0.19439516365579024,18,Male,Tier2,"early access, my orders, order history, repeat order, still deciding",4
CUST00832,14,13,720.0,21155.0,0.7918772457576791,0.33833952681912804,0.8774949988345659,0.023642147129820525,0.09886285403561346,0.5795021194736345,0.4348931819438207,29,Male,Tier3,"sale, clearance, discount",0
CUST00833,71,2,1210.0,3434.0,0.43342619205581917,0.454412426091072,0.1545930388097143,0.507272326404764,0.3381346347855218,0.37604199750918627,0.4711902704286968,26,Female,Tier3,"wishlist, reviews, welcome offer, exchange",3
CUST00834,22,2,3240.0,6923.0,0.22900482944908399,0.08040836570296062,0.16716103031066457,0.48965687228515564,0.3431820974041797,0.3195784908940436,0.32954721563957284,36,Male,Metro,"luxury, curated, saree",1
CUST00835,12,2,1310.0,4643.0,0.2673398985876916,0.26064180136530857,0.7189148503040725,0.12548105728080172,0.1556040924151259,0.7856086032876797,0.24176495895977568,25,Female,Metro,"welcome offer, restock alert, t-shirt, collab, hype",2
CUST00836,58,1,970.0,807.0,0.5228924866977764,0.5460267765378272,0.541643058518651,0.16578653590944026,0.2925704055719086,0.7103380835147397,0.529295362602682,25,Female,Metro,"unboxing, welcome offer, referral code, trending, try first order",6
CUST00837,101,1,1890.0,1003.0,0.14990978329720595,0.794265713629098,0.1868645069748405,0.3409020541462379,0.4722334388789217,0.48034187987417615,0.2292346927907291,18,Male,Tier2,"cod available, fit check, order tracking, still deciding",3
CUST00838,14,11,860.0,14437.0,0.6276477001838836,0.306453368208497,0.4553222847926467,0.5237910197063987,0.020886695500954518,0.5316747455390916,0.5400250682905459,31,Female,Tier2,"discount, sale, cotton, exchange",0
CUST00839,92,1,1480.0,988.0,0.4440022703603025,0.46299444196754014,0.602361085965153,0.3250677989818117,0.07257111505303529,0.7771113915502935,0.6000093053043082,28,Male,Tier3,"insta finds, first order discount, t-shirt",6
CUST00840,54,4,1490.0,4440.0,0.2469235445042594,0.09091716465835457,0.4366648185523272,0.19799163272589046,0.36534354872178243,0.47118034086252714,0.2538890781582447,30,Female,Tier2,"cotton, my orders, capsule collection, new arrivals, order history",4
CUST00841,8,3,1200.0,5294.0,0.40891544263091495,0.18000927082369966,0.5937173021613527,0.09531583389942767,0.3109668639392197,0.675903095279547,0.25543020555758944,28,Male,Tier2,"sneaker match, free shipping, hype, reviews",2
CUST00842,22,9,700.0,4977.0,0.7363354548819817,0.5213185778865671,0.7142556799747606,0.2575383195124128,0.028206000512826672,0.613544914213058,0.6431594666875048,31,Female,Tier3,"combo offer, cashback, coupon, jeans",0
CUST00843,57,7,2390.0,18774.0,0.15149416185648296,0.12338927937221982,0.6412871696024546,0.22936962521156312,0.12934320518598227,0.7131890010108439,0.6621585372041671,39,Female,Metro,"kurta, size medium, sherwani, wedding collection",5
CUST00844,17,9,510.0,7932.0,0.856435739553473,0.27728795062581757,0.555855717829863,0.19580806508406437,0.2483362170860726,0.6653264534848073,0.5424535287484358,30,Female,Tier2,"cotton, coupon, repeat order",0
CUST00845,24,8,3970.0,51980.0,0.13065793061766792,0.3009707227910166,0.2016278236710334,0.7046415176155336,0.09373065871343289,0.15936226350222904,0.09862774080084327,33,Female,Tier2,"premium fabric, designer drop, exclusive collection, luxury",1
CUST00846,26,3,3300.0,14669.0,0.059407194384096015,0.15900085260110264,0.23719057660798679,0.5285200319801445,0.23428939141186864,0.2813678436877866,0.2340156733373388,29,Female,Tier2,"designer drop, curated, full price, premium fabric, luxury",1
CUST00847,68,3,2460.0,14453.0,0.30285860617748284,0.19743977773428537,0.3863437714438978,0.4324949845120215,0.18116124404408063,0.12462776080357646,0.12865060832641997,30,Female,Tier3,"order history, exchange, repeat order",4
CUST00848,7,10,1180.0,20620.0,0.20720814498288137,0.3815022606383187,0.7381433375916826,0.09175903164652459,0.1700976307617928,0.922569704534442,0.5081923559364316,20,Male,Metro,"oversized fit, drop alert, discount, collab, streetwear",2
CUST00849,7,10,1160.0,27675.0,0.45677536873409796,0.32628421053234,0.7681060207765031,0.19059131592639783,0.04130266329709891,0.726844144270527,0.3719281363202974,27,Female,Tier2,"restock alert, hype, sneaker match",2
CUST00850,7,22,1530.0,76125.0,0.49842854366577616,0.2873395729520149,0.8114368735512284,0.18613319834318667,0.002429928105584837,0.9266190160964897,0.3388959790288594,28,Male,Metro,"free shipping, restock alert, oversized fit",2
CUST00851,15,4,800.0,5134.0,0.5452643507452746,0.23515658113579851,0.5361026241687257,0.2643848047757265,0.19951257105554773,0.4778872125501894,0.7967150653398292,22,Female,Tier2,"wedding collection, lowest price, cashback",0
CUST00852,7,26,1170.0,14354.0,0.44469758604722864,0.17974385739840593,0.6933105153314133,0.24883829984483596,0.05785118482375075,0.8473680056763858,0.4247251689023026,20,Male,Tier2,"bogo offer, sneaker match, lowest price, collab, cotton",2
CUST00853,37,11,1510.0,31149.0,0.3723858023695791,0.17198367390934638,0.5595105951092352,0.24438266601278183,0.19610673887798297,0.3815047388946528,0.2507862761176513,35,Female,Tier2,"restock, new arrivals, flat 50% off, early access",4
CUST00854,55,1,1240.0,1999.0,0.32703770214751493,0.5412155908050278,0.45674286734917485,0.4870982187114964,0.056158913939328904,0.46493581135268763,0.4251121669168913,44,Female,Metro,"size guide, still deciding, delivery time",3
CUST00855,39,1,980.0,1388.0,0.45709133099585497,0.6305280998940788,0.5385619321816971,0.26286617355708713,0.19857189426121588,0.568964167795734,0.2719765281618883,25,Female,Metro,"cod available, size medium, reviews, t-shirt, wishlist",3
CUST00856,70,1,1230.0,2874.0,0.6703644476548325,0.43671626131243585,0.3252309620166051,0.6012695732761462,0.07349946470724877,0.6370177887920079,0.530940949603329,18,Male,Metro,"unboxing, influencer recommended, welcome offer, first order discount",6
CUST00857,45,1,3930.0,5666.0,0.0741705655805839,0.39466741633023394,0.19405716296802347,0.4457702828767075,0.360172554155269,0.3390322583018929,0.4757657312033384,25,Male,Tier2,"designer drop, limited edition, luxury, premium, bogo offer",1
CUST00858,51,1,1030.0,1782.0,0.49681501328625133,0.32792034244521306,0.7052783419183559,0.1687344121002295,0.12598724598141453,0.6095343528437476,0.36201737529775574,18,Female,Metro,"free shipping, referral code, welcome offer",6
CUST00859,50,5,2530.0,20453.0,0.4535381044648355,0.3256687633379665,0.5227661728124933,0.42308440051131724,0.05414942667618944,0.3186227766175117,0.172265694019149,30,Male,Metro,"restock, kurta, usual size",4
CUST00860,14,14,610.0,8891.0,0.8051294044387105,0.44598870487408765,0.9531968289115389,0.007895496922515783,0.03890767416594536,0.594253229430428,0.6249809917307403,30,Female,Tier2,"clearance, combo offer, flat 50% off",0
CUST00861,37,2,3740.0,4207.0,0.0787597554833636,0.3925410518149576,0.16852387923753734,0.24534594989916148,0.5861301708633012,0.14705302556805414,0.21115551090509233,29,Male,Metro,"jeans, exclusive collection, premium fabric, premium",1
CUST00862,14,11,750.0,9353.0,0.6637954948400018,0.3231022818283042,0.7367740181510827,0.16249797770690333,0.10072800414201394,0.3113003954626656,0.6318632561440405,18,Male,Tier3,"exchange, lowest price, combo offer",0
CUST00863,6,2,1270.0,2774.0,0.5381304151901648,0.12504335366270544,0.739197224860775,0.10524890758380871,0.1555538675554164,0.9156494512082085,0.3995745034608612,18,Male,Tier2,"limited stock, collab, free shipping, restock alert, drop alert",2
CUST00864,10,11,1810.0,53678.0,0.2582243525623,0.3019111588889787,0.5385913111824954,0.4124822479345656,0.04892644088293908,0.8763764567110521,0.44347468924810335,26,Male,Tier2,"streetwear, sneaker match, free shipping",2
CUST00865,77,1,1350.0,1625.0,0.43224922680797845,0.660940022691989,0.7592084453131192,0.1638993202950435,0.07689223439183733,0.6310963749632522,0.5713323920812441,28,Female,Tier3,"referral code, reels, try first order, cotton",6
CUST00866,51,1,1160.0,994.0,0.8036836569429624,0.46625618645817984,0.2980747064282941,0.20787278668938938,0.49405250688231644,0.8226788752318169,0.49636034400669177,22,Female,Tier2,"try first order, trending, order tracking, reels, referral code",6
CUST00867,48,6,1320.0,11559.0,0.38953696618140277,0.5558893952081895,0.45855711497301743,0.4532635254994261,0.08817935952755647,0.6436487056278279,0.4251246839987094,21,Male,Metro,"fit check, size guide, reviews",3
CUST00868,14,4,550.0,5347.0,0.7247495950133835,0.22247785959574812,0.614813312249991,0.32932337941189355,0.05586330833811544,0.5549508794646892,0.7834174204954101,35,Female,Tier2,"sale, order tracking, clearance",0
CUST00869,14,10,690.0,4105.0,0.7866763967850274,0.3487008893951208,0.6790568013628632,0.2127780637899724,0.10816513484716433,0.5077060015243473,0.800834373855342,23,Female,Tier2,"sale, discount, flat 50% off, budget",0
CUST00870,38,1,1320.0,1158.0,0.16502645243454894,0.13796597843862363,0.6999782316311135,0.19703667412424566,0.10298509424464079,0.33489099613513706,0.39092678808153153,25,Male,Metro,"favorite brand, order history, restock",4
CUST00871,51,2,1410.0,4442.0,0.28550219918988046,0.7631088008702542,0.46636835349532685,0.4040812162600572,0.12955043024461582,0.5384016528094697,0.4044754595675827,19,Male,Tier2,"size guide, compare, reviews, cod available, return policy",3
CUST00872,40,7,1540.0,15411.0,0.38249222496351637,0.1723490332187477,0.13079607953707423,0.4823117253225531,0.3868921951403727,0.36414005661409155,0.22486129504669292,26,Female,Tier2,"my orders, order tracking, favorite brand, early access",4
CUST00873,36,6,2790.0,24314.0,0.048070962596690636,0.05864503551204166,0.19279723581760905,0.6508184821791527,0.15638428200323826,0.38902232172195905,0.21543424480455428,40,Female,Metro,"membership, premium fabric, exclusive collection, limited edition",1
CUST00874,46,10,1960.0,53562.0,0.3710810940650311,0.10713378236571444,0.34289186012715384,0.5532115084713228,0.10389663140152341,0.5768815590648678,0.11053465465908899,26,Female,Metro,"free shipping, order history, favorite brand, loyalty points, jeans",4
CUST00875,46,1,1080.0,2625.0,0.5907083452486708,0.5899492423323536,0.560175876998979,0.39588426170297575,0.04393986129804526,0.6816879430685551,0.2785383540937674,37,Male,Tier3,"sherwani, size chart, order tracking, diwali sale, t-shirt",3
CUST00876,59,1,1330.0,2348.0,0.3849721305540393,0.6450921833770781,0.47839069469584117,0.3795795559701219,0.14202974933403698,0.7456107927488804,0.24705416976306657,40,Male,Metro,"size chart, t-shirt, still deciding",3
CUST00877,35,1,1580.0,3497.0,0.2745798946772688,0.1268834836947835,0.5424124365646913,0.3957545790982726,0.06183298433703599,0.42031358252256745,0.12310372078291998,38,Female,Metro,"my orders, cotton, favorite brand",4
CUST00878,29,2,1960.0,6928.0,0.30745744077866055,0.33114642385984194,0.2991237024847501,0.3865930164811765,0.3142832810340732,0.5199188419227542,0.818650315258736,32,Male,Tier3,"gifting, sherwani, festive",5
CUST00879,8,3,1270.0,9817.0,0.497291125390497,0.32176422278826233,0.8430608231946086,0.08076428330812012,0.07617489349727122,0.9292140130929059,0.5077702138440084,19,Male,Tier3,"size guide, order tracking, limited stock",2
CUST00880,42,6,1540.0,21041.0,0.18248261933592944,0.24985178748541295,0.48682460178558096,0.3378096679451193,0.1753657302692997,0.4124080120500554,0.19624253910390796,41,Female,Tier3,"new arrivals, loyalty points, favorite brand, lowest price",4
CUST00881,6,12,1040.0,28422.0,0.45848561377736285,0.11789809556307344,0.6681164560297608,0.3027735300465105,0.029110013923728747,0.9454858954186245,0.4503418695675408,22,Male,Tier3,"restock alert, sneaker match, size medium",2
CUST00882,57,4,1900.0,17324.0,0.22267317370707962,0.27971863800340957,0.22011362547643581,0.7205140305524158,0.05937234397114846,0.21586131259168487,0.1525407401925417,27,Female,Metro,"repeat order, membership, early access",4
CUST00883,10,6,1280.0,6410.0,0.5521370337722383,0.4615355815773176,0.5958182453169043,0.3763829790662237,0.027798775616872044,0.9334671160004088,0.44646171040588917,20,Male,Metro,"kurta, exchange, limited stock, hype",2
CUST00884,10,7,1420.0,10552.0,0.1948861624802063,0.2952299980219085,0.7454639681979803,0.08068133240724182,0.17385469939477774,0.708383733466119,0.3593150285125137,25,Male,Tier2,"kurta, restock alert, collab, limited stock, trending now",2
CUST00885,45,1,950.0,2075.0,0.4023404681109622,0.8109215402697301,0.1516807553753515,0.48394838952663594,0.3643708550980124,0.6340014839208711,0.2286521312143548,36,Male,Tier2,"return policy, delivery time, still deciding, compare, size guide",3
CUST00886,67,7,3070.0,39469.0,0.09801010646451494,0.22455700205219575,0.2896785760760233,0.5417680850169518,0.168553338907025,0.36473912203731457,0.4898033850950064,32,Female,Tier2,"occasion wear, wishlist, order tracking, kurta set",5
CUST00887,13,4,1840.0,12189.0,0.32012014808979133,0.3005979638745017,0.8178592684300018,0.09498828428308873,0.08715244728690942,0.7885055024309362,0.22925640612297782,23,Male,Tier2,"trending now, streetwear, restock alert",2
CUST00888,9,6,1170.0,8519.0,0.2900915433081011,0.16723014388932725,0.7613316632040817,0.08846915145690439,0.15019918533901386,0.688421625915655,0.5153122750216961,18,Male,Tier3,"trending now, drop alert, hype, oversized fit",2
CUST00889,79,3,1430.0,11081.0,0.7061049945515253,0.25289954323611513,0.22614846894793514,0.37834660303391654,0.39550492801814824,0.7069749908948956,0.5382815847609502,28,Male,Tier2,"first order discount, new user offer, trending, welcome offer",6
CUST00890,14,8,720.0,11998.0,0.796404622824612,0.3840682914806336,0.49760951329771314,0.20616977415983775,0.2962207125424491,0.5164976161067967,0.5715915478509896,27,Male,Tier2,"size medium, free shipping, exchange, lowest price",0
CUST00891,10,2,1670.0,6550.0,0.37678870866390046,0.42275927626133036,0.5345729902868864,0.34695683506026553,0.11847017465284798,0.882710520184081,0.39923381246462913,25,Female,Tier2,"restock alert, drop alert, trending now, limited stock, size medium",2
CUST00892,12,13,440.0,11840.0,0.7401184781231952,0.47419670538535985,0.5462989016159567,0.41796209733426376,0.03573900104977962,0.5399666384237313,0.6329278310989334,40,Female,Metro,"coupon, combo offer, budget, clearance, flat 50% off",0
CUST00893,7,7,1080.0,4299.0,0.4127287095048977,0.27605893853785085,0.5260987037055767,0.0942633778594678,0.3796379184349556,0.9235772240258618,0.31764687557764815,27,Male,Metro,"trending now, welcome offer, jeans, reels, t-shirt",2
CUST00894,13,7,590.0,7733.0,0.6311076542422865,0.2813914272767122,0.5750444657587782,0.3927412745172358,0.03221425972398597,0.6336712988969304,0.7183437343596527,20,Female,Metro,"kurta, coupon, budget, lowest price, discount",0
CUST00895,55,1,1430.0,2011.0,0.2169846164297271,0.7035869736591297,0.29875434087067726,0.10825432470733365,0.592991334421989,0.7137986336493125,0.21685683116348414,21,Male,Tier2,"delivery time, size medium, return policy",3
CUST00896,17,6,860.0,10761.0,0.6768491224465297,0.3008771594801364,0.9290764373106397,0.048683877727668474,0.02223968496169174,0.4708208728614412,0.665590436165761,24,Female,Tier2,"size medium, discount, bogo offer, flat 50% off",0
CUST00897,35,1,3410.0,1704.0,0.009342945001867269,0.08652071451011843,0.2791238600266531,0.5631995871055377,0.15767655286780918,0.29304868266897005,0.1815251043799983,33,Female,Metro,"full price, made to order, exchange, designer drop, premium fabric",1
CUST00898,45,3,3750.0,8346.0,0.09952258769942326,0.14475110768975374,0.17463874565078935,0.3258138671072928,0.49954738724191783,0.41603134827139987,0.08459526192168206,43,Male,Metro,"exclusive collection, free shipping, premium, made to order, limited edition",1
CUST00899,54,7,1700.0,20247.0,0.11859829938334929,0.1502869618001436,0.1841710010645135,0.3444734290458018,0.4713555698896848,0.3195801114806538,0.19809779090569682,34,Male,Metro,"my orders, repeat order, order tracking, early access, restock",4
CUST00900,61,1,1630.0,885.0,0.22041716705389697,0.8388571719592152,0.43677598237045767,0.3914285933098269,0.1717954243197154,0.5525031853847248,0.39397592173236107,39,Male,Metro,"premium, cotton, compare, delivery time, wishlist",3
CUST00901,11,9,1700.0,14970.0,0.3303292680758627,0.32077314224187237,0.8241985619783747,0.09469748418888967,0.08110395383273562,0.8063219126237128,0.369148403180254,20,Male,Tier2,"kurta, collab, coupon, new drop",2
CUST00902,41,7,3520.0,50817.0,0.16840835101517762,0.12722900105700602,0.22950707305284526,0.5465031131469115,0.22398981380024327,0.10037868984828208,0.12344965926780672,37,Male,Metro,"capsule collection, curated, full price, designer drop, exchange",1
CUST00903,80,1,1310.0,2937.0,0.46319157705878505,0.7097053754118969,0.7764006023821554,0.18773025385563058,0.035869143762214145,0.8190916398852287,0.6474030200407224,18,Female,Tier3,"limited stock, welcome offer, try first order, referral code",6
CUST00904,15,3,580.0,3580.0,0.5836997767017421,0.3111696781115957,0.4342876465404673,0.17149250167243554,0.3942198517870972,0.6519242149639998,0.5723077949792761,30,Female,Tier3,"cashback, cotton, clearance, made to order",0
CUST00905,52,1,1160.0,2581.0,0.5846155616837059,0.3622570290729925,0.6308275202880883,0.291321429224662,0.07785105048724983,0.6403319391620632,0.37301106409257634,18,Male,Metro,"insta finds, order tracking, kurta set, sherwani",6
CUST00906,8,8,1410.0,10205.0,0.29131450425192523,0.2797873686061069,0.7642502421822063,0.22311212133807556,0.012637636479718141,0.8741294948889947,0.46438291888933053,32,Male,Metro,"restock alert, streetwear, cashback, size medium, hype",2
CUST00907,68,1,1160.0,1724.0,0.28164605492306394,0.6536600326831689,0.39071084586143456,0.5629975619185438,0.046291592220021806,0.6262923834024017,0.3975391376392712,37,Female,Tier3,"gifting, free shipping, cod available, size guide, jeans",3
CUST00908,11,5,1220.0,6452.0,0.19993394709208948,0.2068945401963399,0.6339327638662264,0.3416484691062005,0.024418767027573115,0.8263405713304807,0.3458808660532874,22,Female,Tier2,"limited stock, hype, restock alert, new arrivals, sneaker match",2
CUST00909,44,6,1990.0,7393.0,0.39880045968863875,0.09966686224907505,0.32459736184043336,0.5657810264706804,0.1096216116888863,0.29511689583087564,0.26676472935827045,30,Female,Metro,"early access, membership, loyalty points, repeat order",4
CUST00910,47,1,1040.0,1988.0,0.5116247484097546,0.5972796288176105,0.5463889126549135,0.2528427033612481,0.2007683839838383,0.668953655155955,0.48713282692680526,40,Male,Metro,"t-shirt, kurta, cod available",3
CUST00911,10,9,490.0,11467.0,0.8486140926733168,0.1842599174796587,0.6192848054000378,0.12149169898111008,0.2592234956188521,0.6028954678284154,0.6276061395803242,26,Female,Tier3,"clearance, combo offer, cashback, budget, designer drop",0
CUST00912,11,5,1470.0,16712.0,0.3682607026176825,0.2169207407506234,0.4585575594603122,0.35619658053542175,0.18524586000426607,0.8451947548525622,0.14871326363982829,30,Female,Metro,"restock alert, drop alert, size chart",2
CUST00913,44,1,1190.0,3072.0,0.6257041896508715,0.4431892966543613,0.8338738894175655,0.08700968827414018,0.07911642230829426,0.6895504112856238,0.747672793287275,22,Female,Metro,"insta finds, try first order, referral code, order tracking",6
CUST00914,48,1,1260.0,2247.0,0.39788076243681,0.5255918912977283,0.5607403560904917,0.28713338252176096,0.15212626138774732,0.8339217326453214,0.5662012496213907,18,Female,Tier2,"insta finds, jeans, trending, unboxing",6
CUST00915,50,2,5610.0,26522.0,0.021671795422264998,0.07983578098810927,0.35208422051591454,0.4398859452813306,0.20802983420275484,0.2979855572706974,0.03827271237541226,31,Male,Metro,"made to order, restock, favorite brand, designer drop",1
CUST00916,34,1,1420.0,916.0,0.25615861932271905,0.3129823265653444,0.29710646901264437,0.44951273333458414,0.2533807976527714,0.33136825492749317,0.13976429766055695,42,Female,Tier3,"early access, restock, favorite brand",4
CUST00917,56,10,2300.0,39871.0,0.06168831214899828,0.24871673697110755,0.4108732279836799,0.11770856076697889,0.4714182112493412,0.34361045958628933,0.16871406617849116,18,Female,Tier2,"membership, size medium, trending, cotton, loyalty points",4
CUST00918,10,3,1340.0,2866.0,0.2006673397288008,0.16257454064984436,0.5693737092771252,0.16770015658984744,0.26292613413302723,0.6974892702941041,0.3982932298976176,20,Female,Tier2,"hype, limited stock, sneaker match, oversized fit",2
CUST00919,60,1,1150.0,2319.0,0.41401554398701174,0.5705914479577195,0.3644247075665484,0.4929264134467591,0.14264887898669265,0.7551243807857423,0.4127518287086042,22,Male,Tier3,"referral code, new user offer, try first order, welcome offer",6
CUST00920,64,5,1390.0,14682.0,0.30219249628569045,0.7926361646520887,0.3889817818551387,0.15240506916396007,0.4586131489809013,0.4348250054263872,0.37468067590902876,30,Female,Tier2,"full price, fit check, still deciding",3
CUST00921,26,1,3450.0,5339.0,0.10329169649182353,0.1330057961594494,0.22878630562958538,0.37029983169883174,0.4009138626715829,0.14172818395683745,0.2889004947494932,49,Male,Tier2,"luxury, cotton, full price, curated, capsule collection",1
CUST00922,41,1,1870.0,4313.0,0.4961219784076238,0.25486479715443405,0.26590650454749004,0.3209602529837932,0.4131332424687167,0.48872153641816024,0.6109639438114125,43,Female,Tier2,"my orders, ethnic wear, cotton, diwali sale, kurta",5
CUST00923,51,6,1520.0,18480.0,0.29526291931384846,0.10863256381615896,0.37473107052365157,0.41049817284829315,0.2147707566280554,0.38821785017218985,0.2382559687169478,43,Female,Tier3,"membership, new arrivals, streetwear",4
CUST00924,56,1,2610.0,3121.0,0.5774193329455581,0.38691253973718187,0.37048315637396967,0.6054659951859137,0.024050848440116717,0.5260870302044328,0.33334143049340514,33,Male,Metro,"family pack, wedding collection, kurta set, ethnic wear",5
CUST00925,51,10,2070.0,44612.0,0.2957486212802122,0.19992360695272032,0.433291126527638,0.31421012711712565,0.2524987463552364,0.3734349016839389,0.6062471675447704,23,Male,Tier2,"family pack, ethnic wear, saree",5
CUST00926,8,3,1360.0,5684.0,0.47777686712802114,0.2584165542236936,0.7499511271585957,0.2251787467573088,0.0248701260840954,0.5282669932704882,0.3006085852784164,24,Male,Tier2,"restock alert, unboxing, drop alert",2
CUST00927,14,9,480.0,8837.0,0.8020375686703185,0.4791139923877997,0.8419092228566533,0.11506645997710432,0.043024317166242346,0.5771559898592853,0.5693266608014306,18,Female,Metro,"clearance, discount, sale, lowest price, flat 50% off",0
CUST00928,40,1,2870.0,4512.0,0.03524147618667938,0.18394096286925693,0.1629220768242144,0.47116793029045817,0.3659099928853274,0.2716285427099807,0.22608327009755494,35,Non-binary,Metro,"luxury, capsule collection, limited edition, premium, made to order",1
CUST00929,82,1,3300.0,8540.0,0.3060540416891433,0.37923396087874367,0.1539308899513219,0.4724921436288971,0.37357696641978105,0.5138338385422732,0.5932348877498687,40,Male,Metro,"sherwani, ethnic wear, wedding collection, festive, family pack",5
CUST00930,52,5,2040.0,6172.0,0.21092037093695107,0.19420703002187367,0.5247362888025034,0.2330254593660946,0.24223825183140196,0.3708994694568404,0.14891249254163774,38,Male,Tier2,"favorite brand, order tracking, loyalty points",4
CUST00931,57,1,1510.0,3219.0,0.28631875580147575,0.2734529468672679,0.38593221646537007,0.38613710945021473,0.22793067408441514,0.7199214277907877,0.31456487230145036,23,Male,Tier3,"cotton, reels, insta finds, referral code, try first order",6
CUST00932,61,2,1030.0,2791.0,0.48124687156155704,0.6408671962529693,0.35050921952259767,0.5547714472923158,0.09471933318508642,0.6058527948825944,0.42479586958782434,29,Female,Metro,"exchange, still deciding, reviews",3
CUST00933,38,1,1540.0,791.0,0.2139439882631526,0.035905161370935613,0.38271069002930314,0.41865119945183066,0.1986381105188662,0.6015610359737379,0.27650940483878483,32,Female,Tier3,"new arrivals, loyalty points, early access, usual size",4
CUST00934,15,3,590.0,3765.0,0.8512456915008817,0.09878877735545664,0.6577474093434063,0.16706221232408014,0.1751903783325135,0.6756623134230505,0.7914846985755628,32,Male,Tier2,"flat 50% off, bogo offer, budget, limited edition, lowest price",0
CUST00935,61,2,940.0,3611.0,0.6440587076053121,0.5229053663423688,0.6137343741374143,0.10830015777092983,0.2779654680916559,0.6285465987656103,0.573079364017017,18,Male,Metro,"influencer recommended, cashback, reels, kurta",6
CUST00936,24,1,2820.0,2248.0,0.08443735794108073,0.1608056255953152,0.23954935757565082,0.6148371321197094,0.14561351030463987,0.16101306649561375,0.2878771275185798,33,Male,Metro,"premium fabric, curated, limited edition",1
CUST00937,18,10,730.0,18573.0,0.6208961083515384,0.2349861889676172,0.8148997351273345,0.06353988525105954,0.12156037962160583,0.37092885617069016,0.709383044033863,18,Female,Tier3,"bogo offer, new user offer, flat 50% off",0
CUST00938,10,1,1540.0,2448.0,0.14101984691891298,0.20976198625192338,0.8248354779170183,0.14332626605868637,0.03183825602429525,0.6974010265573022,0.36329934632999983,19,Male,Tier3,"jeans, new drop, hype, drop alert, exclusive collection",2
CUST00939,9,5,1440.0,14125.0,0.3899107835193141,0.3976111157241368,0.81680096836025,0.17902485257422804,0.004174179065522071,0.6876435935131626,0.14252585436583445,28,Male,Tier2,"new drop, sneaker match, streetwear, collab, drop alert",2
CUST00940,19,7,700.0,7352.0,0.614714835713563,0.2986007878745261,0.642309820520065,0.10027970583877234,0.2574104736411625,0.5091702299882891,0.7817707806064029,21,Female,Metro,"bogo offer, clearance, combo offer, free shipping, budget",0
CUST00941,73,2,2980.0,6315.0,0.48297732722146086,0.2537685871640752,0.29145197906999704,0.6290203942608805,0.07952762666912236,0.44498129572388606,0.32862179344354403,40,Female,Tier3,"sherwani, family pack, t-shirt, kurta set, exchange",5
CUST00942,76,7,3720.0,46638.0,0.2049272577729773,0.39476262825739306,0.48572228181789107,0.3587962084467221,0.15548150973538677,0.4334983959756701,0.47442354135126913,29,Female,Tier2,"wedding collection, sherwani, occasion wear, ethnic wear, kurta set",5
CUST00943,11,6,1260.0,4053.0,0.48964295475718633,0.32836554447837274,0.7066382260900919,0.18672555894853682,0.10663621496137135,0.8273812571328509,0.4004867149969304,20,Male,Tier2,"streetwear, size medium, trending now, limited stock",2
CUST00944,51,1,970.0,1985.0,0.5393247569239877,0.9082202112887041,0.49612012222808527,0.11857322938579158,0.3853066483861233,0.6783891204426387,0.25714818514777277,30,Female,Tier2,"order tracking, size guide, cod available, fit check",3
CUST00945,34,8,1880.0,25092.0,0.2137128163564613,0.036814987872365694,0.33306893579472224,0.6318614352149668,0.03506962899031086,0.4479911992420006,0.25752368268753856,32,Female,Tier3,"order history, my orders, jeans, restock, repeat order",4
CUST00946,44,15,1680.0,34573.0,0.19647243609240617,0.1604753212864908,0.6062456953510914,0.18987133685474528,0.20388296779416346,0.43338567314873894,0.2583896899536271,45,Female,Tier3,"loyalty points, early access, my orders",4
CUST00947,87,2,2370.0,8090.0,0.2554445772904839,0.15356225395562342,0.4899726771096916,0.41010109084515545,0.09992623204515291,0.37940337589020995,0.1477845105777677,26,Female,Tier2,"usual size, membership, loyalty points, kurta, order history",4
CUST00948,70,2,1180.0,2180.0,0.19472809667308996,0.7763511170588483,0.3899059632275819,0.3851801431943427,0.22491389357807548,0.5826389489835956,0.33811617859888327,36,Female,Metro,"size chart, cod available, still deciding, kurta, size guide",3
CUST00949,16,10,720.0,18121.0,0.7215569974501376,0.36452215063927573,0.6085560773165029,0.0663404439115995,0.3251034787718977,0.40649573547131396,0.6149808612800937,33,Female,Tier2,"bogo offer, discount, t-shirt",0
CUST00950,49,1,1060.0,1264.0,0.5702496116172857,0.42337414105099475,0.4276348057183281,0.396601549800404,0.1757636444812678,0.6541673416260141,0.6406011424739255,32,Male,Metro,"first order discount, new user offer, try first order",6
CUST00951,45,2,2430.0,11540.0,0.20073284378006337,0.2850277250391989,0.2296103496941984,0.5046309677283838,0.26575868257741775,0.5879921171603038,0.32775936744307127,36,Female,Metro,"family pack, cotton, gifting, trending now, order tracking",5
CUST00952,11,16,480.0,9565.0,0.7301374485818273,0.3416169937591646,0.7570372383311599,0.2019243399284629,0.04103842174037721,0.7101155521898526,0.6356813504042184,24,Non-binary,Tier2,"reels, t-shirt, cashback, sale, budget",0
CUST00953,55,10,1850.0,34066.0,0.36503442926830054,0.1403374999318388,0.3587387121692774,0.2844064966211954,0.35685479120952723,0.3062159617051262,0.34373219521750464,41,Male,Metro,"early access, free shipping, usual size",4
CUST00954,15,4,720.0,3284.0,0.7723736738322616,0.36712056005471555,0.8641228010031247,0.1269970292863959,0.00888016971047941,0.6133833377874156,0.6657046839667091,18,Non-binary,Tier3,"cashback, bogo offer, reviews, lowest price, budget",0
CUST00955,8,7,1680.0,28420.0,0.21411535946610297,0.47687498970344644,0.756786128320135,0.1518216941225989,0.0913921775572661,0.7898078147190658,0.4505468995730069,18,Female,Tier3,"sneaker match, new drop, trending now",2
CUST00956,92,5,3210.0,18069.0,0.15547731897619313,0.21423247508274026,0.7564179554829749,0.22384474957473116,0.019737294942294082,0.42332454159382277,0.5735432996397778,41,Female,Tier2,"occasion wear, saree, free shipping",5
CUST00957,57,1,2770.0,5967.0,0.2746354354880503,0.1787654328498255,0.4793669539128888,0.4247243011834158,0.09590874490369537,0.3697007804216911,0.6056367893475589,44,Female,Metro,"jeans, gifting, sherwani, saree, kurta set",5
CUST00958,10,4,1980.0,6609.0,0.272225361714791,0.29226952286976915,0.419511828684005,0.40533432717509926,0.17515384414089566,0.6680677215527933,0.36772557807263206,21,Female,Metro,"cod available, sneaker match, t-shirt, trending now, size medium",2
CUST00959,8,6,1290.0,14029.0,0.5145587233109423,0.5187993480160754,0.6661632503495284,0.19503229190912294,0.1388044577413486,0.7389791875984961,0.2159523139725906,28,Female,Metro,"restock alert, occasion wear, sneaker match",2
CUST00960,27,2,1050.0,4010.0,0.6087464859782018,0.46581232413705187,0.21740229967479227,0.7641177768271954,0.018479923498012554,0.6188094456437785,0.706826022015954,34,Female,Tier2,"reviews, size chart, kurta",3
CUST00961,52,3,980.0,6592.0,0.5465368374145153,0.6773860672447672,0.08939019016552852,0.5431930818150872,0.36741672801938424,0.6530859020349944,0.5873738230030996,25,Male,Metro,"fit check, size chart, still deciding, flat 50% off",3
CUST00962,6,7,1210.0,19605.0,0.35692824558817726,0.2556644564375058,0.5789661691785891,0.22101852100289313,0.20001530981851764,0.795313125612444,0.276757153253709,27,Female,Metro,"streetwear, sneaker match, cotton, hype",2
CUST00963,52,10,1710.0,25621.0,0.12418820828983704,0.20034787056265346,0.42645653568447267,0.37654531401959845,0.19699815029592885,0.12003519538961255,0.2778803472896093,38,Female,Tier3,"drop alert, new arrivals, order history, exchange, streetwear",4
CUST00964,77,4,2730.0,26640.0,0.2409011172235019,0.34929529059538933,0.2842837802819112,0.4761361300356618,0.23958008968242714,0.2816630920865848,0.4434258425370175,39,Female,Tier2,"festive, ethnic wear, compare, occasion wear, kurta set",5
CUST00965,48,2,1410.0,7065.0,0.1953081941830557,0.12353502265146148,0.6644543958038317,0.249079425098636,0.08646617909753232,0.3487431342202781,0.16649219518937738,41,Male,Metro,"usual size, size chart, my orders",4
CUST00966,38,1,1030.0,886.0,0.261198764057893,0.4747877150790008,0.4680486938972681,0.4514890412825607,0.08046226482017137,0.6200858734499586,0.356310288363917,30,Male,Tier3,"cod available, wishlist, reviews",3
CUST00967,14,7,1920.0,27098.0,0.27436250627713005,0.3455409120555718,0.8521798574410399,0.12493626318676451,0.022883879372195597,0.8649671683331598,0.2734272309658615,21,Male,Tier2,"limited stock, trending now, restock alert",2
CUST00968,63,3,2600.0,17829.0,0.32515525332271233,0.3436923334619561,0.6050526702611808,0.3217396161790652,0.07320771355975392,0.431936236611799,0.45258169771864304,39,Female,Tier2,"bogo offer, coupon, t-shirt, sherwani",5
CUST00969,46,2,5070.0,25418.0,0.10036805808539424,0.346405948513509,0.17818731745483188,0.6259824568033309,0.1958302257418373,0.1291154165103621,0.053397222268689495,51,Male,Metro,"full price, order tracking, luxury, exclusive collection, designer drop",1
CUST00970,68,1,1160.0,1789.0,0.3676470294071491,0.7760334603321882,0.5262273366566281,0.33413744773332016,0.1396352156100517,0.6889216968851183,0.2673893300106488,18,Female,Tier3,"new drop, size chart, reviews, delivery time, return policy",3
CUST00971,16,22,830.0,8248.0,0.6413255535754134,0.38398597835144005,0.8893706141145208,0.10831513939557603,0.0023142464899032615,0.35433629646651765,0.5404949977752482,26,Male,Tier3,"bogo offer, budget, free shipping, coupon, cashback",0
CUST00972,90,1,2000.0,3386.0,0.25291836431298975,0.6534373431582613,0.5136614227772069,0.43223817568798456,0.0541004015348084,0.5155821040897919,0.2983967575627243,29,Female,Tier2,"still deciding, exchange, delivery time, size chart, size guide",3
CUST00973,59,1,1240.0,2154.0,0.26426336024821845,0.6983972841257674,0.3915068095307861,0.3587178006126418,0.24977538985657202,0.3889539018267171,0.4133453527765447,36,Male,Metro,"wishlist, cod available, return policy, fit check, size chart",3
CUST00974,16,4,1260.0,7927.0,0.3299394145954636,0.4139007444074719,0.5601555007731774,0.33953666648073866,0.10030783274608396,0.8358236822620069,0.42006846897562083,18,Male,Metro,"drop alert, restock alert, trending now",2
CUST00975,19,10,730.0,12520.0,0.6837442693277613,0.28669304472346013,0.737003269566939,0.15174260020132457,0.11125413023173644,0.557783088327154,0.4921034045970161,18,Female,Tier2,"free shipping, bogo offer, coupon, cashback",0
CUST00976,60,1,2010.0,2734.0,0.40239818186279047,0.24917383559357512,0.28982552106409193,0.5237905859844209,0.1863838929514872,0.5438019830567288,0.5401426634895587,36,Female,Metro,"gifting, sherwani, kurta set, occasion wear, favorite brand",5
CUST00977,52,1,940.0,2043.0,0.4823483335552977,0.656879396239022,0.3412851583620981,0.5695330523670762,0.08918178927082578,0.7349813334412423,0.2880512166470227,27,Male,Metro,"fit check, reviews, return policy, size medium",3
CUST00978,55,5,1910.0,11162.0,0.1901397701260863,0.16672266949145825,0.4475125447000978,0.3827457142835105,0.16974174101639175,0.2553967361554006,0.13411846859793433,29,Male,Tier2,"membership, first order discount, usual size",4
CUST00979,9,15,950.0,31252.0,0.5304811701128985,0.3220450469396586,0.7925293729646034,0.05778600473136149,0.14968462230403523,0.8673405645167375,0.34284499585450234,22,Male,Tier2,"order tracking, sneaker match, drop alert, hype, new drop",2
CUST00980,59,1,1100.0,2084.0,0.42179900011654253,0.5836559300974741,0.2628596012067509,0.4677556662526142,0.26938473254063505,0.6570894737326132,0.809415008027461,28,Male,Metro,"unboxing, first order discount, festive",6
CUST00981,16,2,2090.0,4050.0,0.38425729783963414,0.4294805835608744,0.8788386916199207,0.03773093259491534,0.08343037578516385,0.8013159865661104,0.21666381298807819,31,Male,Metro,"new drop, collab, hype",2
CUST00982,14,1,1030.0,1018.0,0.8074837281961207,0.34820955288072036,0.6919325179422465,0.20149886008593043,0.10656862197182303,0.37388910999915737,0.5843038748777636,18,Female,Tier3,"flat 50% off, lowest price, kurta, sale",0
CUST00983,72,2,3250.0,14747.0,0.33671333148682686,0.31535874837989025,0.6001842412936318,0.2366822190145111,0.16313353969185715,0.514602344012428,0.3970342913696535,31,Male,Metro,"sherwani, wedding collection, diwali sale",5
CUST00984,13,13,700.0,13484.0,0.7591211702118474,0.2805323195468379,0.7482773757873332,0.060993411167801485,0.19072921304486523,0.43502144843595,0.7511530467479257,27,Male,Metro,"clearance, coupon, discount, lowest price",0
CUST00985,36,6,1740.0,28414.0,0.36674326538872315,0.04903627568966206,0.4485092564484034,0.2100660696421383,0.34142467390945813,0.5047265015755052,0.35441189993119493,39,Non-binary,Tier2,"restock, order history, cotton, repeat order, membership",4
CUST00986,57,1,1060.0,1682.0,0.6162393027436437,0.36666500992452966,0.5961158571224103,0.24801400744134303,0.1558701354362466,0.7697259430107394,0.48897534297364753,22,Female,Tier2,"try first order, referral code, new user offer, order tracking, still deciding",6
CUST00987,85,1,1480.0,1136.0,0.3568017132071453,0.6005640695640385,0.35786259826565203,0.26820782237730323,0.37392957935704463,0.5820478175936945,0.3381149751491033,20,Male,Metro,"cotton, insta finds, influencer recommended",6
CUST00988,60,1,2580.0,6390.0,0.40681582914191733,0.3365018298873107,0.4164814094741859,0.47252705212427737,0.11099153840153675,0.4131295098846864,0.4056711613831731,43,Female,Tier3,"saree, family pack, free shipping, occasion wear",5
CUST00989,66,2,1120.0,3483.0,0.46405943560230306,0.3744484049429256,0.7059036742140421,0.1478598478502319,0.14623647793572594,0.6507052053691353,0.6036223436871104,23,Male,Tier3,"oversized fit, streetwear, size medium",6
CUST00990,13,14,1810.0,35178.0,0.4415331419701512,0.346379639489079,0.4802373558452814,0.3590896624386981,0.1606729817160206,0.8767775269057112,0.28797571812555667,26,Male,Tier3,"sneaker match, restock alert, new drop",2
CUST00991,42,3,1780.0,7700.0,0.2984857918585196,0.12528702632501287,0.7114625965243373,0.09682462243303303,0.1917127810426296,0.4235873124793317,0.2389157127319681,28,Male,Tier3,"new arrivals, usual size, repeat order, early access, restock",4
CUST00992,55,1,1150.0,2717.0,0.41474322347826914,0.6568197087873087,0.03304919294339838,0.2751116658415822,0.6918391412150194,0.5659193989010581,0.3324518801559771,35,Female,Tier2,"restock, still deciding, fit check, delivery time",3
CUST00993,48,1,2350.0,2551.0,0.43816839753354025,0.27890598509206715,0.41970758829603216,0.49836150866760676,0.08193090303636102,0.47001739173237084,0.437230912119559,35,Female,Tier2,"diwali sale, family pack, compare",5
CUST00994,47,5,1530.0,17177.0,0.1643340013515171,0.14325435548397739,0.5553253375920064,0.20582095565700004,0.2388537067509936,0.53976561938835,0.19051832222907142,31,Female,Tier2,"restock, exclusive collection, premium, early access, membership",4
CUST00995,51,1,1010.0,689.0,0.4705697051737438,0.5523459646189812,0.6340490031013657,0.1703241046356769,0.19562689226295732,0.8223380490413972,0.410716386523286,20,Female,Tier2,"reels, order tracking, jeans, lowest price, trending",6
CUST00996,18,5,1540.0,7176.0,0.3373807795999085,0.30044248397263873,0.8350624692717132,0.12192031849450657,0.043017212233780106,0.6392679810300192,0.18876663322839363,28,Female,Tier3,"collab, drop alert, oversized fit, curated, sneaker match",2
CUST00997,10,6,1170.0,6746.0,0.4176741632192584,0.2827315355610944,0.5423858846768985,0.2852689768646299,0.17234513845847166,0.798622435696128,0.22085364497093884,25,Male,Tier2,"t-shirt, size chart, jeans",2
CUST00998,35,3,1430.0,3550.0,0.38602170557570786,0.06860527680269381,0.46026447792929365,0.18304708963003216,0.35668843244067416,0.5915935646817424,0.329563460035431,22,Male,Metro,"trending, loyalty points, insta finds, favorite brand, membership",4
CUST00999,52,1,1220.0,2336.0,0.6454171165670753,0.6293777655493795,0.42246382199750243,0.29633077094015203,0.2812054070623457,0.7408727547992193,0.4797841405426973,21,Female,Tier2,"try first order, influencer recommended, reels, insta finds, trending",6
CUST01000,11,16,1080.0,18453.0,0.3754739483757554,0.2185087456288416,0.7804924618923924,0.13032930874373,0.08917822936387744,0.8656093084241501,0.4204950716689343,21,Female,Metro,"restock alert, hype, order tracking, drop alert, collab",2
CUST01001,13,9,790.0,4213.0,0.8438557058617139,0.3650725771565302,0.7928499812548742,0.16861718075431617,0.03853283799080971,0.42144859186032185,0.8033179969561257,25,Female,Tier2,"coupon, clearance, order tracking, combo offer",0
CUST01002,12,4,1710.0,17409.0,0.29058931973303015,0.3041229756671316,0.765095421728408,0.11843256343450881,0.11647201483708317,0.6043947624683745,0.3033043044461165,18,Male,Metro,"drop alert, collab, sneaker match",2
CUST01003,61,3,1730.0,9863.0,0.14826994395850315,0.1163581261589842,0.25519034448055455,0.6884153560229022,0.056394299496543364,0.17517569486404957,0.27873662239400554,29,Non-binary,Tier3,"repeat order, order history, insta finds",4
CUST01004,45,3,2100.0,13161.0,0.46416908471083074,0.25550395793571706,0.43824804492103836,0.47636932228576856,0.08538263279319314,0.47367105106937857,0.6432679394446134,50,Female,Tier2,"gifting, my orders, loyalty points",5
CUST01005,50,2,840.0,1486.0,0.7432789617207934,0.5103214894808462,0.7230869810593716,0.20906212949253555,0.06785088944809295,0.8497369078688499,0.7708537228979828,20,Male,Metro,"first order discount, discount, referral code",6
CUST01006,11,1,1340.0,2803.0,0.2468094181287423,0.1757018670269596,0.8567285805784327,0.12594609072972063,0.01732532869184659,0.8696535867717554,0.47635385703402877,24,Male,Tier2,"jeans, full price, sneaker match, t-shirt",2
CUST01007,17,5,510.0,2942.0,0.692757137718292,0.46757402583585794,0.7555019957340405,0.2276910294000624,0.016806974865897068,0.5646177546018982,0.80615228021458,22,Male,Tier3,"coupon, jeans, delivery time, combo offer",0
CUST01008,61,1,1290.0,1891.0,0.557737477644975,0.5099023049348209,0.6862845996084183,0.10684240667195921,0.20687299371962262,0.8090199246897578,0.4962666129648291,24,Female,Tier2,"exchange, unboxing, new drop, reels, new user offer",6
CUST01009,18,6,530.0,5937.0,0.7705696147306377,0.3281768767918471,0.6634789969083893,0.25235454529108176,0.08416645780052905,0.5178295447820467,0.7322163376105608,25,Female,Tier3,"bogo offer, flat 50% off, clearance, lowest price, order tracking",0
CUST01010,29,3,2900.0,12035.0,0.040747334049881574,0.17647850213258148,0.22829786142441597,0.45231956265809536,0.31938257591748864,0.26000671206261594,0.1415013379671517,21,Female,Tier2,"premium fabric, exclusive collection, made to order",1
CUST01011,59,1,1160.0,1934.0,0.61564751458199,0.65123316196182,0.39161308184440763,0.4119183161029676,0.1964686020526248,0.7705394866859206,0.5331523045777251,28,Female,Metro,"unboxing, first order discount, insta finds",6
CUST01012,42,1,1970.0,4646.0,0.2639744452095184,0.04441766323902883,0.26893806524895836,0.5661563656731399,0.1649055690779019,0.37411861406798264,0.1565903378168366,35,Male,Metro,"family pack, restock, my orders, usual size, order tracking",4
CUST01013,45,4,2190.0,19403.0,0.0642640870446162,0.1217434493194856,0.28064732501665846,0.3637336704854964,0.3556190044978451,0.26592962408178983,0.20555633120003036,32,Male,Tier2,"favorite brand, kurta, t-shirt, early access, order history",4
CUST01014,54,1,1110.0,662.0,0.27677589821674753,0.6418327163490225,0.397814702697047,0.5667901808532382,0.03539511644971462,0.42472797178408056,0.2661751806179088,19,Female,Metro,"cod available, fit check, compare, reviews, size guide",3
CUST01015,18,3,720.0,2720.0,0.819700654538978,0.2905936719389624,0.49908325823664207,0.18343197728613467,0.3174847644772233,0.668448848830026,0.7142764786882244,27,Female,Tier3,"sale, made to order, cashback, flat 50% off, combo offer",0
CUST01016,124,1,3010.0,3755.0,0.18925958239327412,0.28371806808230815,0.16869647156555576,0.4758046812915811,0.3554988471428632,0.2216100247716243,0.28261543301719994,23,Female,Tier2,"ethnic wear, gifting, diwali sale",5
CUST01017,90,4,3640.0,7870.0,0.22448387374047205,0.21322414409830295,0.2815965156156088,0.3583918670316992,0.3600116173526921,0.3713453776996928,0.42859462837015855,43,Female,Metro,"occasion wear, usual size, free shipping",5
CUST01018,64,2,1200.0,5661.0,0.3077719439764325,0.7918601101696039,0.2763790979261782,0.37945349923555405,0.3441674028382677,0.5293435023598082,0.5058145352250546,18,Female,Tier2,"compare, delivery time, reviews, size chart",3
CUST01019,51,2,970.0,2402.0,0.37175369166002903,0.4792254765282431,0.49936857335433793,0.4484089921027594,0.05222243454290259,0.6788465029136291,0.2730193795068331,24,Female,Tier3,"kurta, referral code, first order discount",6
CUST01020,7,6,940.0,5875.0,0.5713894362630373,0.338043576686119,0.5121058771396939,0.07183944674810099,0.41605467611220515,0.9192262412132478,0.4063060008633266,21,Male,Tier2,"hype, streetwear, exchange, new drop, drop alert",2
CUST01021,15,13,650.0,21819.0,0.8376284300669943,0.333377760742186,0.6216417201853756,0.28060119712180176,0.09775708269282253,0.2680305765929682,0.5482954060439006,23,Male,Tier2,"clearance, sale, favorite brand, discount",0
CUST01022,48,1,1030.0,1341.0,0.456974767650837,0.727785899057917,0.7195018236013084,0.13983178328450624,0.14066639311418536,0.7728056533848832,0.3120110249083878,18,Male,Metro,"exclusive collection, return policy, compare, delivery time",3
CUST01023,126,1,3450.0,6255.0,0.18399983498359018,0.5263634986205684,0.48077193838663573,0.4407242746747984,0.07850378693856583,0.3998014187998208,0.48477146539772686,23,Female,Tier3,"sherwani, ethnic wear, saree",5
CUST01024,46,1,1490.0,882.0,0.4295105050951933,0.7159861126085031,0.587519029334953,0.30667786381395923,0.10580310685108785,0.5715345443669634,0.5799962122140021,37,Male,Tier3,"size guide, size chart, delivery time, jeans",3
CUST01025,12,23,700.0,36623.0,0.604249571093914,0.29824935630259825,0.9712754772719332,0.02635571406207625,0.002368808665990452,0.46732031800084695,0.6609354791936817,35,Female,Tier3,"cashback, coupon, clearance, reviews, budget",0
CUST01026,6,15,1180.0,10545.0,0.23546292689871948,0.1694094568771274,0.5424541512444953,0.34101899618560777,0.1165268525698971,0.807813889851775,0.3656174943573705,25,Male,Metro,"new drop, sneaker match, streetwear, collab, size medium",2
CUST01027,37,3,4080.0,23642.0,0.023744196408189096,0.20722291368216414,0.20553620504459488,0.42640408469981983,0.3680597102555852,0.14087188277783405,0.08822949133714278,35,Male,Metro,"kurta, streetwear, designer drop, capsule collection",1
CUST01028,15,15,550.0,9850.0,0.8011632445169543,0.23422200471843418,0.4202519788491278,0.37979153992723585,0.19995648122363646,0.5213869451326781,0.6319369126807455,25,Female,Metro,"t-shirt, cotton, discount",0
CUST01029,63,1,1080.0,1282.0,0.5598271549729149,0.56731237835473,0.2877207360801341,0.35561348353029665,0.35666578038956925,0.7526023689409007,0.5338444862353998,25,Male,Tier2,"try first order, insta finds, jeans",6
CUST01030,9,19,1170.0,42457.0,0.5427489294209492,0.33308900592998675,0.6653043064017398,0.3298994529802773,0.004796240617982972,0.8450747854610229,0.3936416212560785,28,Female,Metro,"streetwear, sneaker match, oversized fit, jeans, collab",2
CUST01031,42,1,4110.0,5944.0,0.08868235243645069,0.054700298488876316,0.17654100504573936,0.2627153900988347,0.5607436048554258,0.2651672928033017,0.22867912410500318,23,Female,Tier3,"premium fabric, exclusive collection, full price, luxury, saree",1
CUST01032,70,1,1240.0,870.0,0.23214703966717123,0.6946795010839073,0.45215107338876925,0.36778196950894754,0.18006695710228315,0.534427106568032,0.2262193747109031,34,Female,Metro,"wishlist, size guide, return policy, clearance, compare",3
CUST01033,71,8,2070.0,39839.0,0.13876558119567664,0.24932673167091599,0.46646873643445386,0.3524722448333705,0.18105901873217586,0.17943835761486218,0.12795992925080263,39,Non-binary,Tier2,"new arrivals, repeat order, limited edition, exchange",4
CUST01034,10,10,1080.0,15039.0,0.16290065836006987,0.33664194605198317,0.458930680782123,0.1974398007988861,0.3436295184189909,0.9706837530680998,0.17941409552431836,26,Male,Metro,"new drop, membership, usual size",2
CUST01035,71,1,1360.0,1748.0,0.4403194988231664,0.8129599236789082,0.5517301960958876,0.2342040045150325,0.21406579938907988,0.44958625172993516,0.3618595203144655,32,Male,Metro,"reviews, size medium, compare, cod available",3
CUST01036,10,5,1820.0,12549.0,0.20335751455791634,0.34204039565155153,0.5953112862405808,0.260141099239603,0.1445476145198162,0.9522033628873333,0.24006824701624918,25,Male,Metro,"kurta, early access, restock alert, limited stock",2
CUST01037,17,3,650.0,3116.0,0.6930056896209207,0.3610483196116003,0.5138773259414567,0.3721389825160274,0.11398369154251582,0.78549608955521,0.6806974351766953,18,Female,Tier2,"discount, t-shirt, clearance, flat 50% off",0
CUST01038,68,1,3200.0,2799.0,0.3053965647658678,0.18867056018094164,0.26741359842873963,0.44363963323226685,0.28894676833899346,0.2899153423241766,0.3580547355210209,39,Male,Tier2,"ethnic wear, family pack, sherwani, wedding collection",5
CUST01039,9,9,1020.0,8353.0,0.22882068705979333,0.22966479715545382,0.6582145448909487,0.1387566919364432,0.20302876317260807,0.6784130263397434,0.35328722841418636,24,Male,Metro,"first order discount, restock alert, order tracking, oversized fit",2
CUST01040,56,1,1200.0,1187.0,0.7691030722409636,0.43242792143350656,0.6615423728329082,0.22562445419222238,0.11283317297486951,0.5362326472835316,0.3981568084125196,23,Female,Metro,"insta finds, jeans, new user offer",6
CUST01041,27,10,3730.0,49789.0,0.06278374789258563,0.14510921790277725,0.24632646621269483,0.6121978147957362,0.14147571899156897,0.16845829016850444,0.1232569141270048,40,Male,Metro,"limited edition, designer drop, restock",1
CUST01042,53,1,1330.0,1173.0,0.31130876900970966,0.873840410099329,0.25996832720940394,0.5520231623997834,0.18800851039081273,0.805177611341292,0.48708724363357236,41,Male,Tier3,"cod available, size medium, return policy, size guide, cotton",3
CUST01043,55,6,2260.0,33482.0,0.3703525568963985,0.2772982852787148,0.20421308433962318,0.2926470431078289,0.503139872552548,0.39903013103284546,0.13591911249579194,30,Female,Metro,"capsule collection, usual size, designer drop, exchange, t-shirt",4
CUST01044,71,1,3710.0,5849.0,0.3178595955159116,0.3641601025059544,0.5278395914275898,0.27718574524603523,0.19497466332637498,0.5124405993988266,0.4235010401687225,34,Female,Tier2,"ethnic wear, saree, festive",5
CUST01045,10,9,590.0,6178.0,0.7737096680787073,0.38885373573515714,0.6622662400347628,0.33591684959246226,0.0018169103727749788,0.695383194881521,0.784474929784092,28,Female,Tier2,"budget, bogo offer, lowest price",0
CUST01046,9,1,1160.0,1957.0,0.6753627813836793,0.27402491481792574,0.5228903010891612,0.3651192383356472,0.11199046057519142,0.7048405939943989,0.3045250615236941,19,Male,Metro,"new drop, hype, oversized fit, streetwear, sneaker match",2
CUST01047,11,2,1620.0,4715.0,0.17148902757825069,0.30158981367559673,0.7274135245481113,0.26940184746474044,0.0031846279871482457,0.810603194740989,0.3470745188417045,24,Male,Tier2,"order tracking, drop alert, oversized fit",2
CUST01048,165,1,3170.0,7953.0,0.21436350578766133,0.4844161887972868,0.28473860920990385,0.5978497065310058,0.11741168425909036,0.36679008928799905,0.26467634464397005,40,Female,Tier3,"kurta set, diwali sale, gifting, new arrivals, ethnic wear",5
CUST01049,30,1,3230.0,1633.0,0.14691248955168087,0.04484539639730054,0.12907541248473645,0.4571874105340775,0.41373717698118606,0.343633968878642,0.04652556180248673,36,Female,Metro,"made to order, full price, exchange, premium fabric, welcome offer",1
CUST01050,33,1,1180.0,2397.0,0.5571014677934332,0.5728414704435374,0.32576894045956284,0.5959402738556162,0.07829078568482084,0.6938431849587637,0.6133303503469321,18,Female,Tier2,"jeans, compare, return policy",3
CUST01051,51,6,1990.0,29142.0,0.1782479921866844,0.12195630937981197,0.7880060467277576,0.12463548048658017,0.08735847278566224,0.434911637680693,0.18279607745300125,23,Female,Metro,"hype, membership, my orders, exchange, sneaker match",4
CUST01052,48,1,1340.0,2581.0,0.42666639899271125,0.8444513971703671,0.44180060744271094,0.14271605456203992,0.41548333799524917,0.653111592724008,0.48453964616933903,32,Male,Metro,"limited edition, premium, free shipping, luxury",3
CUST01053,49,2,760.0,1108.0,0.7622694980197245,0.46512429760301727,0.5395895354844652,0.375685436265848,0.08472502824968677,0.7007302235761572,0.5189947653302168,22,Female,Metro,"insta finds, influencer recommended, size medium",6
CUST01054,52,4,2190.0,20350.0,0.27511387966198286,0.25726328519688246,0.726002811598659,0.15763126016081475,0.11636592824052633,0.4714515269057697,0.16345291818515084,32,Female,Tier3,"jeans, restock alert, repeat order",4
CUST01055,5,12,960.0,15395.0,0.5271868421780848,0.32359962956114624,0.6757808404922334,0.2504918283955284,0.07372733111223807,0.8358000897900859,0.469513216906718,27,Female,Tier2,"restock alert, trending now, sneaker match, limited stock, drop alert",2
CUST01056,57,1,1060.0,2022.0,0.7753948599699283,0.297425802281347,0.2758912083782384,0.5845482957660636,0.13956049585569802,0.744030588103774,0.7848994059570906,18,Male,Tier2,"influencer recommended, unboxing, welcome offer, budget",6
CUST01057,57,1,840.0,1005.0,0.454012167241224,0.20943668321687503,0.21767040012967712,0.7591047448176174,0.02322485505270558,0.8245680609948716,0.5540653791736972,23,Male,Tier2,"cotton, new user offer, reviews, insta finds",6
CUST01058,41,1,4450.0,11239.0,0.09849823369836666,0.06959178360237275,0.165471869455298,0.6602982074453332,0.17422992309936888,0.4027921630553861,0.04519287962854405,40,Female,Metro,"premium fabric, made to order, limited edition, coupon, curated",1
CUST01059,88,1,1360.0,1450.0,0.6287449595248735,0.47386060514672806,0.3218098568563356,0.31096560068266327,0.3672245424610011,0.7485502267985366,0.4142313053913226,20,Male,Metro,"trending, membership, new user offer, try first order, order tracking",6
CUST01060,16,3,600.0,4515.0,0.6696643518864389,0.3329226621648861,0.5262698543887147,0.4019488510153017,0.07178129459598358,0.3734513807845405,0.6885176222017447,28,Female,Tier2,"clearance, sale, order tracking, flat 50% off",0
CUST01061,15,2,1820.0,6038.0,0.1616057858677951,0.34029377453748927,0.8581736690744862,0.07917816404094363,0.0626481668845703,0.8224287046765156,0.3219012198479423,32,Female,Tier2,"sneaker match, hype, drop alert, exchange",2
CUST01062,19,3,760.0,4330.0,0.6147623545639299,0.4145713446262332,0.8260999627395729,0.14395288456746527,0.029947152692961873,0.28625825273986105,0.7212333773417164,23,Male,Tier2,"budget, membership, clearance",0
CUST01063,55,6,2110.0,16814.0,0.289145321559587,0.1148845815351863,0.35430523403940795,0.24248599459640213,0.4032087713641899,0.49253895046021656,0.15239229063399984,33,Female,Metro,"loyalty points, repeat order, cotton",4
CUST01064,78,1,1510.0,3139.0,0.48439714264436345,0.48795726239815096,0.39073706081084664,0.38621119443952673,0.22305174474962647,0.6426643802872971,0.25041172890222113,19,Male,Tier3,"new user offer, cotton, try first order, t-shirt, reels",6
CUST01065,9,11,1140.0,25652.0,0.2325837047650389,0.343633543957964,0.9128466017740589,0.07398354795447379,0.013169850271467413,0.8534924487857523,0.2701933074238308,20,Female,Tier2,"drop alert, sneaker match, hype, clearance",2
CUST01066,50,4,1200.0,9336.0,0.4290840919269527,0.7355609271660505,0.2761691772287978,0.6715503715795398,0.052280451191662296,0.6356392950409654,0.5066065053346926,18,Male,Tier2,"return policy, delivery time, wishlist",3
CUST01067,8,7,1140.0,7807.0,0.48386088769127494,0.18840026214249336,0.8057302897581905,0.18311156306301563,0.01115814717879386,0.8736241405506296,0.6311143550141561,22,Male,Metro,"lowest price, collab, order tracking, free shipping",2
CUST01068,51,2,1270.0,7708.0,0.6332591845960993,0.5080934364027125,0.3262332520098839,0.518299790335651,0.15546695765446525,0.678496041966502,0.26780082224220164,23,Male,Tier2,"welcome offer, influencer recommended, new user offer, unboxing",6
CUST01069,52,1,1890.0,994.0,0.18936548782725593,0.13424019269526866,0.5497142406383567,0.233244186096158,0.21704157326548534,0.2522187405699422,0.1124098272264936,26,Female,Tier2,"favorite brand, new arrivals, repeat order, early access, usual size",4
CUST01070,57,1,1050.0,1304.0,0.47489660047633103,0.7583609739019317,0.2714846406441417,0.5713595054779093,0.1571558538779491,0.6058821441062494,0.34376415133142746,18,Female,Metro,"size medium, fit check, cod available, size guide, still deciding",3
CUST01071,70,4,1400.0,16475.0,0.4651462139120785,0.6974246514692631,0.5595161564784489,0.23479965646104267,0.2056841870605085,0.5211838458272764,0.48822282692173163,37,Male,Tier3,"delivery time, exchange, size medium, wishlist",3
CUST01072,54,3,1050.0,4237.0,0.37713066938322026,0.7868171947270003,0.29193760052886414,0.46655910959560454,0.24150328987553135,0.5105609025446423,0.3420476223282073,18,Male,Metro,"return policy, kurta, size guide",3
CUST01073,48,1,730.0,966.0,0.5300428628572231,0.49605255759495037,0.2528566508696574,0.5119854572881739,0.2351578918421686,0.8024004610244749,0.5334836099941616,31,Female,Metro,"jeans, referral code, influencer recommended, sale",6
CUST01074,49,1,990.0,1753.0,0.33284828530617194,0.6526888298025768,0.6976978214376003,0.21071859747881302,0.09158358108358658,0.7762299509623936,0.4555404415498798,46,Male,Tier2,"return policy, fit check, size chart, size guide",3
CUST01075,14,2,1500.0,6622.0,0.2851265508259244,0.17924054211249932,0.7039976859522302,0.23888533072365262,0.057116983324117215,0.7845756361611327,0.33452568497912605,23,Male,Metro,"referral code, new drop, collab, streetwear, unboxing",2
CUST01076,52,2,4190.0,9675.0,0.17307934704051076,0.14586174918015352,0.2621833046016699,0.549183480778756,0.18863321461957408,0.23398400667225708,0.1289345604301677,32,Male,Metro,"curated, luxury, t-shirt",1
CUST01077,33,7,1890.0,24239.0,0.33259724172898036,0.14139055038642243,0.3573417700662226,0.481648920834291,0.16100930909948655,0.4005895609956623,0.13904719746991,34,Female,Metro,"early access, restock, new arrivals, usual size",4
CUST01078,58,1,1080.0,898.0,0.4238256775037893,0.6881786366808562,0.40051186657642285,0.3368029966849355,0.26268513673864163,0.5801321353716122,0.34197024578708135,23,Female,Tier2,"compare, still deciding, order tracking, exchange, fit check",3
CUST01079,65,6,2070.0,15214.0,0.23808967515358015,0.22289020366584722,0.4479933187620463,0.4113658738358331,0.14064080740212065,0.4104093296139291,0.5296365599372705,41,Male,Tier3,"gifting, insta finds, wedding collection, kurta set, ethnic wear",5
CUST01080,40,7,1740.0,12417.0,0.31291171015710895,0.20153459535976032,0.5153419659413355,0.19180224845351737,0.2928557856051472,0.2218466953176173,0.12115095860047273,38,Male,Tier2,"free shipping, my orders, favorite brand, early access",4
CUST01081,42,1,3460.0,2566.0,0.0825491817180162,0.17349674931302128,0.10071019785162304,0.4075520607643289,0.491737741384048,0.18683178230012895,0.33231764759084576,30,Male,Metro,"sale, full price, exchange, made to order, discount",1
CUST01082,44,7,830.0,12546.0,0.35345294933664934,0.42869829349453403,0.35938270395828475,0.19289191225263141,0.4477253837890839,0.7218845328656199,0.3177206826226782,31,Male,Metro,"wishlist, delivery time, return policy",3
CUST01083,84,1,1450.0,3198.0,0.5487755260181388,0.49583425816944054,0.4645697675554065,0.3034732342534041,0.23195699819118948,0.41521939547773706,0.6084169721212197,18,Male,Metro,"exchange, unboxing, limited edition, reels, try first order",6
CUST01084,44,4,2280.0,18036.0,0.145519178689179,0.18927529414998323,0.6950613634410013,0.09115781740533464,0.21378081915366415,0.2400324999434166,0.07545383840572795,36,Female,Tier2,"sherwani, occasion wear, membership, exchange, restock",4
CUST01085,43,5,1300.0,14120.0,0.5346617594734037,0.6622963028444245,0.5552504714451822,0.18735260749790114,0.2573969210569167,0.5189028258373904,0.4993790175977588,22,Female,Metro,"influencer recommended, referral code, insta finds, new user offer",6
CUST01086,75,1,1280.0,2548.0,0.42915947418846534,0.7209834363043846,0.6162290731002765,0.17575028203867907,0.20802064486104432,0.3966825304019477,0.511189430475254,39,Male,Tier3,"cod available, size guide, return policy, wishlist",3
CUST01087,57,9,2120.0,36660.0,0.1608086738632108,0.18162338562926575,0.22998497897350612,0.26375303038572595,0.5062619906407679,0.45496903402358235,0.13454934017283823,32,Female,Tier2,"restock, membership, order history, favorite brand",4
CUST01088,32,1,1750.0,4382.0,0.19693607121807402,0.08510307678364154,0.34265625150015383,0.5283344990496032,0.12900924945024303,0.24193781950857748,0.2186805374143377,31,Male,Metro,"membership, usual size, favorite brand",4
CUST01089,44,1,1090.0,2599.0,0.548368608694374,0.33528242067841446,0.5352567348760844,0.388401484653067,0.07634178047084864,0.755983163965478,0.5624870342490286,21,Male,Tier2,"jeans, size medium, referral code",6
CUST01090,10,1,1190.0,845.0,0.49748525916044756,0.20053708246721588,0.6914969951260421,0.19860668717193258,0.10989631770202539,0.8975204632823137,0.33368650173056197,21,Female,Tier2,"limited stock, streetwear, new drop",2
CUST01091,44,1,3830.0,3867.0,0.12220195188227918,0.20759551735951193,0.25756823217206487,0.4433123424312131,0.299119425396722,0.07488738159022283,0.19514563727546927,32,Female,Metro,"curated, limited edition, exclusive collection, premium fabric, luxury",1
CUST01092,75,3,2110.0,3165.0,0.241830533793538,0.2714456365891339,0.31300669152055255,0.043851267116801075,0.6431420413626464,0.5051483151556173,0.48177157770059637,40,Female,Tier3,"early access, kurta set, wedding collection, saree",5
CUST01093,38,1,1790.0,2852.0,0.18872006342801007,0.06954048755197201,0.42837561328085727,0.5544440663319296,0.017180320387213337,0.33949874819185366,0.18995967900053842,27,Female,Tier2,"favorite brand, early access, new arrivals, usual size, t-shirt",4
CUST01094,46,2,1070.0,4780.0,0.692075976619695,0.46108252362196084,0.6511489785225254,0.24487702562594296,0.10397399585153173,0.7945636255983207,0.6179659265857996,23,Male,Tier2,"referral code, new user offer, trending, reels",6
CUST01095,10,2,1430.0,4230.0,0.29784946291608977,0.2439573857713183,0.9087509313814711,0.07231272187668904,0.018936346741839895,0.9475079602505213,0.38216623253668297,18,Female,Tier2,"hype, drop alert, trending now",2
CUST01096,46,1,4920.0,9804.0,0.0618449931563134,0.19253522384413965,0.07124880460133991,0.32195966734688863,0.6067915280517713,0.31936855994195074,0.13332830136827792,32,Female,Metro,"order tracking, trending, exclusive collection, limited edition, premium",1
CUST01097,55,2,2590.0,5700.0,0.1608761008288401,0.29424222150488827,0.5363983729388255,0.14915215089352302,0.31444947616765145,0.5065846178806599,0.3590641002108885,36,Male,Tier3,"saree, family pack, hype, sneaker match, order tracking",5
CUST01098,14,6,630.0,9554.0,0.7538745757192141,0.4568972926342006,0.9437956906082979,0.036048080135145336,0.02015622925655662,0.6636026858706523,0.6365920964076943,25,Female,Tier2,"bogo offer, coupon, combo offer, jeans",0
CUST01099,40,9,1910.0,8943.0,0.4070173495331566,0.13790880439307962,0.5528769315053371,0.3230512888567865,0.12407177963787652,0.49054226357352365,0.16335559969951757,43,Female,Metro,"repeat order, new arrivals, free shipping, membership, order history",4
CUST01100,52,1,1330.0,2813.0,0.7166594960010878,0.3819733178248389,0.5246040597814631,0.2621284662681693,0.21326747395036746,0.7228015478122175,0.4215014263464906,22,Female,Metro,"cotton, first order discount, unboxing",6
CUST01101,16,18,860.0,30419.0,0.7124769904464948,0.2812407048323768,0.8136599458662974,0.18503325835023182,0.0013067957834707227,0.6399919997443984,0.7468627282358766,23,Male,Tier2,"combo offer, cashback, kurta, coupon",0
CUST01102,15,2,580.0,1879.0,0.8839537254480978,0.4286382274149697,0.2990646946114385,0.5341460364997679,0.1667892688887937,0.5356794782648506,0.5396673141694095,23,Male,Tier2,"sale, cashback, combo offer",0
CUST01103,7,10,1040.0,6291.0,0.43473894407015123,0.19730755788228022,0.8534162932370749,0.10296570124538913,0.04361800551753591,0.8501528023975414,0.5474116734108377,24,Male,Metro,"size medium, streetwear, new drop, jeans, sneaker match",2
CUST01104,33,5,1480.0,8069.0,0.1910547392271691,0.04915183698188865,0.4114233024594164,0.4504470821973303,0.13812961534325327,0.5037307519053921,0.2189145953042332,29,Female,Tier3,"new arrivals, repeat order, free shipping",4
CUST01105,12,10,1310.0,7342.0,0.3136425036563691,0.2424294445770846,0.7394564504604474,0.17841113325156396,0.08213241628798855,0.7739693104157258,0.20127257029081244,22,Female,Tier2,"restock alert, streetwear, usual size",2
CUST01106,64,1,1370.0,3175.0,0.5892210820283701,0.41979868166636586,0.5210268548155951,0.23059788049986804,0.24837526468453688,0.765100213488601,0.2943090132320029,30,Male,Metro,"new user offer, welcome offer, influencer recommended, my orders",6
CUST01107,45,2,1210.0,4404.0,0.39093016619409876,0.6735505547347395,0.6903304257820874,0.2013124809960103,0.10835709322190241,0.6865685251985028,0.3890168121550225,23,Female,Tier2,"return policy, delivery time, diwali sale",3
CUST01108,65,1,5180.0,7526.0,0.11647310331773307,0.231822662655791,0.15076589986120972,0.3589638481007066,0.49027025203808366,0.15852584202049214,0.182051401208363,22,Female,Tier2,"insta finds, capsule collection, size medium, t-shirt, premium",1
CUST01109,53,3,1240.0,7808.0,0.37381849497822794,0.5559662857702841,0.51063512713443,0.13871182138239657,0.35065305148317333,0.4291614614313295,0.27855958230242417,39,Female,Tier2,"gifting, size medium, reviews, t-shirt",3
CUST01110,34,1,970.0,2351.0,0.5954945113171628,0.3352914543847051,0.3175932184544137,0.533669961936887,0.1487368196086993,0.5910979689729144,0.7970087927707059,22,Male,Tier2,"unboxing, try first order, early access, trending",6
CUST01111,82,1,3110.0,1769.0,0.30627653468743576,0.6056873639614192,0.4310060238501791,0.22891516788723884,0.34007880826258213,0.2628954744862613,0.419029559240243,38,Male,Tier2,"festive, luxury, ethnic wear, saree, kurta set",5
CUST01112,110,4,4070.0,15616.0,0.19227108368152643,0.33037658572333317,0.24699041829451146,0.6154708091318428,0.13753877257364566,0.21885894355670407,0.4444159594730931,49,Female,Tier2,"ethnic wear, sherwani, gifting, restock alert, saree",5
CUST01113,67,1,2660.0,5764.0,0.17977315227425777,0.33207501605539413,0.5126516700604623,0.3292709927777788,0.15807733716175884,0.3193879311790873,0.639447932495256,46,Female,Metro,"bogo offer, family pack, diwali sale",5
CUST01114,11,7,1470.0,20262.0,0.28313067685899557,0.4161641797138692,0.6808485656995854,0.28393697549610536,0.035214458804309165,0.5658420288757392,0.3663248631359439,18,Female,Tier2,"sneaker match, limited stock, first order discount, new drop, trending now",2
CUST01115,39,1,1120.0,908.0,0.4607841845502762,0.7030741620863376,0.6180578146663563,0.17723691627745425,0.2047052690561895,0.9128131382028711,0.3783609909602394,29,Male,Tier2,"cod available, fit check, jeans",3
CUST01116,10,2,1390.0,5727.0,0.338167437812191,0.22722610095607715,0.8489190666599917,0.09877074907592866,0.05231018426407965,0.7696064355774188,0.3258652377058445,22,Female,Tier2,"new drop, restock alert, sneaker match, hype",2
CUST01117,24,6,2980.0,32860.0,0.04407549508506192,0.084571828373855,0.36053639146425887,0.29523481611814945,0.34422879241759163,0.37694962031606855,0.3880599539473094,39,Female,Metro,"premium, made to order, designer drop, loyalty points",1
CUST01118,38,3,1580.0,6922.0,0.29490781902179847,0.06209163852282069,0.3314382564968972,0.4125316656512601,0.2560300778518428,0.3674997967295287,0.12193755743531202,39,Male,Metro,"free shipping, influencer recommended, my orders, usual size",4
CUST01119,11,7,1340.0,17378.0,0.319381547985965,0.18579707684497984,0.7949590854120048,0.18349023037889273,0.021550684209102503,0.9238576489254489,0.2587058773880931,20,Male,Tier2,"hype, new drop, capsule collection, sneaker match, drop alert",2
CUST01120,12,14,690.0,22951.0,0.6242720932654502,0.5318279633815255,0.652487434042394,0.2813983184420631,0.06611424751554283,0.5108100487351667,0.4678180550499062,32,Male,Tier2,"budget, size medium, clearance, coupon",0
CUST01121,11,3,1190.0,4924.0,0.3948944935655984,0.22762389820004167,0.5921615566140361,0.2812941817441294,0.12654426164183458,0.7223376332741721,0.43092088541891554,18,Male,Tier2,"restock alert, new drop, collab, coupon, limited stock",2
CUST01122,11,13,560.0,3971.0,0.6650441667176086,0.3326862264169372,0.6462144699701735,0.22206892051561333,0.13171660951421313,0.48338328204955494,0.6240758099049439,30,Female,Tier2,"cashback, bogo offer, clearance, free shipping, cotton",0
CUST01123,74,1,2540.0,1795.0,0.19979889921804658,0.4386201269797844,0.3381838100492001,0.3247113121856684,0.33710487776513154,0.6095336406502011,0.6401351451466761,35,Female,Tier2,"ethnic wear, family pack, diwali sale, kurta set",5
CUST01124,46,7,1900.0,17681.0,0.27502850274137225,0.2185328103590925,0.371803497227823,0.5646703503025654,0.06352615246961162,0.29375990464515145,0.09168239772697757,34,Female,Tier2,"my orders, size medium, restock, repeat order, loyalty points",4
CUST01125,46,1,730.0,1921.0,0.6563213213123508,0.2697431587221238,0.4575182137369262,0.2930365013643813,0.24944528489869258,0.5923764873915434,0.6729289817569739,18,Male,Tier3,"reels, try first order, insta finds",6
CUST01126,17,15,600.0,12247.0,0.7778068454550602,0.41705173880807356,0.8062926161384374,0.0630225117476096,0.13068487211395297,0.4220459626443506,0.5132751364465357,22,Male,Tier2,"discount, clearance, size medium",0
CUST01127,17,3,710.0,2980.0,0.7625104396455034,0.2834887567651479,0.7102336760290529,0.26331228023486386,0.02645404373608331,0.7453328011653971,0.662828073720314,24,Female,Tier2,"limited stock, coupon, combo offer",0
CUST01128,21,14,820.0,12496.0,0.7771650246831303,0.3516204741353273,0.7594584746436523,0.20734867003625707,0.033192855320090635,0.37743259001443424,0.7131378988261633,18,Male,Tier2,"bogo offer, coupon, clearance, premium, exchange",0
CUST01129,50,2,1130.0,6460.0,0.4530595270002324,0.8057785487316178,0.3985141916316106,0.30776478745417385,0.2937210209142154,0.6509728887013798,0.5473185156898653,31,Male,Tier3,"reviews, combo offer, return policy",3
CUST01130,11,7,520.0,6731.0,0.7130844920986473,0.2350267966066692,0.6166861986165871,0.20414770536955543,0.17916609601385755,0.6522299106530814,0.7132623154048688,24,Non-binary,Metro,"sale, t-shirt, flat 50% off, budget, saree",0
CUST01131,49,10,1990.0,25368.0,0.4104434406432868,0.3602568015821898,0.22310748617834217,0.3416620932195142,0.4352304206021437,0.32410172879665583,0.24360072366319016,40,Female,Tier3,"reels, try first order, early access",4
CUST01132,9,15,1110.0,23791.0,0.2471559988579389,0.28187672054837987,0.4077486436790042,0.29692493078034704,0.29532642554064864,0.725605293609802,0.4496522601088712,21,Male,Metro,"restock alert, oversized fit, jeans",2
CUST01133,18,7,670.0,9071.0,0.8769322924929974,0.37726084305178786,0.4160537181327291,0.2729481524161152,0.3109981294511556,0.5851981353247286,0.8314467460616463,21,Male,Tier3,"cashback, sale, combo offer, bogo offer, discount",0
CUST01134,71,1,2480.0,4594.0,0.1656031075224157,0.1185901950651941,0.3494788320214671,0.22160056905549094,0.42892059892304196,0.22413185115099077,0.18139324244508778,38,Female,Metro,"my orders, sneaker match, restock alert",4
CUST01135,16,6,750.0,8792.0,0.5747758175810282,0.4966398868413832,0.7369601785043349,0.22001808698479774,0.04302173451086734,0.4219920392415057,0.5136888305370961,22,Male,Tier3,"bogo offer, size chart, budget, coupon",0
CUST01136,71,1,1200.0,2627.0,0.36785298228045854,0.7486186455051691,0.5551709727202773,0.35692124742802883,0.08790777985169382,0.36822360728560716,0.33351358802884484,41,Female,Tier2,"fit check, still deciding, delivery time, designer drop",3
CUST01137,61,1,1390.0,1487.0,0.7393294616427436,0.4652822697420632,0.5731001766577372,0.27884417642456244,0.14805564691770046,0.7911701441649417,0.6501192799436473,20,Female,Tier2,"trending, first order discount, unboxing",6
CUST01138,73,1,1350.0,2554.0,0.26618184793372,0.6088999242414688,0.4521626829883755,0.31829558547955716,0.22954173153206733,0.47313494293790204,0.20456518701100754,21,Female,Tier2,"delivery time, wishlist, t-shirt",3
CUST01139,16,4,630.0,3255.0,0.5356172386528026,0.4209464019904372,0.8230983386086685,0.11364479653716245,0.063256864854169,0.5882155036806814,0.6274217416145016,20,Male,Tier2,"size medium, exchange, bogo offer, premium fabric, budget",0
CUST01140,12,5,590.0,2340.0,0.5849051809170647,0.3562676311812536,0.5790270510532702,0.30190000157226843,0.11907294737446136,0.5996443948888476,0.5735857947355749,18,Female,Tier3,"cotton, exchange, sherwani",0
CUST01141,46,2,1060.0,1437.0,0.4700347693926115,0.7125744207873967,0.41866984891339665,0.46895287812099934,0.11237727296560394,0.6874802918225325,0.3237148135176958,33,Male,Metro,"fit check, still deciding, size chart, reviews",3
CUST01142,66,1,1190.0,980.0,0.5199010037246733,0.34601588022467294,0.4612601782913318,0.4607191891529988,0.07802063255566939,0.7053197872767515,0.6903220554023765,26,Female,Tier2,"unboxing, discount, insta finds, first order discount, reels",6
CUST01143,31,1,960.0,1403.0,0.5779560926225608,0.583786663297276,0.4667617348119937,0.2467938012883709,0.28644446389963557,0.8315006147010029,0.5956921123742608,19,Female,Tier3,"jeans, first order discount, welcome offer",6
CUST01144,7,7,1510.0,16376.0,0.2767988714427943,0.4664546005627147,0.7858814687915989,0.15473158099562853,0.05938695021277259,0.7863746170389202,0.31157010458469514,26,Male,Tier2,"drop alert, oversized fit, sneaker match",2
CUST01145,14,1,670.0,1188.0,0.7092083880939851,0.4116817010409299,0.47676032964054715,0.1779625564966951,0.3452771138627578,0.7093165948701531,0.7666100662874612,29,Male,Tier2,"cashback, usual size, flat 50% off, clearance",0
CUST01146,37,2,3490.0,13458.0,0.11495879630598774,0.46710612506767685,0.11594491137660043,0.5145405856644413,0.3695145029589582,0.2837522212232792,0.1965719451330543,36,Male,Metro,"premium, free shipping, premium fabric, limited edition",1
CUST01147,53,1,1350.0,1811.0,0.7409263094605332,0.5818057646204741,0.3967812152744303,0.3676532512129232,0.23556553351264647,0.5739115512681192,0.42531543927556315,18,Female,Tier2,"fit check, unboxing, new user offer, reels",6
CUST01148,11,9,1120.0,24306.0,0.5220418513751193,0.27932627401172117,0.9320998922697463,0.03312645712589794,0.034773650604355735,0.7800177880463649,0.5261626933622039,26,Male,Metro,"usual size, restock alert, new drop",2
CUST01149,49,1,890.0,759.0,0.37246939407290014,0.7867233136124637,0.4234191763929432,0.468722597299843,0.10785822630721391,0.6045134760992249,0.44692787520781413,35,Female,Metro,"reviews, free shipping, size chart, delivery time, size guide",3
CUST01150,43,1,990.0,1556.0,0.6496421632466016,0.5071454602703306,0.41804046875742484,0.3877031014592874,0.194256429783288,0.7298924516403956,0.4370157216403277,22,Male,Metro,"new user offer, first order discount, new drop, unboxing, size medium",6
CUST01151,67,6,2710.0,16536.0,0.29812548092477065,0.5687477417027653,0.5811797313170649,0.26784856803384816,0.1509717006490869,0.4976812470383042,0.5812624385869194,30,Female,Tier3,"capsule collection, exchange, order tracking, gifting",5
CUST01152,10,16,540.0,5349.0,0.8391495553445868,0.33798125755288766,0.7960679072868873,0.1460123325641485,0.057919760148964335,0.6921154484008029,0.8539083558135858,29,Female,Tier3,"discount, kurta, budget, free shipping, jeans",0
CUST01153,47,2,920.0,3322.0,0.4743371439815183,0.48109160446367855,0.6269832974734559,0.12760146695870397,0.24541523556784017,0.7492914379328022,0.6938516748961745,26,Female,Tier2,"referral code, cotton, insta finds, trending",6
CUST01154,12,9,1150.0,27761.0,0.32633635149252965,0.3168554027791516,0.8020272775683572,0.18576921823667736,0.012203504194965348,0.8479610491540653,0.4290694439118943,22,Male,Metro,"hype, welcome offer, size medium, sneaker match, oversized fit",2
CUST01155,59,1,1210.0,3030.0,0.4010472685708781,0.6747105971588998,0.6015037912790896,0.3365131796953831,0.06198302902552744,0.7450088415523011,0.436259289831297,45,Female,Tier2,"delivery time, return policy, kurta",3
CUST01156,13,6,660.0,3580.0,0.8599630260582818,0.37737352375011196,0.7439242128102921,0.2502729536729746,0.0058028335167333404,0.4851521577057628,0.7245344469619993,28,Female,Tier3,"sale, jeans, cotton, cashback, kurta",0
CUST01157,67,1,1530.0,2559.0,0.32216295269855677,0.7684125402862217,0.06200948714036391,0.5289438293009846,0.4090466835586515,0.5634342556002585,0.4666165109787358,27,Female,Tier3,"size guide, delivery time, reviews, kurta, compare",3
CUST01158,64,3,4110.0,11519.0,0.05254571530296177,0.11052024968283243,0.14034258955394782,0.6924865006636985,0.1671709097823536,0.167319231192043,0.07816665277617321,36,Female,Metro,"curated, exclusive collection, luxury",1
CUST01159,12,3,590.0,1138.0,0.7268331154490159,0.2788111287526942,0.7975102704211462,0.07692815459363533,0.1255615749852186,0.41746691686029597,0.6806404564416558,32,Female,Tier2,"cod available, free shipping, order tracking, cashback, still deciding",0
CUST01160,11,7,530.0,4430.0,0.8590132407581065,0.23773757453313898,0.595930408367554,0.04121461443180976,0.36285497720063625,0.4368202638653306,0.8213821110312328,24,Male,Tier3,"coupon, combo offer, flat 50% off",0
CUST01161,26,4,3650.0,34543.0,0.0364839943199377,0.14291157559243522,0.42476184438084996,0.4054256766051238,0.16981247901402619,0.21662089658993236,0.10034398022581716,21,Female,Tier3,"premium, curated, exclusive collection, capsule collection",1
CUST01162,57,1,950.0,617.0,0.5487769748988915,0.338200305945447,0.42153603331740225,0.3269850189118771,0.2514789477707207,0.8316262089610874,0.48318646289919265,20,Male,Tier3,"referral code, reels, kurta",6
CUST01163,59,1,2540.0,5068.0,0.15625605414374702,0.16857957024214615,0.5235627086727653,0.16834885183176734,0.30808843949546744,0.3024549751043568,0.12192181311373156,32,Female,Metro,"my orders, loyalty points, return policy, early access, usual size",4
CUST01164,49,1,2050.0,4008.0,0.20691891505207888,0.10488066086266334,0.48304417881088435,0.40230155924173416,0.11465426194738156,0.6237751940424866,0.1766369900746874,30,Female,Metro,"new arrivals, favorite brand, early access, usual size, my orders",4
CUST01165,36,11,1800.0,23849.0,0.23618637836818437,0.07093277258529503,0.4838237830094384,0.1436363919042396,0.372539825086322,0.3710660975318132,0.23525543231833326,35,Male,Tier3,"new arrivals, early access, favorite brand",4
CUST01166,11,1,1970.0,1389.0,0.3567606190415022,0.30328868291935923,0.3632893865202596,0.4953098804990994,0.14140073298064096,0.663098310662407,0.29829492316792294,22,Male,Tier2,"capsule collection, limited edition, hype, drop alert, streetwear",2
CUST01167,45,6,1960.0,28414.0,0.24737750520934715,0.2755601118962101,0.6605621554812962,0.3208285041956506,0.018609340323053225,0.3337533748885768,0.16857279852107734,39,Male,Tier2,"order tracking, favorite brand, my orders, repeat order, free shipping",4
CUST01168,37,6,3640.0,57252.0,0.018025811323291813,0.3159266854116033,0.3819819855036635,0.11364718521054196,0.5043708292857945,0.297662757127956,0.1947370726787141,32,Female,Metro,"luxury, premium, exclusive collection, t-shirt",1
CUST01169,10,4,1340.0,8617.0,0.39266986340343396,0.1533432461313967,0.6496304574515825,0.2273259605265489,0.12304358202186869,0.9194543499656085,0.3731875315901745,19,Female,Metro,"streetwear, fit check, sneaker match",2
CUST01170,10,10,1410.0,18278.0,0.2878217281825654,0.2154993716427152,0.9717266726849462,0.026517372799278384,0.0017559545157754609,0.8381710815670349,0.42448089398358535,20,Male,Metro,"collab, restock alert, streetwear, exchange, cotton",2
CUST01171,72,1,2590.0,7124.0,0.1631410867510746,0.13814662274338732,0.6343953413937906,0.15182448630027254,0.21378017230593663,0.14039949462614412,0.21309416494221473,30,Male,Metro,"repeat order, favorite brand, order history, kurta, early access",4
CUST01172,5,16,790.0,13077.0,0.33640395071073886,0.03991294226668656,0.7623777943168435,0.2341540642856712,0.0034681413974852913,0.9388055040411099,0.5160110683714091,22,Male,Metro,"referral code, streetwear, hype, drop alert, sneaker match",2
CUST01173,11,15,1390.0,53794.0,0.3748521865612239,0.46644176923192404,0.5463371409786478,0.36246805558692363,0.09119480343442854,0.7553731325279116,0.4233766461107629,18,Male,Tier2,"drop alert, collab, hype, oversized fit",2
CUST01174,37,3,1780.0,5304.0,0.3092129197049267,0.10739882482243157,0.2996329654858589,0.31908692989985743,0.3812801046142837,0.405753675598433,0.33912079732876205,41,Male,Tier3,"order tracking, exchange, order history, membership, favorite brand",4
CUST01175,15,17,640.0,13587.0,0.7898663719290276,0.3931404820547761,0.623126266807325,0.2447869835275285,0.1320867496651464,0.5717713001666593,0.5515839782857921,24,Female,Tier2,"cashback, sale, clearance",0
CUST01176,63,1,1060.0,2381.0,0.5096327346254149,0.40163411646242153,0.46675913775930183,0.4285710712255289,0.10466979101516936,0.7559854019078074,0.5728715050520783,26,Male,Tier2,"reels, try first order, occasion wear, unboxing",6
CUST01177,13,23,540.0,25361.0,0.8311228626020319,0.3169923176588009,0.5764975216764544,0.16400945784393847,0.25949302047960715,0.4515444698483816,0.8501576971117015,24,Female,Tier3,"discount, cashback, curated, flat 50% off",0
CUST01178,24,4,1280.0,10844.0,0.46913138519427017,0.23338811595359202,0.49717181365293245,0.23055049447783052,0.272277691869237,0.4321588744196096,0.1798910078879174,33,Female,Metro,"order tracking, membership, new arrivals, loyalty points, free shipping",4
CUST01179,8,8,1200.0,8695.0,0.22272132132797412,0.24628736172552093,0.8666469739096461,0.08381951653271016,0.049533509557643775,0.7603207619783734,0.38173061686917936,31,Male,Tier2,"sneaker match, free shipping, cotton, cod available, limited stock",2
CUST01180,10,9,1240.0,23445.0,0.3661898525409249,0.374331719417505,0.9004198668706093,0.013153517352684408,0.08642661577670645,0.8170648952495416,0.4767810698050147,19,Male,Tier2,"collab, trending now, streetwear",2
CUST01181,11,10,1530.0,17810.0,0.3290526686941887,0.27526457008063954,0.7349123604185523,0.2508293165764046,0.014258323005043027,0.7852221315230785,0.3707590697206427,23,Female,Tier2,"exchange, trending now, drop alert, kurta",2
CUST01182,14,4,600.0,3139.0,0.7426891756234446,0.30218731547349126,0.8725004323509299,0.12272325718255897,0.0047763104665109355,0.523572988490077,0.6781769125701316,24,Non-binary,Tier2,"bogo offer, combo offer, free shipping, made to order",0
CUST01183,62,4,830.0,6305.0,0.41247013714025615,0.5494915161781774,0.5022870777469879,0.44668210554154014,0.05103081671147179,0.5219909867146941,0.32353630150989815,21,Male,Tier2,"still deciding, t-shirt, fit check",3
CUST01184,58,2,1380.0,5787.0,0.3197280907268771,0.5260258161548585,0.35601767558984077,0.3076832323431156,0.33629909206704356,0.6653511071839152,0.41718876299053814,18,Female,Metro,"wishlist, cod available, still deciding, return policy",3
CUST01185,13,30,570.0,18883.0,0.8316071276523668,0.4191826483551129,0.6516571071260263,0.3015679778217995,0.046774915052174106,0.4736724627410794,0.5659220387949709,19,Female,Tier2,"clearance, order tracking, exchange",0
CUST01186,45,1,1110.0,2685.0,0.4487699418569335,0.5973102735316852,0.29390096168758506,0.32527133783673123,0.3808277004756837,0.9210849235956946,0.5760626009167428,21,Female,Tier2,"insta finds, clearance, try first order, referral code, combo offer",6
CUST01187,15,15,630.0,8552.0,0.7289289749530043,0.4396033975344418,0.5468206824158394,0.1447383372787113,0.30844098030544936,0.4162119457128838,0.7435026610014807,23,Female,Tier3,"coupon, sale, budget",0
CUST01188,41,6,1590.0,23877.0,0.17449854130364922,0.11070286231331455,0.46500278286428887,0.26448835618082844,0.2705088609548827,0.26767596020483453,0.0671449602473561,46,Female,Metro,"usual size, exchange, new user offer, order history, loyalty points",4
CUST01189,63,1,2250.0,3493.0,0.2698284271782756,0.048410447118458474,0.39565987126085866,0.43575164751880074,0.1685884812203406,0.3709775575823844,0.10372352022899133,29,Female,Tier2,"restock, favorite brand, new arrivals, usual size",4
CUST01190,40,14,1840.0,41287.0,0.28799640334903465,0.23019363331390513,0.41661191651240814,0.4369093884413353,0.14647869504625646,0.30460003338016733,0.1393884922277562,50,Female,Tier3,"early access, restock, drop alert, repeat order",4
CUST01191,78,6,2190.0,16961.0,0.18850775733592254,0.13766086587665854,0.5263962078585552,0.13985701348076435,0.33374677866068053,0.37028869813893833,0.11463262693259366,27,Male,Tier2,"usual size, my orders, early access, favorite brand",4
CUST01192,82,1,1370.0,1128.0,0.5087851363263349,0.6886040487762454,0.2533486489275476,0.15163323638972354,0.5950181146827288,0.6788250345156573,0.4386652156304105,20,Male,Tier2,"new user offer, first order discount, unboxing, referral code",6
CUST01193,11,1,1400.0,2891.0,0.37330063256161494,0.5075731697008343,0.7079887745402522,0.21919272948334276,0.07281849597640501,0.8084013481966329,0.4280077628726607,20,Male,Tier2,"hype, collab, sneaker match",2
CUST01194,48,2,980.0,1895.0,0.5006636784652448,0.7257821566695718,0.6458779377506839,0.2788123011685657,0.07530976108075049,0.5426083254140222,0.5536158220160099,24,Female,Metro,"size medium, cod available, compare, sale",3
CUST01195,59,1,1880.0,2121.0,0.08028885812502856,0.08911306909799596,0.4876423968228799,0.36683852646694115,0.1455190767101789,0.22571415863446337,0.19170945793924576,27,Female,Tier2,"usual size, membership, repeat order",4
CUST01196,52,1,1720.0,1126.0,0.3595836400281062,0.07712625282033296,0.4062740908137883,0.32506605986375486,0.26865984932245696,0.37354224884808307,0.09932590943691025,26,Female,Metro,"favorite brand, return policy, order history, new arrivals, restock",4
CUST01197,39,7,1770.0,8581.0,0.2546996332096322,0.13434842815997225,0.5037433577907827,0.2610440504946305,0.23521259171458678,0.30992470589523213,0.2773816062298622,39,Female,Tier2,"loyalty points, my orders, return policy",4
CUST01198,20,7,590.0,6889.0,0.6620157271989093,0.4845904338367895,0.7875888835054451,0.19571621616139875,0.016694900333156248,0.36733379484043704,0.6289501519144782,26,Female,Tier3,"sale, jeans, bogo offer, budget, repeat order",0
CUST01199,70,1,1120.0,862.0,0.7412699271469901,0.5674589907325028,0.35516563715771,0.2578851694629006,0.3869491933793893,0.7692760507957052,0.7447462709848701,18,Female,Metro,"size medium, influencer recommended, unboxing",6
CUST01200,70,2,1280.0,1725.0,0.43123142240138457,0.7613264349216349,0.3664794474158874,0.4589173049558545,0.17460324762825816,0.43251793915317366,0.5855703787667746,28,Female,Metro,"still deciding, kurta, wishlist",3
CUST01201,13,17,470.0,13737.0,0.8123136894018538,0.18270441545998295,0.4974355402855179,0.306599028118649,0.19596543159583327,0.6082407030036174,0.7930565103024957,25,Male,Tier3,"discount, cotton, sale",0
CUST01202,64,7,1360.0,14851.0,0.24720602347979131,0.7924424551601398,0.277740128901189,0.43601570476888496,0.2862441663299261,0.8530921381750209,0.5106839676686665,28,Female,Tier2,"reviews, cod available, combo offer, still deciding",3
CUST01203,48,1,840.0,1401.0,0.5832388561365662,0.4430623728235261,0.7257071060088002,0.2093794834211314,0.06491341057006837,0.7314677107869838,0.634702025671635,26,Male,Metro,"t-shirt, influencer recommended, welcome offer, insta finds, referral code",6
CUST01204,66,1,1450.0,3751.0,0.22259735018859145,0.7368062992610962,0.44800967965730615,0.27245504775980894,0.2795352725828848,0.6525504290744302,0.19115020975568348,27,Female,Metro,"delivery time, cod available, size guide, free shipping, fit check",3
CUST01205,29,16,3560.0,52964.0,0.11327434171904055,0.2945400036080647,0.17908633244403668,0.5456790896130819,0.2752345779428814,0.3118086661038845,0.135586148500319,30,Female,Metro,"premium fabric, kurta, hype, jeans, capsule collection",1
CUST01206,31,1,1140.0,1448.0,0.5023685570160706,0.5870960470702498,0.6493508959750723,0.24996335641100237,0.10068574761392536,0.7442276767892314,0.36567099853595203,18,Male,Tier2,"cod available, designer drop, size chart, made to order",3
CUST01207,57,1,980.0,1847.0,0.4911886226896165,0.6481673513454751,0.22685384013542187,0.29776032365359606,0.4753858362109821,0.7142166610145408,0.2921716584480411,22,Female,Tier2,"wishlist, cod available, compare",3
CUST01208,15,3,550.0,2344.0,0.7088343635553253,0.44758063601499126,0.8666870006230232,0.007448180713285385,0.12586481866369134,0.4066058866719283,0.5958196777421831,34,Male,Tier2,"discount, cashback, sale, flat 50% off, lowest price",0
CUST01209,50,3,870.0,5361.0,0.7590519120257073,0.4239809098716268,0.40531201296640096,0.41137323589586733,0.18331475113773163,0.7064826004185273,0.4343193733756792,18,Female,Tier2,"welcome offer, insta finds, clearance, influencer recommended",6
CUST01210,49,3,1170.0,5355.0,0.3757672517088401,0.4233397318814434,0.39804958803545204,0.3434633899390625,0.25848702202548546,0.8769779168176552,0.5288993992945471,21,Male,Metro,"loyalty points, reels, insta finds, exchange, referral code",6
CUST01211,59,3,2870.0,11651.0,0.4116591841274254,0.29949828862933686,0.20391713469041373,0.563815875317719,0.2322669899918673,0.3885519090445595,0.5451845047831301,33,Male,Tier2,"kurta set, occasion wear, saree",5
CUST01212,51,2,1960.0,7303.0,0.10906952392019144,0.1598050021257281,0.5433672130756021,0.18749428978587268,0.2691384971385253,0.2835628025775503,0.27091073150634015,34,Male,Tier3,"favorite brand, loyalty points, repeat order, usual size, cotton",4
CUST01213,18,5,770.0,7017.0,0.6460838098849251,0.365351646723959,0.6706755513334874,0.20611973358689895,0.12320471507961364,0.42755247136221564,0.846131314819989,19,Male,Tier3,"flat 50% off, budget, new arrivals, jeans, combo offer",0
CUST01214,55,1,1140.0,1704.0,0.6267645652107274,0.6437750179366792,0.7317651764153317,0.23393027786187473,0.03430454572279374,0.776973081573701,0.48836689772582703,23,Non-binary,Tier3,"unboxing, referral code, size medium, t-shirt",6
CUST01215,43,1,1040.0,1909.0,0.7245395081333479,0.48696656539360306,0.5497042488050078,0.24529051827190052,0.20500523292309183,0.8592056710680736,0.3648249380368018,20,Female,Tier3,"influencer recommended, reels, diwali sale, size medium",6
CUST01216,41,1,970.0,1826.0,0.4663125734571205,0.47022360067360913,0.35128235700455646,0.3600785922507431,0.2886390507447004,0.5638067818640544,0.4101150027057579,25,Female,Tier2,"trending, referral code, new user offer",6
CUST01217,57,1,1740.0,1559.0,0.4144315350558496,0.7624221082635819,0.7325840944863982,0.14161150034169623,0.12580440517190558,0.5862511892582213,0.3274958179062503,30,Male,Metro,"size guide, return policy, reviews",3
CUST01218,58,1,2280.0,1802.0,0.3465672964304534,0.2672146100249968,0.30803260691778184,0.40868382479986526,0.28328356828235285,0.46375827100981726,0.7498692447837589,39,Female,Metro,"family pack, gifting, wedding collection, ethnic wear",5
CUST01219,46,1,1200.0,1646.0,0.3588747689912902,0.6321775740641336,0.3052817554685291,0.3623989698666794,0.3323192746647915,0.7321006901285348,0.3479639695543235,35,Male,Tier2,"size chart, order tracking, compare, wishlist, fit check",3
CUST01220,48,3,860.0,3272.0,0.514374895884257,0.6238071309088199,0.5095531249570723,0.35222812274744764,0.13821875229548009,0.697589637819444,0.5967375991695781,18,Male,Tier2,"trending, welcome offer, first order discount",6
CUST01221,13,4,660.0,3662.0,0.7142691378582656,0.3047739085103859,0.7107142436465138,0.2581662422199333,0.031119514133553055,0.4975046676203351,0.7257951147816827,35,Female,Tier3,"flat 50% off, discount, budget",0
CUST01222,16,2,790.0,2992.0,0.7566385057489897,0.3666152889148044,0.7118268745716133,0.22296216318400347,0.06521096224438332,0.41741627210432075,0.8072794680702504,18,Male,Tier2,"discount, combo offer, flat 50% off, lowest price, hype",0
CUST01223,13,13,510.0,9774.0,0.7747237184745,0.38013138271027425,0.5132589641804305,0.38482186209448166,0.10191917372508777,0.44976604983762897,0.6772865904096165,22,Female,Tier2,"kurta, budget, lowest price, bogo offer, ethnic wear",0
CUST01224,7,1,1120.0,3197.0,0.3816980251730322,0.2009531785705007,0.7830595573567078,0.1648113883644744,0.05212905427881772,0.7342548209307259,0.36079491860266577,19,Female,Tier2,"drop alert, oversized fit, new drop",2
CUST01225,39,1,3850.0,6260.0,0.025724568210957588,0.08254603511002868,0.25922332542184967,0.628806970511349,0.11196970406680112,0.15056314777961632,0.19488384948832546,41,Female,Metro,"size medium, exclusive collection, made to order",1
CUST01226,18,11,1590.0,19985.0,0.2419125554387482,0.2649413402218295,0.7089270903992688,0.25776767132855566,0.03330523827217564,0.6352975777520626,0.1316893760940565,18,Female,Metro,"cotton, limited stock, streetwear, order tracking",2
CUST01227,46,5,1760.0,21226.0,0.2078696104737666,0.05763008020230099,0.4783003817282191,0.20318124842137256,0.31851836985040843,0.33016797180779656,0.114851114950125,28,Female,Metro,"loyalty points, favorite brand, membership, usual size, my orders",4
CUST01228,73,4,2430.0,11921.0,0.16683652209856795,0.2173981432859829,0.5560147719451535,0.32136209725905607,0.12262313079579047,0.08903938082540622,0.3162418107652709,55,Male,Metro,"order history, restock, free shipping, size guide",4
CUST01229,8,6,1160.0,18198.0,0.25218282897185323,0.35483075465039876,0.815845848641387,0.10054616108084724,0.08360799027776582,0.7195453829329245,0.39762964326946515,25,Male,Metro,"streetwear, cotton, trending now",2
CUST01230,42,4,3370.0,13828.0,0.12189954978610285,0.07272083642264698,0.18516391733167908,0.5210802324610341,0.2937558502072869,0.30023449584576606,0.25662989612561354,32,Female,Metro,"designer drop, premium, exchange, compare, made to order",1
CUST01231,23,1,1370.0,2771.0,0.17495489597025357,0.17410527552698063,0.46850065061877344,0.42746585551809796,0.10403349386312855,0.41489667374340394,0.30975887970985844,34,Male,Tier3,"favorite brand, order history, new arrivals, usual size, my orders",4
CUST01232,14,17,610.0,9378.0,0.845158498910875,0.46415291145205184,0.8175120301412256,0.060907159591991285,0.12158081026678305,0.44797822594778824,0.6800405307598796,33,Female,Metro,"bogo offer, coupon, clearance",0
CUST01233,93,4,3990.0,30610.0,0.22960493069083837,0.4323344821584277,0.35885195733355213,0.390025216897814,0.2511228257686338,0.4141740304834218,0.5924575387361216,20,Female,Tier2,"occasion wear, saree, sherwani, wedding collection",5
CUST01234,17,6,700.0,8888.0,0.6937001884305569,0.16983759452350078,0.7241548154297753,0.12924672813273028,0.14659845643749433,0.5182683037414252,0.7154562132440564,18,Male,Tier3,"flat 50% off, coupon, jeans, clearance, sale",0
CUST01235,18,12,650.0,11857.0,0.7681568767047531,0.3365982534943961,0.552254219180442,0.2591517522476532,0.18859402857190485,0.4878758701450233,0.5234615412066893,18,Male,Tier2,"bogo offer, clearance, flat 50% off, sale, kurta",0
CUST01236,70,1,1230.0,1726.0,0.32290049056017545,0.906589332415284,0.47924792515322945,0.18057836768700172,0.34017370715976863,0.6278253327174903,0.44867994902513325,21,Female,Tier2,"still deciding, order tracking, wishlist, fit check",3
CUST01237,7,5,1460.0,14235.0,0.30117175390908046,0.20784921085894736,0.8824641930785683,0.04564661233002777,0.07188919459140393,0.8829303619131897,0.3268064546402803,20,Female,Tier2,"oversized fit, trending now, restock alert, sneaker match",2
CUST01238,48,3,1220.0,9325.0,0.1921548701013062,0.7982745837016179,0.2495496827883416,0.6642371339075475,0.08621318330411086,0.5354259091352563,0.23272944659038383,37,Male,Tier2,"wishlist, delivery time, size guide, cod available, order tracking",3
CUST01239,20,14,600.0,16538.0,0.5522335920560966,0.440728454254512,0.7740235525203043,0.17521460172804815,0.05076184575164759,0.6413556139138887,0.5361525726229666,18,Male,Tier2,"early access, clearance, favorite brand, combo offer",0
CUST01240,67,2,1390.0,1585.0,0.5129375797398402,0.478324419548507,0.7064227508373359,0.08701655564361782,0.20656069351904638,0.6638501442656195,0.6880285133492562,26,Male,Tier2,"streetwear, new user offer, trending, insta finds, try first order",6
CUST01241,17,7,580.0,8514.0,0.6517455969239339,0.38291659860306865,0.4895771376900112,0.4570745417274948,0.05334832058249397,0.5199192098761845,0.5225562958548996,40,Male,Tier3,"flat 50% off, size medium, exchange",0
CUST01242,79,1,1250.0,2921.0,0.6135490282103093,0.639822329204184,0.17459631666286232,0.574873859042171,0.2505298242949666,0.6548074508217282,0.5068991015337694,24,Male,Tier2,"unboxing, lowest price, referral code",6
CUST01243,70,2,2840.0,13061.0,0.28662788028084757,0.4031006457865596,0.28227520522044275,0.5275249957811194,0.1901997989984377,0.5921359835365587,0.5934500316646243,31,Female,Tier2,"wedding collection, diwali sale, family pack, festive",5
CUST01244,44,9,1660.0,34205.0,0.366357709875883,0.04705342359980206,0.19850909804627154,0.6808875839115209,0.12060331804220759,0.2810793708309651,0.08786112002439275,31,Male,Tier3,"favorite brand, try first order, order history, loyalty points, restock",4
CUST01245,65,1,1250.0,1235.0,0.6230272538605729,0.43735601379433797,0.4812846614861025,0.46194567496588085,0.0567696635480168,0.6138281082415816,0.631806522322874,22,Male,Metro,"insta finds, referral code, usual size, t-shirt",6
CUST01246,11,6,1620.0,6426.0,0.32922334221076244,0.16363254711848105,0.8405290845507934,0.051441469577098116,0.1080294458721085,0.8000120859804177,0.3530383673729394,23,Female,Tier2,"designer drop, new drop, trending now, premium fabric, drop alert",2
CUST01247,14,6,680.0,8562.0,0.6912388000311277,0.5160432709075484,0.4150993379871945,0.5144016414366536,0.07049902057615184,0.4358892061387831,0.7386177194788961,18,Female,Tier2,"flat 50% off, coupon, free shipping, kurta, clearance",0
CUST01248,17,6,640.0,5171.0,0.5230549359012718,0.3711026305375189,0.82675586775708,0.1589127382128831,0.014331394030036936,0.6043410235701066,0.6963736231234838,33,Female,Tier3,"budget, sale, coupon, discount, flat 50% off",0
CUST01249,44,4,3870.0,34185.0,0.11268159429038908,0.2989018819274097,0.08683600510440798,0.480073657153677,0.433090337741915,0.23674389885371844,0.058518656577931906,35,Female,Tier2,"curated, capsule collection, premium fabric, compare",1
CUST01250,72,1,1430.0,1182.0,0.5490317165542897,0.22365261883730264,0.4422647378787099,0.25483853704172116,0.3028967250795689,0.7040831593322965,0.5765373907830822,28,Female,Tier3,"influencer recommended, t-shirt, welcome offer, try first order",6
CUST01251,38,8,1580.0,28126.0,0.4103567458728697,0.05133255184524042,0.37300129986574504,0.3946752427499285,0.23232345738432642,0.3015744703501219,0.3692260420700753,32,Female,Tier2,"usual size, repeat order, new arrivals, my orders, free shipping",4
CUST01252,88,1,2250.0,3459.0,0.30953973414971536,0.8546523641231923,0.1440594679585081,0.2738153348511307,0.5821251971903613,0.5070363308144924,0.31459599996794413,26,Female,Tier2,"size chart, budget, return policy, t-shirt, jeans",3
CUST01253,36,11,1430.0,14571.0,0.5386776068978831,0.3601466075321001,0.5695329052119021,0.1882873944902185,0.24217970029787936,0.40388453879673686,0.17764379178320652,44,Female,Metro,"restock, loyalty points, new arrivals, early access",4
CUST01254,70,5,3240.0,18510.0,0.23580017234372713,0.4498273353132488,0.19300925111546902,0.4983199443856752,0.30867080449885587,0.5032980422184883,0.25714247575924576,33,Female,Tier3,"sherwani, saree, full price, occasion wear",5
CUST01255,16,8,1370.0,25415.0,0.38232756481609936,0.35533842057679127,0.8258871438804033,0.14133730435460778,0.032775551764988926,0.8470451514540484,0.3551932942867776,18,Female,Metro,"drop alert, unboxing, trending now, order tracking",2
CUST01256,16,3,660.0,3023.0,0.6905627881166388,0.34285118319734437,0.7941560537504313,0.1602163274749002,0.04562761877466843,0.5829502504604848,0.6268331885767316,18,Female,Tier2,"free shipping, clearance, jeans, sale, budget",0
CUST01257,9,14,1150.0,8868.0,0.3375826261449426,0.3202169907531331,0.6368765101793835,0.18943184122652187,0.17369164859409464,0.8547971119019441,0.35104214338269285,30,Male,Metro,"streetwear, wishlist, new drop",2
CUST01258,52,1,870.0,607.0,0.4651126921275034,0.5261675050379755,0.4490265327644051,0.39866738300770815,0.15230608422788694,0.7382340265218574,0.6901222235284334,20,Female,Metro,"new user offer, insta finds, reels",6
CUST01259,62,4,3010.0,25434.0,0.28926344687856037,0.47020732037415164,0.5128766920901038,0.3098737692036199,0.17724953870627644,0.5474334664447794,0.46524247945497194,27,Female,Tier2,"festive, wedding collection, order tracking, kurta set",5
CUST01260,44,2,1100.0,5257.0,0.5930625254542439,0.30843941725106033,0.5337294671316086,0.09290690887795232,0.37336362399043915,0.6065413563025306,0.6381372239790989,18,Male,Metro,"referral code, size chart, delivery time, reels",6
CUST01261,90,1,1820.0,2667.0,0.24734090428922118,0.5184080871672326,0.15493869791834072,0.4724068138482979,0.3726544882333614,0.5007178978200247,0.2684875105792355,26,Male,Tier3,"size chart, kurta, delivery time, cod available, occasion wear",3
CUST01262,4,3,880.0,5524.0,0.5818508579206367,0.18161861524341133,0.3604910190255569,0.28473410511185204,0.3547748758625911,0.8454523547443661,0.4608239142724823,22,Male,Tier3,"limited stock, streetwear, oversized fit, restock alert",2
CUST01263,54,1,1520.0,1339.0,0.4941415037815863,0.4166092417712798,0.7694092219307954,0.2177481706214607,0.01284260744774384,0.7562327176079351,0.5252644888788753,18,Female,Tier2,"welcome offer, saree, trending, reels, unboxing",6
CUST01264,13,19,660.0,14279.0,0.8754892629070203,0.3681009786381235,0.740563550318562,0.07480449013855137,0.1846319595428867,0.5590877700366597,0.6107854100885872,25,Female,Tier3,"budget, flat 50% off, sale, gifting",0
CUST01265,60,2,1700.0,8359.0,0.1422661224164468,0.035432215539695326,0.49299393887523857,0.2385488625416748,0.26845719858308653,0.39273386104747154,0.11627114405678361,23,Male,Tier3,"kurta, order history, favorite brand, early access",4
CUST01266,80,10,2730.0,14171.0,0.17171543809782644,0.3664196582961691,0.4297325279720848,0.36357559619800345,0.20669187582991191,0.559741532258905,0.3840954247812218,34,Male,Tier2,"usual size, sherwani, diwali sale, family pack",5
CUST01267,15,10,550.0,6167.0,0.8244538241730405,0.28101190598455483,0.47486087884089145,0.5072636564284072,0.017875464730701326,0.5731508317642193,0.828026657369754,25,Male,Tier2,"flat 50% off, combo offer, clearance, bogo offer",0
CUST01268,9,6,1020.0,13121.0,0.3604067109087923,0.29733889223270477,0.5166843941026376,0.18656343226786853,0.29675217362949385,0.802453266025721,0.43756690316970887,26,Female,Tier2,"jeans, limited stock, oversized fit",2
CUST01269,42,2,1060.0,4486.0,0.4113394408065445,0.7559045774767245,0.23796537137934343,0.3100118053239195,0.45202282329673704,0.5024682154252914,0.5583740018247592,21,Female,Tier3,"still deciding, cod available, reviews, fit check",3
CUST01270,15,9,550.0,12256.0,0.6009087355503927,0.3534469310302438,0.529167419679403,0.3739091171452402,0.09692346317535681,0.6486512392973567,0.6628347908691447,30,Male,Tier3,"limited stock, discount, lowest price, flat 50% off, order tracking",0
CUST01271,8,14,1030.0,22837.0,0.36492435738761286,0.13862458624965113,0.8104215844707944,0.09082809620409069,0.09875031932511492,0.8279222558655216,0.26834343638747105,24,Female,Tier2,"new drop, collab, cashback, trending now, hype",2
CUST01272,8,5,1190.0,9123.0,0.3825479737614014,0.3492833894169833,0.8725406725536217,0.04818532704573824,0.07927400040064007,0.9310112884660017,0.3472415655146749,21,Male,Metro,"t-shirt, drop alert, new drop, discount",2
CUST01273,70,1,4060.0,6032.0,0.37840582364277847,0.2636450209545255,0.38545195290972034,0.4622088406466992,0.15233920644358048,0.510123432374149,0.6047213944337886,50,Female,Tier2,"ethnic wear, cotton, wishlist",5
CUST01274,12,12,650.0,10652.0,0.917228690459079,0.33498007187852963,0.9121825235373242,0.039726474422810264,0.048091002039865736,0.7157737679466751,0.8023903864127367,19,Non-binary,Metro,"cashback, coupon, order tracking, combo offer, ethnic wear",0
CUST01275,41,4,3050.0,23639.0,0.17538023842635736,0.046243503054655195,0.3233556777991858,0.44109433421747135,0.23554998798334292,0.343935454813149,0.23720881976849245,43,Female,Metro,"luxury, premium fabric, curated, full price",1
CUST01276,15,2,490.0,495.0,0.8037866088339459,0.26494631942355507,0.8811212174553942,0.10165771048608846,0.017221072058517195,0.5225018664686735,0.7312293931207292,18,Male,Tier2,"lowest price, referral code, discount",0
CUST01277,64,1,1290.0,3572.0,0.44815268657030727,0.7571826903551031,0.6127556079450344,0.2471013483541037,0.14014304370086192,0.5134322669544245,0.3492910210665845,22,Female,Tier3,"insta finds, reviews, referral code, exchange",3
CUST01278,92,6,1590.0,12349.0,0.15679274431939977,0.7694485811105408,0.261898070868579,0.4092500269950205,0.3288519021364005,0.4143304196199503,0.3276198640437631,18,Female,Tier2,"cod available, order tracking, compare, wishlist",3
CUST01279,47,1,1130.0,855.0,0.3809566354166284,0.7396149833897191,0.725471509731799,0.1377346259872419,0.13679386428095913,0.6214600350929433,0.30545683407442215,18,Male,Tier2,"delivery time, size guide, size chart, full price",3
CUST01280,43,2,1110.0,1200.0,0.7123343579415998,0.6253105715449881,0.17961023612960048,0.1364348591380255,0.6839549047323741,0.8117809668449978,0.4753387480399678,38,Male,Metro,"kurta, reviews, free shipping",3
CUST01281,93,1,1280.0,1909.0,0.5821817583834703,0.32422054904955305,0.5122882810540194,0.40144413528647366,0.08626758365950704,0.6619821921334352,0.5223357267982218,25,Female,Tier2,"reels, new user offer, first order discount",6
CUST01282,42,4,2050.0,5212.0,0.19304819915454824,0.1227959588952554,0.3320309221335432,0.5693576297183178,0.09861144814813912,0.3259688890649495,0.16545582663077055,20,Female,Tier2,"new arrivals, membership, repeat order, favorite brand",4
CUST01283,12,4,1520.0,12398.0,0.3860379049818731,0.26934945480935174,0.45201145831628065,0.4554142829295127,0.0925742587542065,0.7778179950093542,0.6217917893090396,28,Female,Metro,"limited stock, trending now, new drop",2
CUST01284,15,8,510.0,10112.0,0.8038265763268096,0.466945177224655,0.2828002017060963,0.048641290665530454,0.6685585076283733,0.3890013996523434,0.8852357995165562,18,Male,Tier3,"clearance, combo offer, budget, cashback",0
CUST01285,9,2,1230.0,3344.0,0.2864494751149464,0.38308104779185653,0.6379217697893672,0.13183368861740832,0.2302445415932244,0.8745328912756818,0.36388647124080203,22,Male,Metro,"limited stock, reviews, hype, order tracking, trending now",2
CUST01286,72,1,2750.0,4552.0,0.306155494517054,0.5780234560232653,0.4419316328844143,0.14161838492708145,0.41644998218850415,0.34261665244427575,0.323935449688881,41,Female,Tier2,"ethnic wear, order tracking, sherwani, oversized fit, diwali sale",5
CUST01287,42,7,1480.0,17303.0,0.1909998444909349,0.11926373761529763,0.41941077390269016,0.22097899082845449,0.35961023526885544,0.433721602606932,0.2333666279482063,34,Male,Metro,"restock, order history, favorite brand, order tracking, repeat order",4
CUST01288,35,4,670.0,6199.0,0.7119100092562075,0.5122930326365014,0.5435937302729905,0.24070641560017822,0.21569985412683135,0.9077816661300445,0.6454464205714132,21,Female,Metro,"try first order, welcome offer, unboxing",6
CUST01289,10,5,1140.0,13080.0,0.32496887270387914,0.28822070139224654,0.6410624579018299,0.31712028604622,0.041817256051950025,0.7404550453625446,0.5135927297289771,34,Male,Tier2,"cotton, limited stock, hype, t-shirt",2
CUST01290,37,4,3920.0,24466.0,0.0541884069178273,0.21487341066134877,0.17275065716185684,0.519485095100787,0.30776424773735617,0.24972935997385243,0.08715104258303089,37,Male,Metro,"full price, luxury, jeans",1
CUST01291,54,2,1640.0,2887.0,0.26402224164755234,0.1926030837102443,0.5916151697260533,0.12858155743764127,0.27980327283630535,0.4848536855522667,0.1258681036882312,36,Male,Tier3,"new arrivals, membership, luxury, limited edition",4
CUST01292,39,8,1480.0,10476.0,0.3709466131924143,0.03490205356556954,0.13933819411793325,0.28795531465547125,0.5727064912265954,0.5650364923560391,0.14834808569270702,23,Female,Metro,"repeat order, loyalty points, membership",4
CUST01293,83,1,1210.0,1720.0,0.35614216911114277,0.7809400004665866,0.3351482945202712,0.3348377371687959,0.3300139683109329,0.4099161989577228,0.32596497821731824,36,Female,Tier3,"wishlist, still deciding, cod available, curated, size guide",3
CUST01294,36,20,1210.0,33856.0,0.1104285087825599,0.20010034439809626,0.3781733738381801,0.3067481294676222,0.3150784966941977,0.3894549059294512,0.2088151523213258,47,Male,Metro,"repeat order, usual size, favorite brand, limited stock, my orders",4
CUST01295,46,3,1710.0,12664.0,0.3413697673025531,0.167607608394419,0.2552087437707921,0.44516019944454094,0.29963105678466695,0.3517393173333953,0.2836193167082383,29,Female,Metro,"loyalty points, new arrivals, clearance",4
CUST01296,44,8,2000.0,12805.0,0.14999016968038245,0.22322251983618435,0.45987729057128496,0.4205030918743787,0.11961961755433631,0.2960553650651407,0.41634771556019956,42,Female,Tier2,"restock, loyalty points, favorite brand, early access",4
CUST01297,19,7,620.0,2093.0,0.7234679474212926,0.3762865145427948,0.5149838076750739,0.4464108506338303,0.038605341691095925,0.594076331944187,0.4579796005357742,31,Female,Tier3,"sale, cashback, lowest price, combo offer, budget",0
CUST01298,47,1,1020.0,731.0,0.4256653984532984,0.8137081860580879,0.2778599683137405,0.6072355909640709,0.11490444072218871,0.666137965578417,0.3651385825702887,29,Female,Tier3,"compare, delivery time, fit check",3
CUST01299,45,2,1800.0,3115.0,0.2724482356253113,0.04994232533118354,0.4647056418991462,0.5243453537819844,0.010949004318869292,0.2678153816638537,0.2815168798097399,33,Female,Tier3,"new arrivals, membership, loyalty points",4
CUST01300,9,2,1040.0,3194.0,0.5005671255482221,0.24087437746355236,0.6124091218306291,0.3252760918279864,0.062314786341384536,0.7380053993684272,0.5023456864909415,21,Female,Metro,"diwali sale, size medium, drop alert",2
CUST01301,51,5,1370.0,6037.0,0.16246404934421554,0.19060096896256495,0.3413468942345107,0.4101610806124955,0.24849202515299385,0.49090234761256757,0.16194843338865256,25,Female,Metro,"favorite brand, early access, my orders",4
CUST01302,41,5,1690.0,21363.0,0.23114221621977568,0.08049559658121241,0.724915949267491,0.05843241080916969,0.2166516399233393,0.4625106746921195,0.1616555776698223,36,Female,Tier3,"repeat order, new arrivals, free shipping",4
CUST01303,36,9,1600.0,10491.0,0.219293349997783,0.32542775214474556,0.6634523826626714,0.22856394129528446,0.10798367604204417,0.17415149806213145,0.14645244101155988,33,Female,Metro,"gifting, early access, favorite brand, my orders, usual size",4
CUST01304,41,5,1080.0,9860.0,0.49983821551250346,0.5506317933167226,0.3847891171598713,0.41307621385323845,0.20213466898689023,0.7192049474345849,0.397205048271793,37,Male,Tier2,"loyalty points, size chart, wishlist, kurta",3
CUST01305,14,13,510.0,18299.0,0.9114337254403265,0.32325919126644387,0.8216172083717778,0.13825914054916913,0.04012365107905309,0.3884031502269187,0.46950556273523697,24,Female,Tier3,"sale, combo offer, discount",0
CUST01306,63,5,1260.0,11371.0,0.2771285712157981,0.7372171467195633,0.2922801170576961,0.3563501062814383,0.3513697766608655,0.6468906257869558,0.19902908808797382,23,Male,Tier3,"delivery time, return policy, wishlist, size guide",3
CUST01307,62,1,1130.0,1513.0,0.3051325010989935,0.6768666071185987,0.33888840117752383,0.2724846767353836,0.38862692208709254,0.5656485887387716,0.5952945060208703,28,Female,Tier2,"fit check, return policy, still deciding, size chart",3
CUST01308,15,3,1740.0,12620.0,0.30976790659349884,0.263798511603042,0.9304650182527942,0.04705500066995952,0.022479981077246376,0.6877279671074987,0.21345774486113092,18,Female,Metro,"limited stock, hype, streetwear, trending now",2
CUST01309,31,1,1370.0,2944.0,0.5338444678447062,0.07963809664803546,0.4527566375720865,0.319775489159739,0.2274678732681743,0.35055549162848193,0.0972653801217697,33,Male,Tier2,"early access, repeat order, restock, new arrivals",4
CUST01310,23,7,1590.0,9891.0,0.18440289527330242,0.35246809230559156,0.8190150723332756,0.10895708639224864,0.07202784127447573,0.7736566204972168,0.1802406757321707,30,Female,Tier2,"trending now, collab, cotton, limited stock, sneaker match",2
CUST01311,18,4,1870.0,6224.0,0.25519228423093737,0.31528677597406884,0.6912857481896499,0.24852856121601824,0.06018569059433198,0.5993303610891896,0.3340109568748624,20,Male,Tier3,"free shipping, sneaker match, oversized fit, exchange",2
CUST01312,20,15,790.0,26327.0,0.6404023471543779,0.4253484342898422,0.33100309731425387,0.1959581322091007,0.47303877047664533,0.42272852265218297,0.6389140961849751,37,Female,Tier2,"combo offer, clearance, cotton, coupon, sale",0
CUST01313,16,5,630.0,6639.0,0.8225299675750627,0.49764194117265603,0.775966731322139,0.05716755745167316,0.16686571122618776,0.681031655497017,0.562356215676594,34,Male,Metro,"trending, bogo offer, insta finds",0
CUST01314,14,3,570.0,2506.0,0.6929534771014406,0.2499770086410656,0.6404307683004152,0.27844729107486477,0.08112194062471992,0.7049665154841711,0.6673163116685689,25,Female,Tier3,"t-shirt, lowest price, clearance, discount, kurta",0
CUST01315,80,1,1480.0,1933.0,0.3517463780236808,0.6604024673612551,0.14484895586375315,0.4872980391919576,0.3678530049442892,0.40220601109934456,0.4774382779454452,28,Female,Tier2,"referral code, size guide, return policy, compare",3
CUST01316,14,15,580.0,17251.0,0.8023884622150684,0.42492910169791775,0.6803260168483517,0.29973158829108193,0.019942394860566395,0.581899818511334,0.6761056761868545,26,Female,Tier2,"combo offer, exchange, clearance",0
CUST01317,48,1,3510.0,6754.0,0.2144340545361101,0.18773952414429435,0.20691190446821733,0.40322187479491156,0.3898662207368711,0.20075631192435672,0.2801559411896406,43,Female,Metro,"curated, capsule collection, luxury",1
CUST01318,45,4,2250.0,19933.0,0.29783594580674533,0.10338662510495729,0.4691852371026717,0.40040901637519427,0.1304057465221341,0.3469389639352562,0.33152895995512444,32,Female,Metro,"new arrivals, restock, jeans, loyalty points, usual size",4
CUST01319,55,1,1820.0,3017.0,0.09948038506347144,0.24981095421252997,0.315209371817966,0.3254567476259391,0.35933388055609483,0.2858676094089929,0.39362455649714256,25,Female,Tier2,"repeat order, diwali sale, usual size",4
CUST01320,25,8,820.0,16152.0,0.6910309658621351,0.34543228443560237,0.7972872843322144,0.05132674287867419,0.15138597278911145,0.4715195393956414,0.802713119731805,22,Male,Tier3,"budget, flat 50% off, order tracking, bogo offer, sale",0
CUST01321,15,2,720.0,2023.0,0.9008454998965317,0.40857470506598503,0.6642578654181304,0.06062423238813469,0.275117902193735,0.5403355202218348,0.490558734546116,20,Female,Metro,"combo offer, flat 50% off, lowest price",0
CUST01322,78,6,2380.0,28136.0,0.20164232894510825,0.3270069426442744,0.68879705946664,0.05524776572737688,0.25595517480598307,0.12785757259285627,0.18767953965986758,28,Female,Metro,"my orders, bogo offer, early access, jeans",4
CUST01323,7,12,1100.0,13940.0,0.49393849833611364,0.15301649337035492,0.550289684269007,0.3497812605937337,0.09992905513725926,0.8252879803741587,0.26649083470331253,21,Female,Tier3,"cotton, trending now, kurta, streetwear",2
CUST01324,23,4,2700.0,8346.0,0.30782853082379535,0.07154011765862454,0.14650221931481244,0.5503031988077557,0.3031945818774319,0.3284840689075467,0.45249121196577713,43,Male,Metro,"luxury, capsule collection, curated, designer drop, order tracking",1
CUST01325,34,10,2020.0,46944.0,0.36307138206652106,0.060458236961905935,0.6548933872215288,0.2888722175680589,0.05623439521041231,0.3191526146865985,0.19849213896924736,33,Female,Metro,"cotton, order history, size medium",4
CUST01326,14,3,1700.0,5255.0,0.40132018588574603,0.3091661110106642,0.6869259182943616,0.14170324773805149,0.17137083396758693,0.7998527633301288,0.150321349197443,31,Male,Tier3,"cotton, trending now, collab",2
CUST01327,68,1,2870.0,5291.0,0.2222394785466637,0.15740039450460236,0.3189096990592107,0.2960328774354969,0.3850574235052925,0.5754750949819402,0.31679571354517916,27,Male,Tier2,"diwali sale, sherwani, ethnic wear, usual size, saree",5
CUST01328,40,1,4690.0,7380.0,0.08054934413306407,0.3434150298979514,0.12011591888073243,0.38920156604219763,0.49068251507707,0.30427911448848144,0.01138760622939554,40,Female,Tier2,"free shipping, jeans, exchange",1
CUST01329,15,12,680.0,11874.0,0.7201836087381835,0.23494375436269593,0.7203632587663317,0.18702306464073382,0.0926136765929345,0.5457608776005248,0.42192818780022967,29,Male,Tier2,"sale, bogo offer, t-shirt, budget",0
CUST01330,61,4,4110.0,13557.0,0.012442969252195618,0.3275224268453094,0.22549516370940192,0.5435716705759577,0.23093316571464043,0.13480458502069848,0.1355068477889395,49,Female,Metro,"luxury, cotton, premium",1
CUST01331,10,4,590.0,4104.0,0.7951827906474407,0.3996649288484079,0.8236860433710581,0.1355265421075232,0.0407874145214186,0.6643674500451623,0.5452737325981575,27,Female,Tier2,"kurta, jeans, cotton",0
CUST01332,57,1,1330.0,1198.0,0.3066278407904015,0.5588478777116564,0.3401731127757273,0.428059651245789,0.2317672359784837,0.5894965053159604,0.31323549006559853,37,Male,Tier3,"wishlist, diwali sale, delivery time",3
CUST01333,25,1,660.0,487.0,0.7570301735662389,0.456259907795168,0.635968552463827,0.18804363041409694,0.1759878171220761,0.6649619526857142,0.6359210686961484,23,Female,Metro,"clearance, flat 50% off, combo offer",0
CUST01334,79,1,2520.0,4517.0,0.36344866110063595,0.3593316090563116,0.5830684277555113,0.19979506548023995,0.2171365067642488,0.5706559381788149,0.6012454183415542,33,Male,Metro,"festive, kurta set, wedding collection, exclusive collection, luxury",5
CUST01335,88,1,3040.0,2836.0,0.19864076305477127,0.3176364407487025,0.1883518576846365,0.6868120177777496,0.12483612453761397,0.36920356197718546,0.5219513506643656,32,Female,Tier2,"diwali sale, gifting, occasion wear, wedding collection, sherwani",5
CUST01336,40,1,2500.0,2379.0,0.28196338167149293,0.23206277232936653,0.12159071533303012,0.5447143444746887,0.33369494019228113,0.3678795213409681,0.7460050485537895,31,Male,Tier2,"saree, jeans, sherwani, ethnic wear, family pack",5
CUST01337,44,5,990.0,2717.0,0.4162066077661528,0.6826201562971037,0.16200161487359102,0.3007414469695789,0.53725693815683,0.6728339658759191,0.4946826893886884,34,Female,Tier3,"fit check, wishlist, still deciding, return policy, flat 50% off",3
CUST01338,55,1,1010.0,1754.0,0.6242560819673657,0.5583962922011279,0.44529450056671704,0.3944797231852301,0.1602257762480528,0.796649810568086,0.5934169383092707,27,Non-binary,Metro,"trending, influencer recommended, insta finds, new user offer, reels",6
CUST01339,11,14,590.0,17431.0,0.8077525086626446,0.2544812838554115,0.7626372475691855,0.06209013724908403,0.17527261518173043,0.6539712094250998,0.8868289159689621,30,Female,Tier3,"cashback, budget, kurta, sale",0
CUST01340,38,1,3190.0,3410.0,0.05772067953820995,0.16393722669497723,0.29074413998867993,0.3425430915839814,0.36671276842733885,0.28230114031451803,0.13721314784405367,34,Female,Tier2,"cashback, limited edition, t-shirt, premium fabric, designer drop",1
CUST01341,37,1,3730.0,9541.0,0.09687165055491305,0.138535367343207,0.3389506536201268,0.3158392001590576,0.3452101462208157,0.48740681856059315,0.07138079228413234,29,Female,Metro,"premium, designer drop, limited edition, free shipping, jeans",1
CUST01342,9,7,1500.0,11713.0,0.222805992058234,0.21603891948440349,0.74980547749315,0.12442527388084389,0.12576924862600614,0.8060103840845632,0.4996508239555979,21,Male,Metro,"hype, collab, kurta",2
CUST01343,65,1,1250.0,1422.0,0.6092738066926462,0.5785724267303239,0.5220183442068652,0.36585006201897374,0.11213159377416103,0.7634664760024952,0.4567811247059831,23,Male,Tier3,"free shipping, welcome offer, reels",6
CUST01344,13,12,770.0,20441.0,0.6886665057543886,0.3571817490747353,0.47808767076983094,0.36151120677448445,0.16040112245568447,0.4002406254011705,0.4914314652203559,25,Female,Tier2,"cotton, kurta, clearance, favorite brand, order tracking",0
CUST01345,7,6,1170.0,14706.0,0.459912646300098,0.4994493890209672,0.9157497984506571,0.07751338329481913,0.006736818254523772,0.8743912200746656,0.41330242100920406,21,Male,Metro,"restock alert, order tracking, sneaker match, hype",2
CUST01346,65,1,890.0,2142.0,0.5216931661687209,0.5162210780041544,0.47608906374534526,0.2885163927113646,0.23539454354329017,0.4397007716973131,0.607964907666049,20,Female,Metro,"trending, unboxing, reels, welcome offer, first order discount",6
CUST01347,46,1,1050.0,823.0,0.3222805289006031,0.7188145037348749,0.48741683560289484,0.2814971057566005,0.23108605864050472,0.7660952024211372,0.5506695388803059,22,Female,Metro,"size chart, return policy, clearance, still deciding",3
CUST01348,58,7,2150.0,10853.0,0.50027793808627,0.343253538626178,0.2725437898300024,0.5015529041678224,0.22590330600217523,0.5338462892484857,0.6197842869013231,22,Non-binary,Tier3,"kurta set, family pack, size medium, ethnic wear, gifting",5
CUST01349,51,1,920.0,2425.0,0.5826402778067195,0.5386330846080275,0.2585654631359423,0.3927052908386827,0.3487292460253751,0.6263243611728468,0.6658316940842096,20,Male,Tier3,"reviews, first order discount, influencer recommended",6
CUST01350,11,11,770.0,11972.0,0.7671905599743917,0.42976537070219295,0.9683592218896543,0.021129476816355897,0.010511301293989882,0.4813523266957037,0.7241892877741379,33,Female,Metro,"budget, order tracking, sale",0
CUST01351,69,1,1160.0,829.0,0.6084489358358214,0.46881076415242684,0.19924821403864537,0.5615493591834039,0.23920242677795084,0.7957054661592231,0.7000672004824207,18,Non-binary,Tier2,"order tracking, exchange, new user offer, trending now",6
CUST01352,64,3,2960.0,15220.0,0.18760308996723493,0.4293679651226189,0.18462168088788958,0.5620757900033582,0.2533025291087522,0.5555540182637951,0.5500709347160407,49,Female,Tier3,"family pack, gifting, fit check, diwali sale, free shipping",5
CUST01353,62,5,2300.0,14565.0,0.47798755722442055,0.4199660583995757,0.31957365327492127,0.4666050947488548,0.21382125197622404,0.3181048523255531,0.36800187398967527,44,Female,Tier2,"jeans, saree, occasion wear, sherwani",5
CUST01354,34,7,1580.0,19120.0,0.3424476087534907,0.1094538020643948,0.5351761167310457,0.28675433357495583,0.17806954969399852,0.34855539621449466,0.29132359028426574,32,Female,Tier2,"new arrivals, membership, my orders, free shipping, early access",4
CUST01355,40,5,1090.0,5943.0,0.6255355300949823,0.32707653880697185,0.527364607626951,0.3080576446894962,0.1645777476835528,0.6675967402506335,0.6129476434356854,24,Male,Tier3,"made to order, jeans, new user offer, full price",6
CUST01356,52,1,1350.0,2411.0,0.2017972409391449,0.6488326582924769,0.17690307328130744,0.6780901720888991,0.14500675462979346,0.7665295599544253,0.2969894746378,32,Male,Tier3,"cod available, wishlist, kurta",3
CUST01357,45,1,920.0,1123.0,0.4278589393308812,0.37386960248657697,0.5540203429731326,0.23715881402470101,0.20882084300216638,0.91904762797164,0.5559350832535305,18,Male,Tier2,"welcome offer, unboxing, trending, first order discount, influencer recommended",6
CUST01358,67,1,2470.0,4254.0,0.2044128722464027,0.19981906078522008,0.21713662544921095,0.6669097330666115,0.11595364148417754,0.38104610048829957,0.36936775703662533,35,Female,Metro,"jeans, gifting, wedding collection, ethnic wear, sherwani",5
CUST01359,105,1,2920.0,4368.0,0.34259294113427025,0.38078231987392697,0.22421691863293702,0.6413357207513445,0.1344473606157184,0.30866319764228056,0.5767539969577505,30,Female,Tier2,"saree, t-shirt, festive",5
CUST01360,68,4,1150.0,9445.0,0.5458104991617461,0.3381819080528296,0.2469119181991163,0.08982737801129956,0.6632607037895842,0.5149975248783532,0.49979539060341666,26,Female,Metro,"trending, insta finds, reels, size medium, try first order",6
CUST01361,9,4,1280.0,3132.0,0.3726208158716855,0.29510165644909814,0.8779694171694112,0.08061891079335672,0.04141167203723209,0.7919104903309179,0.4150931223268994,27,Male,Tier2,"free shipping, still deciding, new drop, size medium",2
CUST01362,65,2,2700.0,3630.0,0.29166316395022274,0.45169933847483823,0.1883267418425696,0.5436905789459539,0.26798267921147656,0.4245701261816513,0.5421461710670359,41,Female,Tier2,"ethnic wear, sherwani, kurta set, membership",5
CUST01363,39,2,930.0,3338.0,0.4080101249213974,0.4980423806130716,0.28868589230475317,0.2629370907363337,0.44837701695891324,0.6351855377976603,0.4111044894915711,32,Female,Tier3,"delivery time, free shipping, still deciding, compare",3
CUST01364,78,4,1010.0,2152.0,0.6146505500486837,0.541499985365804,0.3819607587329041,0.3193335631358137,0.2987056781312821,0.6905490598084341,0.35571769389662194,24,Male,Metro,"unboxing, influencer recommended, try first order, cotton, referral code",6
CUST01365,16,3,1700.0,12037.0,0.3916332051423082,0.37190427351234634,0.6819468547346723,0.23966182266617503,0.07839132259915264,0.5270188284505264,0.21401611621829772,19,Male,Tier2,"jeans, restock alert, streetwear",2
CUST01366,8,8,1260.0,16929.0,0.29120208637857936,0.21458472878573503,0.6568613106677512,0.19948955688498254,0.1436491324472663,0.9484273838790441,0.25806984505077324,24,Male,Metro,"drop alert, oversized fit, hype, trending now, cotton",2
CUST01367,75,1,1820.0,1399.0,0.6762703928066129,0.3964060664459792,0.42301776151379694,0.282466116064486,0.29451612242171715,0.6984411300412476,0.38159712014547537,18,Male,Metro,"collab, exchange, streetwear, new user offer, first order discount",6
CUST01368,17,2,730.0,1626.0,0.7933147070951709,0.362694400797559,0.4471529346165328,0.2389812977742974,0.31386576760916973,0.6253373884992283,0.6126568671596981,25,Male,Tier2,"budget, kurta, combo offer, cashback, flat 50% off",0
CUST01369,27,2,930.0,4093.0,0.7336385109357019,0.37828853012018104,0.5239976623386811,0.34303270359303445,0.13296963406828463,0.7262442222660537,0.6208782815209501,25,Female,Tier2,"new user offer, order tracking, welcome offer",6
CUST01370,60,1,910.0,1204.0,0.24885048884092825,0.8856754876853482,0.6068298444628281,0.3533128681825545,0.039857287354617375,0.8022457697998729,0.43012609824788345,22,Male,Tier2,"fit check, still deciding, wishlist",3
CUST01371,17,17,520.0,9487.0,0.914309742973906,0.3316603815381989,0.8536428955359603,0.12799267089715285,0.018364433566886787,0.4192014296937245,0.7312331424076176,21,Female,Tier2,"t-shirt, kurta, order tracking, exchange",0
CUST01372,8,10,1090.0,10442.0,0.4566155799798701,0.2869468431853522,0.6785742517257685,0.20778898604310372,0.11363676223112792,0.6750700146183387,0.28893477956613633,25,Female,Tier3,"new drop, oversized fit, hype",2
CUST01373,57,6,5440.0,38425.0,0.14357284204551968,0.4104328931287879,0.37244114273591034,0.39951818372426323,0.2280406735398264,0.1352614396703708,0.057086780400790786,35,Female,Metro,"luxury, made to order, limited edition, exclusive collection",1
CUST01374,8,7,1210.0,15153.0,0.4097324430766104,0.3171092055354782,0.8921224261764767,0.09589196682049016,0.01198560700303306,0.8934768084577106,0.1883377378112607,25,Male,Tier2,"sneaker match, new drop, collab, restock alert",2
CUST01375,82,1,3010.0,1741.0,0.4043700197666633,0.5395872311586741,0.26971663479815866,0.4868269292354022,0.243456435966439,0.43653974567217674,0.5881514872653957,35,Female,Metro,"wedding collection, kurta, family pack, ethnic wear",5
CUST01376,51,1,1290.0,2944.0,0.38225823580078583,0.4871540776384214,0.39020709373669743,0.3989243842091874,0.2108685220541153,0.6314583052857572,0.6634290267092757,22,Male,Metro,"unboxing, welcome offer, first order discount, trending",6
CUST01377,42,1,1580.0,3388.0,0.26924603832351185,0.1554590758249854,0.3633610073772374,0.45038862212534797,0.18625037049741458,0.292926097653433,0.2036353519939193,31,Female,Tier2,"membership, still deciding, exchange, repeat order",4
CUST01378,12,11,1510.0,30514.0,0.31612700654059833,0.34497162659321,0.7193067491946217,0.20388504868906496,0.07680820211631335,0.6730424054621723,0.3261444544574219,18,Female,Metro,"collab, limited stock, streetwear, sneaker match",2
CUST01379,43,2,880.0,1348.0,0.7805476684664445,0.49066789682149536,0.37189916414419155,0.40429119555999027,0.22380964029581815,0.8153888174872497,0.7532157187601746,21,Female,Tier2,"jeans, unboxing, t-shirt",6
CUST01380,85,7,2890.0,44040.0,0.3374728817417524,0.2986741134990031,0.4055485047016725,0.4613905886458111,0.1330609066525164,0.405801023552496,0.8389676310624148,48,Female,Metro,"diwali sale, free shipping, usual size",5
CUST01381,17,1,700.0,677.0,0.6451228734776424,0.3914944352413483,0.9023303811973072,0.093933288517788,0.0037363302849046736,0.5187791756230438,0.6719062564689912,23,Female,Tier2,"sale, discount, lowest price, designer drop, budget",0
CUST01382,77,1,3190.0,4378.0,0.25026835954070464,0.19876389285208687,0.1086336646703895,0.5747377412102976,0.3166285941193129,0.5653495052424766,0.39108575226136777,52,Non-binary,Tier2,"jeans, cotton, gifting, sale",5
CUST01383,43,1,2090.0,3021.0,0.2951004893256027,0.3855964094106447,0.37754451611333967,0.5234756074655693,0.0989798764210909,0.5034046984201438,0.6635302445216122,31,Female,Tier2,"gifting, size medium, kurta set, flat 50% off",5
CUST01384,35,4,1900.0,17983.0,0.148067146509246,0.107411716043333,0.4201710143591874,0.15939124719016906,0.42043773845064364,0.35710216483529533,0.24531696143405005,37,Female,Tier3,"my orders, favorite brand, repeat order",4
CUST01385,74,1,3940.0,10324.0,0.25545485472196044,0.7156706624883354,0.42443841472853483,0.47921797630800717,0.09634360896345799,0.5373727666499275,0.25165973016569765,46,Male,Tier2,"family pack, occasion wear, festive, sale",5
CUST01386,16,8,1590.0,11155.0,0.18955523885351575,0.4361858986755156,0.7860828315892452,0.1675270185605615,0.046390149850193275,0.8630962075212465,0.5076889050614865,24,Male,Tier2,"sneaker match, trending now, hype, coupon, new drop",2
CUST01387,69,1,1180.0,1772.0,0.27034192148378033,0.7957786810599775,0.31848434981589796,0.44346838138102174,0.2380472688030803,0.616018390100327,0.4663741304090619,25,Female,Tier2,"lowest price, size chart, fit check, compare, exchange",3
CUST01388,12,10,540.0,9027.0,0.8072177392704672,0.283921842200652,0.5700123893136794,0.335697621105402,0.09428998958091855,0.512550592086437,0.5582608110189867,35,Male,Tier3,"coupon, sale, kurta, lowest price",0
CUST01389,27,12,1410.0,27979.0,0.43385525184743223,0.049573883656206255,0.5916170553860329,0.030847793158786174,0.3775351514551809,0.544519389437833,0.2542485556980632,37,Female,Tier2,"exchange, restock, membership",4
CUST01390,17,5,800.0,4695.0,0.6233772153111388,0.5481766214099435,0.5761011004423738,0.23265756512857738,0.1912413344290486,0.5105010124593382,0.5850528183432473,19,Male,Tier2,"kurta, clearance, bogo offer",0
CUST01391,59,5,1450.0,12546.0,0.4578608423597083,0.5295030088038395,0.7262380148412632,0.19407038371255256,0.07969160144618444,0.5719263713488757,0.2407930457517669,28,Non-binary,Metro,"order tracking, oversized fit, fit check",3
CUST01392,9,8,1710.0,9032.0,0.4940783575868291,0.31443998733926215,0.7942631683169463,0.1936616982387754,0.012075133444278144,0.8639956181693108,0.3199945212450124,29,Male,Tier2,"restock alert, sneaker match, drop alert, hype, exchange",2
CUST01393,84,1,1500.0,948.0,0.3580983004534953,0.8031896576220233,0.12948958158313512,0.22612106898304998,0.6443893494338149,0.3383028601685396,0.32125889567449056,37,Female,Tier2,"delivery time, t-shirt, compare, wishlist",3
CUST01394,80,5,3130.0,35301.0,0.44235759517725676,0.3653239609880089,0.7033121003424327,0.14903378106680484,0.1476541185907624,0.4319460878632954,0.5756533406283265,28,Female,Tier2,"gifting, festive, wedding collection, return policy, exchange",5
CUST01395,61,1,1450.0,1890.0,0.2569732690118616,0.6384370326369024,0.6174649675645002,0.38061169899919256,0.0019233334363072836,0.8078540488579727,0.589060203359714,18,Female,Tier3,"try first order, insta finds, festive, reels, referral code",6
CUST01396,28,6,850.0,5926.0,0.6746072651739399,0.5569229234400579,0.31872401279944046,0.459615293068494,0.22166069413206554,0.47430981213589374,0.5534491804333271,27,Female,Tier2,"discount, flat 50% off, budget",0
CUST01397,15,10,630.0,5598.0,0.8315956248824905,0.45778503600610426,0.5864171168184074,0.2832406983059226,0.13034218487567015,0.6063587488583275,0.5825645761919025,31,Female,Tier3,"clearance, budget, coupon, lowest price",0
CUST01398,45,1,1080.0,580.0,0.48713511516006724,0.7833791954068875,0.21925245675357688,0.6255349333326818,0.15521260991374117,0.6300833482511451,0.4440346299018582,25,Male,Metro,"wishlist, t-shirt, free shipping, fit check",3
CUST01399,49,2,3280.0,10776.0,0.379740460793752,0.358952703374343,0.10267556623312989,0.7762189612984682,0.12110547246840186,0.27914569828922703,0.5143624037043182,36,Female,Tier2,"collab, gifting, festive, sherwani, family pack",5
CUST01400,65,1,1090.0,1955.0,0.7452928924066923,0.44185943196180855,0.48181364325924003,0.34109471108452266,0.1770916456562374,0.8170396189648698,0.6191284931398894,20,Male,Tier3,"try first order, trending, flat 50% off, insta finds",6
CUST01401,13,7,570.0,6563.0,0.7414739379340315,0.48011400588118813,0.7352283232357065,0.19208563493487127,0.07268604182942233,0.6340833740842199,0.6545492800653653,21,Female,Metro,"coupon, bogo offer, free shipping",0
CUST01402,8,12,1340.0,25524.0,0.2554381119622917,0.3778615846536045,0.886037921454964,0.08964340503751697,0.024318673507519047,0.8144025386523494,0.41259169342381763,21,Female,Metro,"trending now, drop alert, oversized fit, order tracking, restock alert",2
CUST01403,24,13,630.0,17677.0,0.8350445927970427,0.6438315827949097,0.8757717029879123,0.05829536902254358,0.0659329279895442,0.4223821409462985,0.5835368947124354,18,Female,Tier3,"sale, discount, fit check, coupon, budget",0
CUST01404,13,12,1650.0,15971.0,0.3031424995017732,0.3640749033511852,0.9025917664149973,0.09257083191446863,0.004837401670534021,0.5947718099190348,0.4529729859206952,23,Male,Tier2,"trending now, drop alert, restock alert",2
CUST01405,22,1,3460.0,3811.0,0.11773505293743528,0.11608548983196577,0.014165472988064455,0.48768866497934193,0.4981458620325937,0.34510776796850673,0.146679642858873,30,Male,Metro,"cashback, premium fabric, luxury, jeans, capsule collection",1
CUST01406,51,3,1070.0,4594.0,0.4822955916916905,0.5931173019632452,0.4830277843863647,0.47329345377255977,0.04367876184107565,0.766542087182438,0.4237946824792277,26,Male,Tier2,"reviews, compare, wishlist, still deciding, fit check",3
CUST01407,21,14,870.0,19449.0,0.5505992230732686,0.32685477531704954,0.7338089920379903,0.15165865034318046,0.11453235761882927,0.3972914655787245,0.7640796948304003,30,Male,Metro,"flat 50% off, budget, lowest price, favorite brand, order history",0
CUST01408,37,4,1760.0,9640.0,0.47213627457700313,0.17936957015216162,0.6703620936631368,0.13664056597897178,0.19299734035789137,0.39486482524298305,0.12921726064573585,38,Male,Tier2,"loyalty points, restock, new arrivals",4
CUST01409,48,1,1410.0,1431.0,0.4490488580104519,0.7115870009441844,0.30745588843102334,0.141567727735653,0.5509763838333236,0.6456205433296209,0.351504885582757,22,Male,Metro,"wishlist, size guide, full price",3
CUST01410,18,12,630.0,7142.0,0.7321350637790092,0.4851755532089107,0.5718200118618801,0.20213242116245483,0.22604756697566522,0.5019417330850504,0.6674363585808781,36,Female,Tier3,"lowest price, premium, sale",0
CUST01411,113,4,3410.0,10452.0,0.20033940420333646,0.48493931009935765,0.28611132115786536,0.33558986557240517,0.37829881326972936,0.43705017077838854,0.3675982160347562,25,Female,Tier2,"free shipping, wedding collection, ethnic wear, kurta",5
CUST01412,48,10,1760.0,42311.0,0.23717445992549357,0.13828499621192392,0.315677570613103,0.22965728236935712,0.4546651470175398,0.39976834961331414,0.20086494475034206,36,Male,Tier2,"early access, new arrivals, size medium, loyalty points",4
CUST01413,39,1,1020.0,2587.0,0.569685999235345,0.6953315154271712,0.4806681321507886,0.37503738730249475,0.14429448054671662,0.6273553563838945,0.6313522006909341,22,Female,Metro,"new arrivals, still deciding, my orders, fit check, return policy",3
CUST01414,15,2,1920.0,2916.0,0.2333355264167304,0.35773558959018714,0.4889621619224933,0.08632609079369567,0.4247117472838111,0.7701955532973188,0.11637371153380842,29,Male,Tier2,"sneaker match, collab, hype, restock alert, cotton",2
CUST01415,52,4,1770.0,16602.0,0.12965425331512023,0.07742890081757399,0.2837328139801569,0.4511011188085679,0.2651660672112751,0.39280851015118046,0.11168390168271325,37,Male,Tier3,"my orders, favorite brand, restock",4
CUST01416,56,1,1130.0,2960.0,0.6040426869889218,0.7080054153326301,0.2105955623106426,0.4255470320178996,0.3638574056714578,0.6673117754273669,0.4333005812569497,25,Male,Tier3,"still deciding, size chart, reviews, wishlist",3
CUST01417,35,1,670.0,1795.0,0.7161905292662911,0.47646211790117976,0.506596476709543,0.3422021389696259,0.15120138432083102,0.734208815034014,0.2851774659203531,28,Male,Tier3,"insta finds, referral code, cotton",6
CUST01418,52,2,1290.0,6104.0,0.14743662924838286,0.8028488842382345,0.6133730829415124,0.3329715501927336,0.05365536686575392,0.5603484128410161,0.341590847667389,33,Male,Tier3,"still deciding, return policy, kurta, designer drop",3
CUST01419,56,3,2060.0,15139.0,0.19521636477179907,0.09321527127428328,0.7221583320449967,0.07830747279197599,0.19953419516302726,0.3574851930594324,0.11603611390310034,43,Female,Tier3,"repeat order, loyalty points, first order discount, new arrivals",4
CUST01420,56,1,1120.0,826.0,0.5002807267916638,0.7281215143997066,0.30501321641010526,0.1596195469581591,0.5353672366317356,0.3063754197313863,0.16986166086579665,25,Male,Tier3,"wishlist, cod available, saree, fit check",3
CUST01421,47,3,2080.0,14753.0,0.25238844683941436,0.6164922798589638,0.10198089421969339,0.7713223350770563,0.12669677070325047,0.5371034549833436,0.657931490258558,35,Male,Tier2,"family pack, occasion wear, gifting, saree",5
CUST01422,59,8,1140.0,12656.0,0.5186495616536937,0.4065113750275603,0.6364511995652695,0.31004290634907233,0.053505894085658104,0.7893138838583535,0.462038283607631,18,Male,Tier3,"insta finds, first order discount, try first order, referral code",6
CUST01423,10,6,520.0,3602.0,0.5909289748427082,0.32040902716881237,0.7283923365638217,0.14388430014374567,0.12772336329243258,0.6553001703622982,0.7769738945871731,24,Female,Tier3,"bogo offer, clearance, free shipping",0
CUST01424,64,2,1190.0,5867.0,0.5820823195140499,0.42830253125833184,0.4695329928372944,0.2597608587333616,0.27070614842934404,0.6505238237501592,0.6347652710574404,21,Female,Tier3,"unboxing, cotton, try first order, new user offer, referral code",6
CUST01425,33,6,980.0,14942.0,0.4771714024520392,0.3741221122957359,0.7631264209019633,0.2273691454428002,0.009504433655236481,0.39266429485545196,0.4538532258653047,22,Non-binary,Tier2,"lowest price, flat 50% off, combo offer, budget, sherwani",0
CUST01426,7,10,1170.0,24686.0,0.23930052246716635,0.09225659953935694,0.7034636979923914,0.17987080657983226,0.11666549542777624,0.7283241043001625,0.5214299515768895,26,Male,Tier2,"premium, streetwear, hype, t-shirt",2
CUST01427,30,2,3670.0,7493.0,0.18456139692480134,0.23378269732850582,0.14279534098629748,0.633873926529903,0.2233307324837995,0.22456039927547788,0.41234388524888016,43,Female,Metro,"curated, kurta, limited edition, premium fabric, cotton",1
CUST01428,62,2,1090.0,1582.0,0.505333414812411,0.6154593891365574,0.22829457925603128,0.36631589555948535,0.4053895251844833,0.6914417988649948,0.532711217629426,28,Non-binary,Tier2,"wishlist, return policy, kurta, delivery time",3
CUST01429,37,4,3480.0,33324.0,0.19414488325563065,0.30176790745943083,0.20640985260803366,0.5320145856750558,0.2615755617169105,0.17255037477139576,0.14467021236029873,32,Male,Metro,"premium fabric, limited edition, size medium, exclusive collection, premium",1
CUST01430,36,1,1030.0,861.0,0.39855420071013226,0.6285242762200909,0.38949434434887054,0.20858966141396387,0.40191599423716573,0.7345248166514465,0.5708061167262086,20,Male,Metro,"delivery time, size chart, return policy",3
CUST01431,10,9,1850.0,25368.0,0.2423729177735319,0.4982674751555581,0.8950880684690563,0.024716980091050274,0.08019495143989344,0.6973085830619817,0.5390235673239799,25,Male,Tier3,"restock alert, discount, collab",2
CUST01432,19,3,830.0,2442.0,0.7582405794073768,0.24176200512039145,0.6757997614613217,0.09413085510676815,0.23006938343191016,0.5254918240852331,0.6941718677580049,34,Female,Tier3,"clearance, free shipping, lowest price, cotton, coupon",0
CUST01433,51,1,1120.0,1753.0,0.2879919853127994,0.6600196388544812,0.6119423624776172,0.18106033081918815,0.20699730670319452,0.7549250773009889,0.2933340227320955,33,Female,Tier2,"still deciding, compare, size chart",3
CUST01434,9,12,500.0,7216.0,0.7988555386408382,0.4693682679544008,0.6569650674625994,0.20560064622690624,0.1374342863104943,0.5033552098913383,0.7606700365647554,24,Female,Tier3,"jeans, clearance, budget",0
CUST01435,30,3,850.0,5016.0,0.6741190493456476,0.283193746724713,0.4215251538348126,0.4278275706204167,0.15064727554477056,0.6848676948230507,0.6382807869114988,22,Female,Metro,"unboxing, new user offer, insta finds, referral code",6
CUST01436,37,3,1310.0,6238.0,0.38912060882541044,0.12835789584421603,0.5519291674704528,0.30902487551621155,0.1390459570133355,0.3455861247489638,0.20328538337155228,33,Female,Metro,"compare, membership, favorite brand",4
CUST01437,55,9,2290.0,28834.0,0.13486473749246358,0.11707304898340734,0.2110676587292841,0.5415208348627412,0.24741150640797463,0.35968383283982036,0.20333885166049714,34,Female,Metro,"usual size, restock, favorite brand",4
CUST01438,13,24,590.0,25044.0,0.7086589508924146,0.4549894879057596,0.8664340978439555,0.11868341616938743,0.014882485986656991,0.64092314621084,0.4567413239138692,22,Male,Tier3,"bogo offer, flat 50% off, free shipping",0
CUST01439,6,22,1120.0,41774.0,0.456811271411261,0.1305409855327967,0.8631592235359402,0.08291254774634634,0.05392822871771336,0.8849393249680663,0.7419853218384682,24,Male,Metro,"streetwear, sneaker match, limited stock, exchange",2
CUST01440,38,6,3490.0,52515.0,0.10243972067425212,0.11386438388965088,0.2386689783309573,0.4978735972166378,0.2634574244524049,0.3144898026212356,0.1251876733299201,34,Female,Metro,"full price, designer drop, premium",1
CUST01441,18,11,710.0,5491.0,0.6864122603856541,0.4789169554123261,0.7778199598818211,0.11520952659408631,0.10697051352409251,0.45282806143408255,0.5753678851864735,33,Female,Tier2,"budget, flat 50% off, bogo offer, cotton, reels",0
CUST01442,27,5,1370.0,14551.0,0.3231641445779061,0.15043333211748303,0.6092696160715999,0.24639657303941467,0.14433381088898536,0.4391216732892052,0.22255274454575572,31,Male,Tier3,"usual size, order history, t-shirt, my orders, order tracking",4
CUST01443,36,17,1370.0,40599.0,0.22127643562200122,0.23325495535447216,0.41035328722278835,0.36231859323189625,0.22732811954531543,0.48527087629910637,0.08285956827507183,30,Male,Tier2,"order history, new arrivals, free shipping",4
CUST01444,22,3,810.0,3163.0,0.649525265799413,0.4897400007597183,0.6085497824244009,0.2773595643581879,0.11409065321741117,0.41604435246293014,0.7245495726158789,31,Female,Tier2,"usual size, budget, repeat order",0
CUST01445,43,3,4630.0,14358.0,0.03678483029410487,0.3149382707630996,0.16403317547342383,0.4553806852007527,0.38058613932582336,0.2087570288857383,0.1360172655723973,40,Male,Tier2,"premium fabric, designer drop, exclusive collection, luxury, ethnic wear",1
CUST01446,46,13,1540.0,15183.0,0.17924882282363003,0.09417274078121159,0.43005082636336056,0.4807206923824901,0.08922848125414941,0.3663656520395791,0.09646824512872523,30,Non-binary,Metro,"loyalty points, order history, early access",4
CUST01447,59,2,1740.0,3776.0,0.282567210276654,0.0319245206324435,0.5256591948823163,0.3898690457439336,0.08447175937375015,0.2028811827914356,0.044052084269733206,43,Female,Metro,"loyalty points, new arrivals, combo offer, usual size, order tracking",4
CUST01448,50,5,3550.0,18698.0,0.11833585922297493,0.12471618135125052,0.05469174265762576,0.3646328751556855,0.5806753821866888,0.12344367044163387,0.2260040749994859,28,Non-binary,Metro,"premium, curated, designer drop, exclusive collection",1
CUST01449,71,2,1930.0,5224.0,0.3092477785941852,0.1097587142887332,0.6153761601661637,0.20327843163477277,0.18134540819906367,0.13965914894457299,0.39711459431158375,41,Male,Tier2,"restock, free shipping, early access, combo offer, size medium",4
CUST01450,40,1,1090.0,701.0,0.452344382017318,0.3622397504306283,0.5922479517530058,0.34315876659077016,0.06459328165622416,0.8202222837146975,0.5939404119542272,21,Female,Metro,"trending, jeans, influencer recommended",6
CUST01451,15,10,640.0,9866.0,0.6316948721350639,0.6419766676723474,0.801037026175059,0.17676476861507123,0.02219820520986983,0.5847080592937638,0.4947241768040552,18,Female,Tier2,"budget, clearance, t-shirt, bogo offer, coupon",0
CUST01452,79,3,1310.0,7506.0,0.8060662333398206,0.3583337978053853,0.7056303782493093,0.17955073130567517,0.11481889044501552,0.6031110800743857,0.48904125440080487,18,Female,Tier3,"influencer recommended, insta finds, order tracking",6
CUST01453,20,10,750.0,12205.0,0.732052374518575,0.136469526322201,0.6679225867983479,0.10698997463949426,0.22508743856215782,0.3520125199314495,0.4628211042388707,18,Male,Tier2,"budget, cashback, lowest price",0
CUST01454,29,4,970.0,8178.0,0.7589023341542508,0.5936733847821956,0.6518797120820703,0.28552477867109605,0.06259550924683356,0.5874001867505213,0.6120091257931682,40,Male,Tier3,"clearance, combo offer, kurta, limited stock, cashback",0
CUST01455,10,6,1510.0,20341.0,0.39149339934312827,0.4153682442990865,0.7331227763018859,0.023958707356472708,0.24291851634164136,0.614100207811272,0.4185776033904443,23,Female,Metro,"new drop, trending now, cashback, lowest price, sneaker match",2
CUST01456,42,4,2050.0,12267.0,0.4433064956449481,0.2157907644593145,0.23816464706197066,0.3779126730877492,0.38392267985028017,0.48116682816368,0.5823702326586657,36,Female,Tier3,"sherwani, kurta set, jeans, wedding collection, saree",5
CUST01457,28,8,920.0,14471.0,0.6963959791296944,0.24798505756935846,0.6336875984047124,0.19141653510058074,0.17489586649470676,0.19254543431356294,0.6990280051349375,28,Male,Tier2,"cashback, jeans, lowest price, clearance, size chart",0
CUST01458,9,7,1520.0,8625.0,0.4325738625931674,0.4045758652840809,0.7004783688475337,0.2535273649056353,0.04599426624683113,0.7628953354596335,0.4539236439931217,22,Male,Tier2,"return policy, limited stock, cod available, drop alert",2
CUST01459,13,5,1300.0,12670.0,0.4240102445425048,0.35501929464626475,0.6993332074517788,0.2577171990101955,0.04294959353802567,0.8547498942011406,0.3621785208535257,25,Female,Tier2,"sneaker match, restock alert, trending now, exchange, collab",2
CUST01460,57,2,2610.0,8465.0,0.2762775775473028,0.3480577998552896,0.060351097408313834,0.6834692735826361,0.25617962900905,0.6681302073837107,0.5431107275921259,27,Male,Metro,"diwali sale, occasion wear, saree",5
CUST01461,21,26,560.0,18698.0,0.6661043305484108,0.1699043018315293,0.6222646469201737,0.16259251841132222,0.2151428346685041,0.5042694202190013,0.5579950746990078,27,Male,Tier2,"budget, jeans, bogo offer, coupon, cashback",0
CUST01462,12,13,610.0,8118.0,0.6748341949819604,0.36820066630061343,0.337457585945998,0.3422677825440332,0.3202746315099688,0.7278073257589132,0.6402583392143782,25,Male,Tier2,"discount, budget, coupon",0
CUST01463,15,12,820.0,11513.0,0.5598161076535942,0.32670566519991334,0.7322963072172215,0.22007013458160382,0.047633558201174694,0.5941227946207311,0.6980843767007731,35,Female,Tier3,"budget, clearance, compare, cashback, size medium",0
CUST01464,76,1,1220.0,1360.0,0.4724335145877578,0.785815013428591,0.33433463281615494,0.17810969838772758,0.48755566879611745,0.5897058690239273,0.5370513815181388,19,Male,Tier2,"size chart, wishlist, jeans",3
CUST01465,90,2,3260.0,14004.0,0.2850148036057826,0.36400844931016174,0.13873849449937442,0.6354666295022682,0.22579487599835732,0.5321915355157804,0.3079285105884838,29,Male,Tier2,"limited stock, jeans, ethnic wear, family pack",5
CUST01466,11,6,1100.0,15657.0,0.2170506920138581,0.25877902339485287,0.8650763485678711,0.09228066943985037,0.04264298199227866,0.8880472456702936,0.38716131351287064,20,Female,Metro,"sneaker match, streetwear, oversized fit, reviews",2
CUST01467,51,1,720.0,455.0,0.5877260458156663,0.39402801160553563,0.31808142922549865,0.23082263515020174,0.45109593562429956,0.9279985545598604,0.462733547118631,18,Female,Tier3,"try first order, reels, unboxing, influencer recommended",6
CUST01468,27,2,1210.0,3435.0,0.12223025505951815,0.14755229697054964,0.29400932631356735,0.3903409674159535,0.3156497062704793,0.3107817264285779,0.5043145153376891,37,Male,Tier3,"usual size, early access, free shipping",4
CUST01469,11,1,1510.0,1127.0,0.14020779562384478,0.25578267709262686,0.6803394403657635,0.17530111434490198,0.1443594452893343,0.8841431774929109,0.7118716707331455,23,Female,Tier2,"drop alert, oversized fit, usual size",2
CUST01470,14,8,560.0,6444.0,0.8941022954655232,0.20483590667162566,0.3496765682921223,0.25659767776658887,0.3937257539412888,0.5258953980526381,0.6679887197603747,21,Female,Tier2,"cashback, budget, clearance, t-shirt, coupon",0
CUST01471,66,1,1270.0,2010.0,0.6697913578395719,0.9215377192102692,0.2747361615976508,0.5737419492246159,0.15152188917773338,0.5546837276842598,0.3494373966537577,42,Female,Tier3,"wishlist, still deciding, compare, cod available, reviews",3
CUST01472,8,2,1670.0,7623.0,0.3261438965872321,0.2768988823506354,0.7088291862445765,0.193759470689291,0.09741134306613253,0.6747861971750233,0.24757064734487885,24,Female,Metro,"limited edition, restock alert, streetwear",2
CUST01473,87,1,1330.0,2997.0,0.47089408858934967,0.5890567127274253,0.3504415629112338,0.4130683561737373,0.23649008091502896,0.7020993374535465,0.4501432829422355,20,Male,Metro,"unboxing, trending, insta finds",6
CUST01474,45,6,1870.0,10435.0,0.23965628871402597,0.12365658428742306,0.25811929016556245,0.5060999012663009,0.2357808085681367,0.41197213914085296,0.23853987830614118,21,Female,Tier2,"loyalty points, membership, restock, exchange, order history",4
CUST01475,34,1,3630.0,2372.0,0.2683806728123924,0.31223609325630675,0.2894554255192054,0.3817246867235956,0.3288198877571991,0.30349683265836963,0.18097479331332975,35,Female,Tier2,"order tracking, designer drop, limited edition",1
CUST01476,24,1,670.0,603.0,0.6391815512240474,0.362381029098228,0.4693858541073353,0.2276055436339806,0.30300860225868403,0.873817908960277,0.8399056689482922,24,Female,Metro,"referral code, unboxing, jeans, new user offer, family pack",6
CUST01477,64,1,1060.0,1213.0,0.5509332798178812,0.8171458611946181,0.28121284211352277,0.5087711347127101,0.21001602317376705,0.7292471748352107,0.6680525246940254,46,Female,Tier3,"size chart, compare, still deciding",3
CUST01478,6,9,1130.0,15265.0,0.4049208269365615,0.2810172344059117,0.630041333587143,0.3437687885428131,0.026189877870043968,0.911108553992791,0.2877147894618826,20,Female,Tier3,"sneaker match, gifting, drop alert, limited stock, restock alert",2
CUST01479,68,2,2450.0,2400.0,0.31023329876270384,0.39781748957605895,0.6156940810844679,0.33415668188972225,0.050149237025809756,0.4963678654114146,0.3293854490423379,35,Female,Metro,"wedding collection, occasion wear, diwali sale, ethnic wear",5
CUST01480,44,1,970.0,895.0,0.5524103636064256,0.269696900059723,0.6844746985122004,0.1688965936794382,0.14662870780836132,0.5248543061182737,0.4442675654845599,25,Female,Tier2,"first order discount, new user offer, influencer recommended",6
CUST01481,19,4,720.0,2984.0,0.828090565010603,0.18175399421481597,0.9226557059199373,0.061687204007431884,0.015657090072630872,0.3993933020837358,0.5539962748431645,27,Non-binary,Tier2,"cotton, bogo offer, discount",0
CUST01482,40,5,4570.0,13421.0,0.3021063876421794,0.20042400283337822,0.20482627034394604,0.5291159349010547,0.2660577947549994,0.1777050478363531,0.10822303575643893,40,Male,Metro,"full price, premium fabric, luxury, capsule collection",1
CUST01483,7,12,1310.0,34582.0,0.23257811089852273,0.13999775971982598,0.48696134357667303,0.3344486949193204,0.1785899615040066,0.8726477017975803,0.35537943967940816,19,Male,Metro,"trending now, restock alert, streetwear",2
CUST01484,42,2,1030.0,5159.0,0.7263655810078712,0.688736746051609,0.5528168314581943,0.3361666426068116,0.11101652593499399,0.6760480524942787,0.6824731394630034,19,Male,Metro,"size medium, new user offer, made to order",6
CUST01485,11,11,490.0,3688.0,0.8336274550955484,0.4864897196507896,0.5273921265010137,0.03500831695632671,0.4375995565426594,0.5999271978228818,0.7319554894006681,29,Female,Tier3,"free shipping, sale, lowest price",0
CUST01486,63,1,1160.0,2958.0,0.540591035002186,0.39937241676630886,0.3463450046395247,0.495232960721995,0.1584220346384803,0.762871429410484,0.6407465523537251,19,Female,Tier2,"free shipping, referral code, first order discount, unboxing, welcome offer",6
CUST01487,17,8,660.0,5007.0,0.6364557736713073,0.32357526119612234,0.7197852270064754,0.07128616895919794,0.20892860403432656,0.5104849207128951,0.6447108745634359,30,Male,Tier2,"clearance, cashback, coupon, budget",0
CUST01488,46,1,720.0,1822.0,0.5941850746790492,0.46015591432749664,0.4313189178433029,0.26595322956921424,0.3027278525874828,0.9180896051062488,0.6063323052860943,24,Male,Metro,"streetwear, first order discount, influencer recommended, new user offer, trending now",6
CUST01489,22,1,3030.0,4498.0,0.19723004998934784,0.11535125294228327,0.3669634998168236,0.35073827924641154,0.2822982209367647,0.2975319802666184,0.11217563421201926,29,Female,Metro,"made to order, order tracking, luxury, full price, size guide",1
CUST01490,42,1,4390.0,6806.0,0.11598692599906636,0.13013923776874958,0.5399987338940735,0.2132060190515514,0.24679524705437503,0.17883789111024573,0.26356935742175686,21,Female,Tier2,"exclusive collection, premium, size medium",1
CUST01491,46,7,1570.0,16148.0,0.3700003891062647,0.06398041985139608,0.11719401219837106,0.5539795325523176,0.3288264552493115,0.5599662239737357,0.2587432606810701,29,Male,Tier2,"kurta, early access, new arrivals, order history",4
CUST01492,15,18,730.0,16127.0,0.7293904646670647,0.25718491620445755,0.6113782018266188,0.06188682065272302,0.32673497752065817,0.5565894660411311,0.5745165370178392,35,Female,Tier3,"flat 50% off, discount, t-shirt, gifting, clearance",0
CUST01493,21,1,770.0,1764.0,0.8510740807258569,0.39976175105382067,0.824320376823631,0.1617630876639985,0.013916535512370657,0.37869807723271026,0.3362130605829645,26,Male,Tier3,"discount, free shipping, clearance, exchange, flat 50% off",0
CUST01494,80,3,2390.0,14258.0,0.20263820105904928,0.6270912902018119,0.12436216633416831,0.5994678632889254,0.27616997037690616,0.4473972923803439,0.5940738716671613,50,Female,Metro,"limited edition, wedding collection, diwali sale, festive",5
CUST01495,21,10,870.0,11281.0,0.7009386644654501,0.2725836826114772,0.6118144855944366,0.3546823770113435,0.03350313739421976,0.4553280857125209,0.6206253282684445,30,Male,Tier2,"cashback, lowest price, exchange, combo offer, size medium",0
CUST01496,33,16,1820.0,61260.0,0.4131373516933644,0.13224364781162368,0.2047204405169755,0.7630775232890799,0.03220203619394465,0.28216152122644333,0.22613310086544666,34,Male,Tier2,"repeat order, order history, restock, jeans, exchange",4
CUST01497,16,10,580.0,8496.0,0.8583043825120178,0.3151573028892242,0.8069499293252516,0.07221844029583298,0.12083163037891546,0.6036086337164596,0.7542581462200004,32,Female,Metro,"discount, bogo offer, budget, combo offer, made to order",0
CUST01498,78,1,2910.0,1700.0,0.43173684012350355,0.47500178496451745,0.5616661224582874,0.2853176489477545,0.15301622859395822,0.48968990725304645,0.6078929896716845,46,Female,Tier2,"cotton, saree, order tracking, family pack",5
CUST01499,36,3,3080.0,21645.0,0.04677786049618137,0.32055837572974544,0.11281557551136288,0.2989200888264558,0.5882643356621813,0.23351842513258073,0.1584232099067289,39,Female,Metro,"luxury, made to order, premium fabric",1
CUST01500,68,4,1660.0,15763.0,0.2824621254073034,0.5845732798773557,0.6907314502578422,0.11060565707242662,0.19866289266973125,0.3720700318628718,0.4398373153846125,34,Female,Tier2,"cod available, return policy, delivery time, exchange",3
CUST01501,10,6,700.0,5343.0,0.8151985251747464,0.37015289308336685,0.4154405757157187,0.46226643762402386,0.12229298666025747,0.6156188663138893,0.6597677764546395,25,Female,Tier3,"sale, budget, bogo offer, flat 50% off",0
CUST01502,8,11,1220.0,23448.0,0.45268045743662544,0.1307121938338644,0.4505143588458827,0.04042216937333783,0.5090634717807794,0.8353137280692897,0.5122931076463372,23,Male,Tier2,"trending now, oversized fit, sneaker match, t-shirt",2
CUST01503,10,2,1390.0,2430.0,0.4159165030963816,0.2043529121211294,0.6948209408092766,0.07583943269015785,0.22933962650056555,0.6291014455898815,0.367525285775409,33,Male,Tier2,"new drop, trending now, restock alert, order history",2
CUST01504,79,1,1030.0,1341.0,0.6261508203851778,0.4541781209690515,0.7664512138232444,0.10419195175242929,0.12935683442432627,0.6640988959457481,0.8467875956255598,26,Male,Tier2,"try first order, insta finds, kurta, reels, first order discount",6
CUST01505,8,7,1320.0,10684.0,0.16172258861739286,0.3373668438403446,0.7160870775099076,0.11697030411610787,0.16694261837398447,0.8776061093371041,0.2687165345216739,21,Male,Metro,"hype, streetwear, restock alert, size medium, order tracking",2
CUST01506,41,1,990.0,1471.0,0.28390057845190153,0.6789605908478764,0.6416154279966678,0.1554330461529787,0.20295152585035364,0.7014310478050539,0.217334221451372,28,Male,Tier2,"size chart, still deciding, delivery time",3
CUST01507,11,8,1550.0,26300.0,0.34211604670059975,0.27694449951983335,0.48542438453234943,0.18717626904169565,0.3273993464259549,0.7262641758261228,0.2747600338268924,19,Female,Tier2,"t-shirt, limited stock, hype, return policy, restock alert",2
CUST01508,16,7,690.0,3175.0,0.6990983069329223,0.17891955799407358,0.8408813737472753,0.044779385305278765,0.1143392409474457,0.5765949455417213,0.5762316923936114,18,Female,Tier2,"bogo offer, cashback, budget, my orders",0
CUST01509,37,8,1750.0,17659.0,0.27585684523636655,0.2458459893088233,0.5940455109010139,0.3246819121402468,0.08127257695873935,0.5441280828035614,0.11694716905150265,34,Male,Metro,"kurta, occasion wear, order tracking, order history",4
CUST01510,6,3,1010.0,7281.0,0.5041365638460432,0.355215743676018,0.8424535692932729,0.09812130396159484,0.059425126745132305,0.8993476824881129,0.5241269608341991,18,Male,Tier3,"sneaker match, oversized fit, new drop",2
CUST01511,19,7,650.0,4980.0,0.8109028674038972,0.25374568486961313,0.8085674644182177,0.028465936974088165,0.16296659860769427,0.7457252891387375,0.6815689267863231,21,Female,Tier3,"coupon, size medium, delivery time",0
CUST01512,56,2,1080.0,4910.0,0.8497294127503588,0.29350808768784536,0.5748425770386886,0.3932993223001299,0.031858100661181527,0.5847078784197135,0.45850637240674613,25,Female,Metro,"size medium, first order discount, unboxing",6
CUST01513,40,4,1600.0,9390.0,0.15629350856043553,0.19169371077679892,0.49221163964640124,0.2740690078447497,0.23371935250884907,0.4346964985764084,0.1325282688811476,31,Female,Tier2,"new arrivals, welcome offer, order history, favorite brand, loyalty points",4
CUST01514,83,1,2680.0,7514.0,0.11196055670748355,0.08912720482486351,0.461990367703647,0.19953968430571212,0.3384699479906409,0.27386922202522335,0.26500901675046173,36,Female,Tier2,"jeans, repeat order, order tracking, loyalty points",4
CUST01515,10,13,1230.0,18611.0,0.2785703112379457,0.11953802108885192,0.6401954978725474,0.2676485720872738,0.0921559300401789,0.8623007982827235,0.36997407471562327,19,Female,Metro,"sneaker match, hype, jeans, new drop, trending now",2
CUST01516,10,8,570.0,10222.0,0.8545031865192657,0.43551938172772026,0.7384002612507216,0.07655753115171929,0.18504220759755904,0.49157752947841665,0.5545213051147657,32,Female,Tier2,"early access, lowest price, flat 50% off",0
CUST01517,68,4,1770.0,9549.0,0.4195468986892234,0.6732895962293776,0.2221023890916809,0.36140269273963793,0.416494918168681,0.5786176970222145,0.5103571704085365,24,Male,Tier3,"cod available, reviews, compare, size chart",3
CUST01518,62,4,1680.0,8370.0,0.20423468524086186,0.1257804641553617,0.8241902276203154,0.1198167047838312,0.055993067595853284,0.2628622349979162,0.06163856049514932,27,Female,Tier2,"membership, loyalty points, limited stock, early access",4
CUST01519,51,1,1010.0,676.0,0.5697558873820444,0.45126737149342794,0.5793564258913837,0.26906619150447325,0.1515773826041432,0.9124427075544942,0.604595350296561,27,Male,Tier2,"referral code, try first order, t-shirt, reels",6
CUST01520,14,6,750.0,9512.0,0.7514993217074591,0.4047623715677667,0.5007351233164021,0.045359422306114575,0.4539054543774833,0.5311006965294461,0.6197961507863673,21,Female,Tier3,"sale, combo offer, clearance",0
CUST01521,72,5,2420.0,15514.0,0.3495951896270039,0.1267796414784124,0.4666023592582788,0.39717554698040414,0.1362220937613171,0.16276711931473145,0.3805589595212184,30,Male,Tier3,"kurta, favorite brand, restock, gifting, kurta set",4
CUST01522,12,3,1290.0,4332.0,0.49932980312936304,0.25228372884132494,0.8499877886183458,0.08067812843992735,0.06933408294172674,0.8806033268308845,0.30746450418030014,29,Male,Tier2,"kurta, sneaker match, limited stock, oversized fit, hype",2
CUST01523,79,1,2370.0,1481.0,0.29601400938228606,0.2775081040287614,0.36097683377708056,0.32966522242397817,0.30935794379894105,0.5890033825813352,0.3586342494898237,29,Female,Metro,"reels, family pack, kurta set",5
CUST01524,68,1,1380.0,751.0,0.25818303515850644,0.7581574553130916,0.15165277850206935,0.5960138646956068,0.25233335680232394,0.5969647474377573,0.23096968985517816,18,Male,Tier3,"delivery time, curated, reviews, return policy",3
CUST01525,39,1,900.0,2357.0,0.48117953976516425,0.7145127006727396,0.2523269185223062,0.3512239590636173,0.3964491224140767,0.6043669130451995,0.5763608942506934,21,Female,Tier2,"size chart, still deciding, size guide, cod available, fit check",3
CUST01526,12,3,1560.0,7286.0,0.5123114522810918,0.15817250428296573,0.6548950356577982,0.03618488793612758,0.3089200764060742,0.6340797431152702,0.2612963468241357,18,Female,Tier3,"limited stock, sneaker match, cotton",2
CUST01527,28,10,1590.0,37930.0,0.23745573274362977,0.08890880550197705,0.5202071824739055,0.2811199961296668,0.19867282139642778,0.5393263749940508,0.27136786395222956,52,Male,Metro,"t-shirt, membership, repeat order",4
CUST01528,9,5,1000.0,7793.0,0.5263067067319177,0.38669632187829983,0.8251827944884738,0.09562437198329005,0.07919283352823617,0.8070294447116406,0.2572908388332473,19,Female,Tier2,"streetwear, drop alert, capsule collection, collab, restock alert",2
CUST01529,48,1,900.0,1220.0,0.5481313526605234,0.7191240261994217,0.19032163799510263,0.651743199823652,0.15793516218124531,0.6729694358140449,0.31545341935210314,24,Female,Tier3,"delivery time, size guide, coupon, fit check",3
CUST01530,11,20,550.0,18042.0,0.868106225527614,0.2078823945732609,0.51344737376455,0.383974600583277,0.10257802565217303,0.6951473828781486,0.8565401862841953,22,Female,Tier3,"sale, combo offer, collab",0
CUST01531,37,1,1830.0,3019.0,0.21676569089799144,0.03637803214982691,0.6575857148443898,0.14213696624570127,0.20027731890990894,0.36455459944474233,0.05104022770185347,28,Female,Tier2,"premium, premium fabric, favorite brand",4
CUST01532,66,1,1410.0,1799.0,0.45456738797494756,0.43169495808032865,0.51994574245376,0.353373604852507,0.1266806526937331,0.568540378586717,0.5668415065707304,18,Male,Metro,"restock alert, try first order, welcome offer, exchange",6
CUST01533,59,4,1450.0,8128.0,0.4686228604022802,0.15135435496423796,0.5621129189258747,0.23805753134644958,0.1998295497276758,0.3516612995768968,0.21698625734945887,32,Female,Tier2,"restock, favorite brand, new arrivals",4
CUST01534,38,5,1270.0,6408.0,0.2919473929881077,0.1043319783441723,0.6093441020153709,0.23395059386186223,0.1567053041227668,0.3312326483132256,0.079738994175087,41,Male,Metro,"favorite brand, wishlist, new arrivals, exchange",4
CUST01535,38,2,1210.0,3893.0,0.4486962836401416,0.614934570403489,0.31718436890909985,0.2866933130040718,0.39612231808682835,0.5924822953736142,0.5703927177658593,18,Male,Tier3,"size chart, size guide, reviews, t-shirt, wishlist",3
CUST01536,41,1,3970.0,10338.0,0.10766003290873233,0.22209578507671088,0.054131248483829345,0.6409147084650493,0.30495404305112156,0.2192710279023232,0.27659373282265215,27,Female,Metro,"capsule collection, full price, premium fabric, curated",1
CUST01537,60,8,2180.0,33659.0,0.25812814564323533,0.38061471195266716,0.3328673913975336,0.5493066373561145,0.11782597124635176,0.3679406001988778,0.6446878595204232,49,Female,Metro,"sherwani, free shipping, order tracking",5
CUST01538,8,9,1610.0,20414.0,0.46078430190962416,0.3432840500528249,0.6753505549515717,0.2690810799732715,0.05556836507515677,0.8792478423434603,0.22275665118486584,20,Male,Tier2,"t-shirt, sneaker match, hype, streetwear, cotton",2
CUST01539,36,6,1540.0,7316.0,0.293143433024409,0.10549282572285697,0.17461333395313242,0.10474667399620362,0.720639992050664,0.3427797234049818,0.25816122467653824,35,Male,Metro,"early access, repeat order, exchange",4
CUST01540,10,1,1200.0,930.0,0.4402690190915392,0.21784862621734116,0.7483398817887528,0.101975276647557,0.1496848415636903,0.5713966845726601,0.22643758774573536,20,Female,Metro,"free shipping, order tracking, collab",2
CUST01541,56,8,1750.0,23484.0,0.2222943033195204,0.11067096047119628,0.678805164704509,0.2275706173065462,0.09362421798894491,0.25899775435905414,0.14709503738214427,36,Female,Tier2,"festive, usual size, repeat order, kurta, membership",4
CUST01542,41,1,1080.0,2293.0,0.4476532647925224,0.643294114430017,0.4730522934468793,0.2623645857612753,0.26458312079184554,0.7660484340946585,0.3686359956897805,30,Male,Tier2,"cod available, reviews, still deciding, fit check, return policy",3
CUST01543,50,2,2970.0,13159.0,0.24504052626585343,0.2916535054980126,0.29928614988624624,0.28429947957296275,0.41641437054079106,0.4106846241647682,0.6916238089213971,34,Male,Tier2,"festive, diwali sale, saree",5
CUST01544,16,14,540.0,20906.0,0.6211543205695432,0.37997722400326406,0.5725007580873795,0.42410710859189044,0.0033921333207299286,0.49535174744079885,0.5911929100683837,35,Female,Tier2,"combo offer, budget, limited stock, flat 50% off",0
CUST01545,52,1,1820.0,3646.0,0.177307858737273,0.2704770404216608,0.5194583990940982,0.25249178903250324,0.22804981187339843,0.38330511484524143,0.2923213714418747,41,Female,Tier2,"repeat order, order history, early access, new arrivals",4
CUST01546,51,3,960.0,3002.0,0.626257081336565,0.6217020434867018,0.3392886738512684,0.39588105025255876,0.2648302758961729,0.841398231099164,0.5285898115664193,21,Male,Metro,"referral code, new user offer, order tracking, first order discount",6
CUST01547,16,6,660.0,3247.0,0.7784464960398847,0.5919990671719804,0.9232400217943002,0.05867398077876898,0.01808599742693087,0.6370690446263153,0.5233638091188882,25,Male,Tier2,"coupon, flat 50% off, kurta, cashback",0
CUST01548,62,1,1160.0,1305.0,0.7034859016470809,0.46880388118521327,0.5626676810483369,0.3429572909084055,0.09437502804325765,0.7499018096525303,0.579283857389499,18,Non-binary,Tier2,"insta finds, referral code, first order discount, influencer recommended, cotton",6
CUST01549,53,6,2070.0,20362.0,0.19182558082667311,0.03842207486889795,0.45998714956522124,0.5306323762508329,0.009380474183945801,0.39740051646535635,0.19500127399252726,24,Male,Tier2,"size medium, loyalty points, membership",4
CUST01550,46,4,2200.0,18090.0,0.22814279769565812,0.25284068437511975,0.346399003918028,0.5319283538410788,0.121672642240893,0.537094913761518,0.4212095865408384,31,Male,Tier3,"size medium, order tracking, family pack",5
CUST01551,12,5,580.0,5378.0,0.6776015948463595,0.4626540352930106,0.599517901081216,0.34225766509789596,0.058224433820888016,0.6459128908982407,0.35929113025051346,33,Female,Tier2,"bogo offer, capsule collection, discount",0
CUST01552,113,4,2880.0,29555.0,0.09474182309307529,0.37557826068304123,0.024314535051974277,0.7854788657933983,0.1902065991546274,0.4714572293820107,0.47229916720820503,40,Female,Tier2,"diwali sale, ethnic wear, occasion wear",5
CUST01553,9,4,980.0,2992.0,0.3900246192941573,0.5129094703525544,0.6395586528289013,0.09898705567822468,0.26145429149287397,0.8293887481987884,0.31778258384960445,25,Female,Metro,"streetwear, hype, collab",2
CUST01554,7,28,1360.0,50491.0,0.3996366546024175,0.23007593908303736,0.8443260373760116,0.10464920531533617,0.05102475730865215,0.6157713527636403,0.4020656914032574,34,Non-binary,Metro,"oversized fit, drop alert, trending now",2
CUST01555,22,9,790.0,13482.0,0.7287109425558185,0.3391277040692931,0.8495123966462701,0.12820402493170766,0.02228357842202215,0.6456102895496347,0.5688054421701987,33,Male,Tier2,"exchange, clearance, discount, lowest price",0
CUST01556,50,1,1530.0,1124.0,0.16153012381464926,0.5009469224744765,0.6458207926520972,0.05810376461544172,0.296075442732461,0.8224129441467452,0.45346794645048494,25,Female,Tier3,"reels, referral code, exchange",6
CUST01557,23,6,2100.0,21442.0,0.3732579965503813,0.408314931834388,0.7145779250545315,0.0654247652001096,0.21999730974535894,0.6434658476802952,0.2718690603528161,18,Male,Tier3,"fit check, drop alert, restock alert, oversized fit, compare",2
CUST01558,43,1,1180.0,2179.0,0.5915490214720847,0.8604034057928481,0.3702714099193176,0.513227993886069,0.11650059619461331,0.7080381753496263,0.35439667193610935,42,Female,Tier2,"size chart, wishlist, reviews, compare, flat 50% off",3
CUST01559,33,6,1190.0,15122.0,0.34779999482925744,0.6798232961241502,0.36493730359441956,0.4638984287773843,0.17116426762819617,0.6365532971144078,0.3850259415166923,29,Male,Tier2,"combo offer, fit check, reviews, still deciding, cod available",3
CUST01560,25,7,640.0,8887.0,0.7444407984832219,0.3816840869795676,0.5617149818271371,0.27035022919880497,0.167934788974058,0.5141618657530239,0.56667755857731,23,Female,Tier2,"sale, clearance, full price, cotton",0
CUST01561,43,1,720.0,1486.0,0.5814313817736719,0.3362296345521909,0.5167788526588981,0.14149822188005093,0.3417229254610509,0.6004616080333607,0.5719714221115934,18,Female,Tier3,"reels, saree, try first order",6
CUST01562,10,1,1500.0,3275.0,0.33800522352739126,0.2435495206045469,0.6259401637020231,0.2397491315510047,0.13431070474697235,0.7521920467149842,0.5059271021273106,26,Male,Tier2,"exchange, repeat order, kurta, sneaker match",2
CUST01563,18,4,690.0,3277.0,0.768749193913412,0.19826601048958453,0.7622258369813901,0.2120009678258444,0.02577319519276563,0.6324992694795561,0.7310407426954063,24,Female,Tier2,"combo offer, clearance, cashback, size medium, t-shirt",0
CUST01564,11,3,1550.0,5929.0,0.5169879010186219,0.4502938197237277,0.5687850989311746,0.2294567803341987,0.20175812073462673,0.590430392534514,0.19935681213387474,25,Male,Tier2,"gifting, streetwear, size medium, sneaker match, oversized fit",2
CUST01565,60,1,1250.0,780.0,0.555141556913274,0.5522532988676438,0.3192087882751684,0.36134055198794546,0.3194506597368861,0.48184238091394876,0.48062161290438005,19,Female,Metro,"still deciding, try first order, cod available",3
CUST01566,52,4,2460.0,14900.0,0.07078108801825983,0.07222684185090023,0.5480248557204049,0.22620073952633157,0.22577440475326344,0.5069423935229683,0.10145185044802695,36,Male,Tier3,"new arrivals, loyalty points, favorite brand, restock, early access",4
CUST01567,46,7,1900.0,24810.0,0.19724906505501263,0.19177958318064425,0.5191637561881703,0.3222077956457101,0.15862844816611957,0.3265068950916916,0.17981057421046695,24,Female,Metro,"usual size, jeans, new arrivals, still deciding, restock",4
CUST01568,59,1,1430.0,3216.0,0.4036276306620556,0.7088449665193346,0.24410846485247606,0.4782752499103295,0.27761628523719445,0.5784420527158929,0.37625473678958876,18,Female,Metro,"insta finds, influencer recommended, reels",6
CUST01569,27,2,790.0,2076.0,0.6062177939258685,0.5575266779124385,0.5439729714368434,0.30975060727706766,0.14627642128608903,0.6153004578590195,0.5138428066220128,45,Female,Tier2,"order tracking, cod available, fit check, wishlist, restock",3
CUST01570,49,15,1990.0,38131.0,0.30862903254627805,0.2913985105517862,0.26572648764624685,0.7034890812711566,0.030784431082596396,0.7484783472979585,0.4973360323245379,32,Male,Metro,"festive, ethnic wear, sherwani, diwali sale, wedding collection",5
CUST01571,35,6,3560.0,27649.0,0.09580374093169704,0.23900221571016705,0.2312170280796738,0.40363396015453623,0.36514901176578995,0.14261421643509703,0.11658319677197919,34,Female,Metro,"luxury, t-shirt, made to order, size medium, free shipping",1
CUST01572,39,1,1160.0,1996.0,0.2742472764550252,0.7356248012108823,0.3907925698990033,0.5737106197741064,0.035496810326890324,0.7289457719471872,0.5337391977187483,26,Female,Tier2,"size chart, reviews, return policy, size guide",3
CUST01573,42,2,3520.0,3814.0,0.2009943881067009,0.10517120603370225,0.1607130814579383,0.6413536509925093,0.1979332675495524,0.2559316236359082,0.20135489611744317,37,Female,Tier2,"cotton, exclusive collection, designer drop, influencer recommended, luxury",1
CUST01574,62,1,1370.0,2884.0,0.5152531912427426,0.42360559893085664,0.5780440776734891,0.15813531350422638,0.2638206088222844,0.6106245664657889,0.4625116459740895,21,Female,Metro,"reels, referral code, influencer recommended",6
CUST01575,42,1,1030.0,1228.0,0.3506573115634278,0.6222619261273813,0.11547505100106446,0.16129743983700634,0.7232275091619293,0.5898934824445249,0.385080439404023,45,Male,Metro,"return policy, jeans, ethnic wear",3
CUST01576,46,1,990.0,1880.0,0.5332492032858653,0.3583055802622344,0.47556199506276026,0.4371702068834699,0.08726779805376982,0.6644582977494836,0.6877861159222939,20,Female,Tier2,"influencer recommended, first order discount, free shipping, welcome offer, unboxing",6
CUST01577,74,1,900.0,561.0,0.6196166361415886,0.567470971539455,0.4606064589669095,0.3553481376534285,0.184045403379662,0.8482479896060752,0.5213184432284574,18,Male,Tier2,"insta finds, size medium, trending",6
CUST01578,23,4,930.0,7506.0,0.7042482568183704,0.7497780855156898,0.34935915342749757,0.421362745744791,0.2292781008277114,0.44752469042381504,0.5800750699775137,19,Male,Tier2,"combo offer, exchange, sale, lowest price",0
CUST01579,11,8,680.0,10115.0,0.765253896870517,0.3704006163486522,0.6718423130443408,0.2958782567577219,0.03227943019793724,0.7334854416123635,0.850260319543849,31,Male,Tier2,"membership, sale, discount, new arrivals",0
CUST01580,94,1,2510.0,3293.0,0.2291960940983759,0.2013371555488713,0.6725070118473606,0.29503159190267414,0.03246139624996506,0.2673255404963862,0.45649982259527366,43,Female,Tier2,"jeans, festive, diwali sale, occasion wear, family pack",5
CUST01581,7,7,1080.0,4502.0,0.4375343780446847,0.40295468102607757,0.7987319374846263,0.08106729952277275,0.12020076299260098,0.8748913260749049,0.5464986409778967,26,Male,Tier2,"compare, fit check, free shipping",2
CUST01582,11,11,680.0,13067.0,0.8152608243974603,0.4421227634211239,0.27302829040497,0.7093346891688396,0.017637020426190513,0.5400053320995719,0.6345828414503077,28,Male,Tier2,"clearance, t-shirt, budget",0
CUST01583,46,2,980.0,4614.0,0.4905050442774421,0.8069624263962989,0.5882846938740001,0.23779600611178983,0.1739193000142102,0.6563893623321229,0.4010480132905567,20,Female,Tier2,"fit check, delivery time, size guide, return policy",3
CUST01584,50,1,4330.0,7037.0,0.18542780224288524,0.1077694352790987,0.04688853698958375,0.6260883701491975,0.3270230928612189,0.34951318000284287,0.1729192429738925,32,Male,Metro,"t-shirt, designer drop, size medium",1
CUST01585,35,7,1640.0,23127.0,0.145693230998807,0.12062743273958357,0.5817706360806286,0.22563115932129083,0.19259820459808044,0.4084558866586196,0.3487965651583808,41,Male,Tier2,"welcome offer, new arrivals, favorite brand, early access",4
CUST01586,18,7,630.0,9447.0,0.8358824034399405,0.4211550327231324,0.6461711412305406,0.3285841045828457,0.025244754186613625,0.6264179739936244,0.7163093432792079,21,Male,Tier2,"bogo offer, cod available, t-shirt",0
CUST01587,23,3,730.0,3037.0,0.6688812288879546,0.4328438342410233,0.500529498844112,0.43930447550145496,0.060166025654433145,0.4386909374052335,0.7601562221181639,24,Male,Tier3,"clearance, coupon, sneaker match, size medium, cotton",0
CUST01588,13,6,1910.0,30003.0,0.41775674945044,0.41850513996363714,0.7653179026391856,0.1546767122953421,0.08000538506547222,0.8175214160804927,0.2106472406627229,19,Male,Tier2,"budget, streetwear, restock alert",2
CUST01589,11,10,1200.0,20812.0,0.4388954805902943,0.17204944500913325,0.28724507647807274,0.506356760751746,0.20639816277018128,0.9209812416028615,0.14714332644144318,18,Female,Tier2,"sneaker match, order tracking, new drop, streetwear",2
CUST01590,9,3,540.0,1213.0,0.8084462640722949,0.1890644601460151,0.7810431605735284,0.10446079730324681,0.1144960421232246,0.7029262281027695,0.724945295679096,27,Female,Tier2,"size medium, bogo offer, budget, reviews, flat 50% off",0
CUST01591,12,5,1570.0,12152.0,0.42201765651569867,0.20315015849658427,0.5823952568380245,0.331875845514255,0.08572889764772053,0.7777308823586083,0.16882488303310042,27,Male,Metro,"insta finds, new drop, order tracking, trending now, sneaker match",2
CUST01592,64,1,920.0,2012.0,0.42055453213587,0.6079506719592326,0.3769437829182605,0.40187723836561373,0.22117897871612582,0.7143088836162623,0.3642829376826957,31,Female,Tier3,"restock alert, try first order, influencer recommended, new user offer",6
CUST01593,51,1,1840.0,4084.0,0.17079866394768206,0.16686610905028687,0.5316479261997418,0.39253098228303673,0.07582109151722141,0.29956110530080665,0.26976039454351225,43,Male,Tier2,"restock, order history, repeat order, loyalty points, early access",4
CUST01594,75,2,3440.0,6143.0,0.23197110987980374,0.28157769154157347,0.05305031519448024,0.6067539368066972,0.3401957479988224,0.49298565830800484,0.5186259336141854,24,Female,Metro,"order tracking, kurta set, gifting",5
CUST01595,12,15,770.0,19278.0,0.7567718935135627,0.36451763714952745,0.7635923130785363,0.23166853639726112,0.004739150524202678,0.5678512465662892,0.6257617705403827,19,Male,Metro,"lowest price, budget, coupon",0
CUST01596,14,10,590.0,13594.0,0.7248076752652035,0.3345084581544044,0.8993701195102095,0.07516217619320635,0.025467704296584168,0.6426433223897794,0.8744289704530648,19,Male,Tier2,"streetwear, sale, flat 50% off, bogo offer, combo offer",0
CUST01597,16,3,1680.0,6655.0,0.11602331429909848,0.5104518724328084,0.8710028122173972,0.08729149737734504,0.04170569040525775,0.8486412258662106,0.4103580770295108,22,Male,Tier2,"restock alert, cotton, drop alert",2
CUST01598,39,8,1930.0,20998.0,0.13542158851376318,0.2238590314040379,0.5715997405709987,0.37223300004898124,0.05616725938002011,0.27991008350018864,0.19376343441837332,27,Female,Metro,"my orders, membership, new arrivals, restock, t-shirt",4
CUST01599,69,3,1880.0,7742.0,0.3145155216836053,0.33646535917972986,0.3880543165170569,0.35442337830849346,0.25752230517444963,0.24197953876490833,0.3364865465389222,32,Male,Tier2,"loyalty points, usual size, my orders, membership",4
CUST01600,59,1,1450.0,2173.0,0.39955925360521133,0.5630177748194588,0.5725126573186954,0.26793565710852635,0.15955168557277838,0.6008338859755313,0.6246198701059469,18,Male,Tier2,"first order discount, designer drop, new user offer",6
CUST01601,23,9,780.0,6736.0,0.5250471412688511,0.23404391164819383,0.7088542434207299,0.2560661660612962,0.03507959051797399,0.3877519689135002,0.5615941393868286,24,Female,Tier3,"cotton, cashback, budget",0
CUST01602,8,10,1140.0,20541.0,0.5336404777268298,0.40864328898490276,0.39028030305404254,0.2461945777079848,0.3635251192379726,0.9268551133373726,0.5889729585123072,24,Male,Tier2,"restock alert, kurta, drop alert",2
CUST01603,18,11,720.0,15452.0,0.7741455216876505,0.3530308066223285,0.847744976661492,0.13400094530816345,0.0182540780303446,0.49432955397658773,0.6730668648338111,18,Male,Tier2,"bogo offer, clearance, ethnic wear, order tracking, cashback",0
CUST01604,53,2,1690.0,2650.0,0.4111819428329562,0.17268197639704108,0.5157454768177492,0.4408394497058193,0.04341507347643156,0.34415792544403684,0.25961048375007784,18,Female,Tier2,"favorite brand, free shipping, loyalty points, t-shirt, early access",4
CUST01605,51,1,880.0,1171.0,0.4539164750472456,0.4827788146097276,0.3803362619021911,0.32838524474826614,0.29127849334954276,0.575566818331831,0.6580256073420511,18,Female,Tier3,"trending, try first order, insta finds, free shipping, new user offer",6
CUST01606,34,6,1560.0,7781.0,0.07344391882701172,0.33129044773024513,0.591638992541422,0.050357035739789786,0.35800397171878834,0.32912436514400045,0.0529667825764197,31,Female,Metro,"repeat order, favorite brand, usual size, restock, loyalty points",4
CUST01607,66,1,1350.0,2455.0,0.42260893277121214,0.6753918601622048,0.36489935967847126,0.3977928555649374,0.23730778475659137,0.4821818838852228,0.2578315739914597,35,Male,Tier3,"delivery time, size guide, return policy, compare, fit check",3
CUST01608,55,4,1140.0,8083.0,0.6662567395556095,0.33541210183520936,0.8210734969074331,0.1108702560672618,0.06805624702530509,0.6345930439617371,0.3996546298195838,19,Female,Tier3,"try first order, free shipping, limited stock, exchange",6
CUST01609,90,1,1600.0,2220.0,0.3224090023013206,0.5875210560531586,0.35260953775873516,0.1425297429437697,0.5048607192974951,0.5126726883856506,0.3308737709409834,27,Female,Tier2,"wishlist, cod available, size guide",3
CUST01610,53,1,2600.0,5573.0,0.25343905911080195,0.3027748547091782,0.3059732131605355,0.6639858947910883,0.030040892048376133,0.6619722315731171,0.47542689685448025,19,Male,Metro,"size medium, wedding collection, kurta",5
CUST01611,36,1,1140.0,2212.0,0.4527419165554605,0.6969065785679609,0.6196037481033518,0.21201439989826945,0.16838185199837868,0.5387200935062171,0.4184770282906878,25,Female,Tier3,"fit check, compare, delivery time, exchange, collab",3
CUST01612,70,1,1180.0,2024.0,0.27433356853085156,0.8238859670025676,0.45054377284861113,0.44099558976456904,0.10846063738681992,0.6299579671739179,0.2647962697680295,21,Female,Tier3,"delivery time, size medium, free shipping, jeans",3
CUST01613,44,1,1200.0,2196.0,0.35714928056823986,0.8561263694719752,0.2522605866693907,0.5447271679708537,0.20301224535975557,0.6417675386863579,0.29952578083870235,29,Male,Tier3,"delivery time, size guide, wishlist, limited stock, hype",3
CUST01614,8,21,1220.0,73790.0,0.5539901613950396,0.2600504297842928,0.6003332657821417,0.10697403291043098,0.29269270130742725,0.9164158344112318,0.4622481007515293,22,Female,Tier2,"jeans, sneaker match, oversized fit",2
CUST01615,36,8,1730.0,36821.0,0.25328159150915047,0.12818033575409354,0.41864703084852867,0.35391720884157185,0.22743576030989937,0.5914004325850709,0.26863956938234257,18,Male,Tier2,"my orders, membership, restock, order tracking",4
CUST01616,15,15,630.0,5023.0,0.8109666166484641,0.2121687649771033,0.33595573364382947,0.14781661754032954,0.5162276488158412,0.5199366047452061,0.843254945711396,18,Male,Tier3,"coupon, lowest price, cashback, bogo offer, flat 50% off",0
CUST01617,20,15,770.0,15363.0,0.7690769154410211,0.20102604444461641,0.6341761244412263,0.22414272642507158,0.1416811491337023,0.589738065622219,0.2779755173989925,24,Female,Tier3,"t-shirt, bogo offer, discount, budget",0
CUST01618,60,3,2030.0,15072.0,0.3778076249115592,0.22703062104944705,0.4074759062072059,0.5124088889643693,0.08011520482842477,0.2520890906744142,0.6960822078967965,40,Male,Tier2,"saree, t-shirt, cotton, kurta set, festive",5
CUST01619,61,3,2890.0,9011.0,0.38237518971657,0.31551938993667933,0.340618208708882,0.47825101903219597,0.18113077225892202,0.33609732737166537,0.350272145134913,41,Male,Tier2,"family pack, exchange, sherwani",5
CUST01620,46,7,4270.0,35957.0,0.055593785967616764,0.32263944893122876,0.30235509015048856,0.5867577324221829,0.11088717742732856,0.3371845932481683,0.061224729278135534,38,Female,Tier2,"designer drop, t-shirt, curated, luxury, repeat order",1
CUST01621,20,5,1660.0,12873.0,0.19581197275231876,0.3236900685582731,0.649894378651835,0.32958242299846124,0.020523198349703696,0.5616218770515787,0.48486942205838884,24,Male,Tier2,"kurta, streetwear, sneaker match, limited stock",2
CUST01622,14,3,1730.0,11425.0,0.14928292673202545,0.22270702661195466,0.678387261151073,0.14177414106903075,0.17983859777989622,0.6721599808017077,0.2773564453728188,20,Male,Tier3,"streetwear, drop alert, still deciding, limited stock",2
CUST01623,65,7,1570.0,12075.0,0.5919552390610815,0.5032444880167611,0.41683986160127107,0.5257499576573407,0.05741018074138817,0.6043842949732129,0.24457221893293773,23,Female,Tier2,"diwali sale, occasion wear, still deciding, reviews, return policy",3
CUST01624,12,6,1670.0,9815.0,0.27784149638696604,0.22575673857501113,0.8934855173505659,0.08479778457014402,0.021716698079289994,0.7676804536577975,0.36250847890388105,24,Female,Metro,"premium, oversized fit, cotton, collab",2
CUST01625,51,2,2370.0,4776.0,0.41975551375038106,0.07658072704536457,0.49712727413302976,0.3422044484569137,0.16066827741005657,0.4468923015114117,0.5992898838388274,25,Male,Tier3,"ethnic wear, family pack, kurta, sherwani, saree",5
CUST01626,10,10,1400.0,30005.0,0.32468075983036426,0.30281673719256963,0.8994704250821824,0.07790490363695383,0.022624671280863734,0.8994823636412,0.6126006485947575,22,Male,Tier2,"collab, hype, restock alert, t-shirt, oversized fit",2
CUST01627,83,2,1600.0,2453.0,0.47366180174049033,0.6323341210776957,0.40454513642061823,0.4000579282671579,0.1953969353122239,0.6883957628365948,0.21936720815461286,29,Female,Tier3,"cod available, free shipping, reviews",3
CUST01628,8,11,1060.0,8911.0,0.5109502360049268,0.10412003802092731,0.7111937221179294,0.07990169242998772,0.20890458545208293,0.8351704830619299,0.2844441564840028,20,Male,Metro,"cotton, restock alert, kurta, trending now, streetwear",2
CUST01629,46,4,3600.0,33294.0,0.06726312986203135,0.13839260852722152,0.3212737798255524,0.3507069202701639,0.3280192999042838,0.3246496572425416,0.22495281464566322,33,Male,Metro,"designer drop, full price, curated, exchange, exclusive collection",1
CUST01630,54,1,1350.0,1644.0,0.42804848109756855,0.6952283156910937,0.3367950291301695,0.15450360466390406,0.5087013662059265,0.40806366377610087,0.4668697372200734,36,Female,Tier3,"reviews, compare, cod available, fit check, still deciding",3
CUST01631,62,1,1220.0,1753.0,0.5056052892492336,0.7398088772954368,0.10635322636115832,0.14196513487996104,0.7516816387588806,0.769239512579266,0.3410582327759018,33,Female,Metro,"size medium, cod available, return policy",3
CUST01632,45,4,2310.0,11714.0,0.3148768954429964,0.4638047820307701,0.31420901563118364,0.26466920251074716,0.42112178185806926,0.43911355484008086,0.4484741247018178,37,Female,Tier3,"favorite brand, gifting, saree, jeans, occasion wear",5
CUST01633,12,9,1740.0,19577.0,0.24629136324749568,0.17045387150626704,0.45852355109357046,0.3212598061785118,0.22021664272791777,0.7058998576170008,0.2905935741379738,29,Female,Metro,"trending now, drop alert, reels, collab",2
CUST01634,24,3,1350.0,8309.0,0.3500412350462874,0.046694734468338765,0.27762167500096435,0.36901875134716017,0.35335957365187554,0.45842884536643996,0.25895526292077276,32,Female,Tier2,"try first order, membership, free shipping, loyalty points",4
CUST01635,54,6,1880.0,8552.0,0.21401914917070414,0.1927042204723566,0.5611057075043786,0.3667048427467126,0.07218944974890862,0.3195456082182667,0.27428685084729704,27,Male,Tier2,"early access, repeat order, restock",4
CUST01636,37,4,1910.0,18955.0,0.2752376472493485,0.09885863617629559,0.41229656098149686,0.3419748453095613,0.24572859370894176,0.28193727332789376,0.22149902315945744,30,Female,Tier2,"early access, repeat order, jeans, order tracking",4
CUST01637,18,4,860.0,4583.0,0.6115476678658158,0.5013585726549041,0.6021332590604127,0.24319117597736847,0.15467556496221888,0.5720113250018466,0.7756219954541533,25,Female,Tier2,"budget, coupon, bogo offer, combo offer",0
CUST01638,73,1,1410.0,1109.0,0.5222506293049581,0.7972489943816342,0.25821909756068523,0.4477237504114788,0.2940571520278359,0.37568603903178927,0.4374055522658994,33,Female,Tier3,"fit check, reviews, still deciding",3
CUST01639,102,5,3640.0,30662.0,0.3356030468003138,0.47807094414290363,0.32063418718340275,0.6039933535917343,0.07537245922486292,0.3206536785945745,0.3296829546608344,32,Female,Tier3,"festive, kurta set, diwali sale",5
CUST01640,23,3,1450.0,5125.0,0.4015631914377185,0.12217110491981915,0.5931047945969289,0.35491203434791235,0.051983171055158726,0.45111211195813344,0.19216811531651293,41,Male,Tier2,"lowest price, free shipping, repeat order, early access",4
CUST01641,13,2,570.0,1051.0,0.930256604810688,0.2198002876996018,0.45322711435890645,0.41879454540775407,0.12797834023333957,0.23393769211104082,0.3897506729529056,24,Female,Metro,"flat 50% off, lowest price, sale, cashback, coupon",0
CUST01642,77,2,2600.0,11875.0,0.19752621537272777,0.28160937376101614,0.25107961590503264,0.47900091159459623,0.2699194725003712,0.3765405581866324,0.4930871997706202,33,Male,Tier2,"gifting, saree, diwali sale, ethnic wear, festive",5
CUST01643,50,2,1030.0,1153.0,0.6217433282726263,0.39635825015515014,0.5597256214281875,0.4091093248313573,0.03116505374045535,0.7410454947845627,0.7160926692331174,18,Female,Tier2,"hype, first order discount, restock alert, sneaker match, referral code",6
CUST01644,64,5,1880.0,8831.0,0.35914124583247026,0.16281862627273572,0.3144893270975282,0.5464714177758574,0.13903925512661444,0.4675972546085389,0.1864954188978352,26,Female,Tier3,"compare, usual size, return policy, t-shirt",4
CUST01645,8,7,2020.0,9265.0,0.18568457192925003,0.30672513440265553,0.45897485268405236,0.39940010390629255,0.14162504340965523,0.5966291075007625,0.39562732883109747,25,Female,Metro,"cotton, collab, delivery time",2
CUST01646,12,9,610.0,6931.0,0.7479653648115925,0.25555041337735773,0.8572336502416632,0.11547464163129634,0.027291708127040508,0.6091967855992051,0.6777454071583028,30,Male,Tier3,"bogo offer, discount, lowest price, new user offer",0
CUST01647,9,4,1230.0,10695.0,0.4091069952098016,0.24795505455206834,0.4144220576028321,0.5603081946973345,0.0252697476998335,0.7768390199710327,0.33933646458809547,28,Female,Tier3,"trending now, hype, limited stock, sneaker match, collab",2
CUST01648,56,2,1900.0,8327.0,0.19463356581225713,0.10147600077018763,0.6080016792267866,0.37323498927670334,0.01876333149651011,0.14922903626636463,0.19315518994311934,34,Male,Metro,"my orders, collab, loyalty points, usual size, hype",4
CUST01649,43,1,1830.0,4286.0,0.3659527795334305,0.08661023861489471,0.6659606802333445,0.061415418807779024,0.2726239009588765,0.31032280117553873,0.1709493900940188,25,Male,Tier3,"my orders, favorite brand, new arrivals",4
CUST01650,39,12,1340.0,13935.0,0.40217424803622254,0.057023011945164265,0.30440252950966884,0.32046585253171894,0.37513161795861216,0.34691596572425354,0.22727682797258966,31,Male,Tier2,"restock, membership, kurta",4
CUST01651,54,3,2220.0,12177.0,0.49055486356202116,0.5218590865248509,0.224005977684307,0.4345203160009674,0.3414737063147255,0.4763566185093618,0.6275794349347834,31,Female,Tier2,"festive, kurta set, sherwani, wedding collection",5
CUST01652,10,2,1210.0,2029.0,0.43300236573943157,0.29541323047980717,0.829866668676067,0.12069920843572902,0.04943412288820401,0.7641845817707031,0.2523856403833046,21,Female,Metro,"streetwear, limited stock, oversized fit, new drop, trending now",2
CUST01653,36,11,1690.0,27252.0,0.1493748326181937,0.056902846656990275,0.5109751975928829,0.37735254330419116,0.11167225910292591,0.5762900694491383,0.19171587089852898,35,Male,Tier3,"new arrivals, membership, favorite brand",4
CUST01654,46,3,1290.0,7209.0,0.41593107681550656,0.4905931974065301,0.5685654108351772,0.16760964264057707,0.2638249465242458,0.3729936396881351,0.4842722027936488,20,Female,Tier2,"unboxing, reels, new user offer, size medium",6
CUST01655,18,11,590.0,9800.0,0.801912792702445,0.1785978974738097,0.4822583670228034,0.3568717443728176,0.16086988860437912,0.7006298163120958,0.7496745845952095,26,Female,Tier3,"discount, jeans, budget",0
CUST01656,43,1,4690.0,5835.0,0.07635979208571136,0.34557169834296464,0.10718818068016303,0.7609984630097769,0.13181335631006014,0.22743041419050897,0.0979119765244311,33,Female,Metro,"limited edition, made to order, premium",1
CUST01657,10,1,1010.0,1076.0,0.3279711439639297,0.5988730109250479,0.9396375140962683,0.047465641058340086,0.01289684484539151,0.8027155433981477,0.365711817020436,27,Male,Metro,"streetwear, limited stock, hype",2
CUST01658,11,7,1340.0,23434.0,0.2838740738887089,0.7125612683249316,0.7534178819790066,0.08113415222137908,0.16544796579961432,0.7597109827588104,0.34404356209477815,29,Male,Metro,"restock alert, hype, collab, oversized fit, new drop",2
CUST01659,14,1,580.0,418.0,0.7149097346671593,0.21462593149933407,0.7939363492041652,0.1497096746735437,0.0563539761222909,0.6710270999695795,0.8108739836131412,18,Female,Metro,"cashback, clearance, lowest price",0
CUST01660,18,12,660.0,12412.0,0.8762149249475325,0.3358078401906918,0.5468154422744229,0.29874350911867,0.15444104860690716,0.5526113857368037,0.582123844254761,30,Female,Tier2,"sale, discount, cotton, coupon, clearance",0
CUST01661,17,8,740.0,13699.0,0.8330625305781445,0.3390764131200584,0.6664049859645665,0.24112573209738886,0.09246928193804456,0.5664251380523855,0.5045215066424921,26,Male,Tier2,"bogo offer, budget, lowest price, cashback, coupon",0
CUST01662,61,1,1120.0,1745.0,0.3955174870341315,0.4390738528748185,0.6150950727629803,0.29714138657122746,0.08776354066579234,0.5783168604637895,0.5474851874469768,18,Male,Tier3,"reels, new user offer, insta finds, welcome offer, premium",6
CUST01663,58,1,3440.0,9060.0,0.3241743273359756,0.32223030119750873,0.14890038558441485,0.794011840794152,0.05708777362143322,0.6596764736051556,0.5541123192318518,38,Male,Metro,"order tracking, gifting, family pack, ethnic wear",5
CUST01664,14,15,540.0,5063.0,0.8549184423568796,0.3060758463139949,0.42297609525975455,0.4732316042296841,0.10379230051056135,0.48301963264229475,0.7418245072621364,25,Female,Tier3,"made to order, flat 50% off, capsule collection, bogo offer, budget",0
CUST01665,10,16,1280.0,48835.0,0.5049792757440511,0.3178930762326936,0.7883267740201985,0.143052668894049,0.06862055708575245,0.8761862712811918,0.3900918931684123,18,Female,Metro,"sneaker match, limited stock, kurta, oversized fit",2
CUST01666,12,17,630.0,6917.0,0.751815053923357,0.3379141909955694,0.6403688128646857,0.2512561688869936,0.10837501824832073,0.5092555757959792,0.7453758126648286,24,Female,Tier3,"sale, size medium, discount, restock, combo offer",0
CUST01667,50,1,1200.0,1868.0,0.39896100146831776,0.6423925495035694,0.4532339612595383,0.3660785302556849,0.18068750848477697,0.7652719875145958,0.37087043920514356,21,Male,Tier2,"size guide, cod available, still deciding, compare",3
CUST01668,50,1,1180.0,1074.0,0.4188675444704769,0.36604319774476274,0.37348384421333497,0.4563460032969281,0.17017015248973708,0.7796635114131154,0.5557961726741658,30,Female,Tier2,"insta finds, drop alert, exchange, try first order, jeans",6
CUST01669,10,8,470.0,7334.0,0.7942834913692567,0.4330464759503509,0.5031411281551305,0.3491293274507086,0.14772954439416078,0.8434167393403127,0.7904931331369346,27,Female,Tier3,"combo offer, restock, lowest price, coupon",0
CUST01670,9,6,1330.0,11913.0,0.41603993834408365,0.17707100116068977,0.9534762639483224,0.04407818362746791,0.0024455524242096905,0.7932109606565386,0.2591490726679307,26,Male,Metro,"sneaker match, membership, limited stock, collab, t-shirt",2
CUST01671,49,1,1200.0,1448.0,0.6027062553256132,0.6612242771044798,0.4333029356483813,0.32453835457497504,0.2421587097766437,0.7912315037731499,0.5660035463728175,18,Male,Tier2,"unboxing, try first order, influencer recommended",6
CUST01672,113,2,3900.0,12129.0,0.4623319571347774,0.5100248076474548,0.24311874077640863,0.5449700958603801,0.21191116336321122,0.2965823881826079,0.38474779138508974,34,Male,Tier3,"exchange, sherwani, festive, gifting, t-shirt",5
CUST01673,11,10,1200.0,26692.0,0.43675577661293563,0.21374998215155303,0.873856721312915,0.057284940674481866,0.06885833801260319,0.8879327309348372,0.4415028896979771,18,Female,Metro,"drop alert, streetwear, hype",2
CUST01674,17,5,660.0,4740.0,0.6825369989827349,0.4057878861575766,0.32111618077809617,0.3545733722209498,0.3243104470009539,0.41205971625156046,0.5241991085217277,30,Female,Tier2,"budget, lowest price, bogo offer",0
CUST01675,10,4,1390.0,8803.0,0.4501768786352242,0.3708768554737404,0.7899849231338362,0.0943460478960839,0.11566902897007988,0.8211993142354799,0.19098069408680013,21,Female,Metro,"free shipping, collab, restock alert",2
CUST01676,48,1,1340.0,1684.0,0.38538538760931956,0.7692511063266942,0.4990861953324778,0.458935363463371,0.04197844120415124,0.43643522008453045,0.4708529083282211,18,Female,Tier3,"size chart, compare, fit check, return policy",3
CUST01677,45,4,1020.0,4061.0,0.3814576637731167,0.7463019771949752,0.31169769473464654,0.4571656167485951,0.23113668851675845,0.33466360955428776,0.3806576098907406,35,Female,Tier2,"t-shirt, delivery time, reviews, collab, size chart",3
CUST01678,15,12,1540.0,17978.0,0.3485046895184637,0.42948037926601296,0.8339103523190956,0.1113890797310057,0.054700567949898686,0.7442331330806556,0.31823896468066687,28,Female,Tier3,"sneaker match, diwali sale, jeans, hype",2
CUST01679,44,2,1520.0,5270.0,0.18360348031583318,0.1974842903428095,0.19701765022372428,0.4792213903588738,0.3237609594174019,0.5598350952170164,0.08576493185958993,25,Male,Tier3,"loyalty points, order tracking, usual size",4
CUST01680,74,3,3090.0,9127.0,0.39490822937172704,0.3793191573218451,0.17581597236600505,0.4822492491537417,0.3419347784802534,0.367382258334772,0.5247221966023113,47,Female,Metro,"sherwani, occasion wear, jeans, gifting",5
CUST01681,47,3,760.0,3428.0,0.7606081358869113,0.3744776411135202,0.7787177024638117,0.20351753596734382,0.017764761568844527,0.5691098272524986,0.3384585989629506,18,Non-binary,Tier3,"referral code, influencer recommended, order tracking",6
CUST01682,76,8,3010.0,39270.0,0.1837785240430141,0.4180849616077003,0.239141764125942,0.3749892359746476,0.3858689998994104,0.38116116201040706,0.4392377126632557,30,Female,Tier3,"sherwani, saree, family pack, exchange",5
CUST01683,16,7,710.0,7568.0,0.8946729110884325,0.4202768092776666,0.9388105510063007,0.05316296466844926,0.008026484325250171,0.4100739639354226,0.7449180284903771,21,Female,Tier2,"exchange, cashback, cotton, kurta",0
CUST01684,9,3,1610.0,8672.0,0.1438285111173381,0.4104615173925652,0.5628146381945104,0.2649209977445514,0.17226436406093815,0.7967183290762593,0.41436277038807434,26,Female,Tier2,"new drop, streetwear, welcome offer",2
CUST01685,96,1,3270.0,8526.0,0.12165858041172722,0.3579260722178825,0.5094738955044855,0.3168276378593905,0.17369846663612418,0.37458073270271397,0.444450893771684,22,Female,Tier2,"ethnic wear, gifting, occasion wear",5
CUST01686,46,1,990.0,1964.0,0.42216541721934814,0.806032778249657,0.42391186569486455,0.2651872258625276,0.31090090844260776,0.46900343541341694,0.2775302167934198,28,Female,Metro,"wishlist, reviews, cod available",3
CUST01687,61,1,1480.0,2279.0,0.3482334582197723,0.8715600327331099,0.6594289644819615,0.2404517306141216,0.10011930490391685,0.6132213833938787,0.3494625108760094,44,Female,Tier3,"fit check, size guide, wishlist, reviews, compare",3
CUST01688,45,1,1080.0,2063.0,0.6680895533683301,0.7268258224625703,0.3403247225643579,0.49166604376800743,0.1680092336676348,0.5937634827079821,0.36516886595447295,21,Female,Tier3,"exchange, reels, first order discount, insta finds, influencer recommended",6
CUST01689,17,3,590.0,2239.0,0.50355715140623,0.3230773445565673,0.33612051793790676,0.6056806225454371,0.058198859516656286,0.385324794056749,0.567160016638654,21,Male,Metro,"cotton, kurta set, ethnic wear",0
CUST01690,78,3,1340.0,6549.0,0.2605403091968244,0.7805052916977139,0.41453097642579306,0.24502903983178712,0.34043998374241974,0.4209656251468803,0.5440960385354908,20,Female,Tier2,"fit check, delivery time, size chart, compare",3
CUST01691,14,9,1760.0,20082.0,0.3045181956480474,0.3723958749442523,0.8123273507964713,0.13523127402147148,0.05244137518205716,0.731406498907217,0.4732513494828744,18,Male,Tier3,"lowest price, jeans, oversized fit",2
CUST01692,63,1,1240.0,1751.0,0.530432115867498,0.4973592519313195,0.2769858454115033,0.20697225317355428,0.5160419014149424,0.7744805105451428,0.5488189546660793,22,Male,Tier2,"influencer recommended, unboxing, capsule collection, referral code, welcome offer",6
CUST01693,13,13,460.0,3631.0,0.9135883517431858,0.384165497381899,0.5799600268371974,0.33943426359335593,0.08060570956944668,0.7246853101529178,0.7606424373999007,20,Male,Tier2,"sale, free shipping, combo offer, flat 50% off",0
CUST01694,13,4,1830.0,16261.0,0.21223126411737106,0.5243248203810709,0.5160592320234526,0.44708518210971554,0.03685558586683199,0.8332053204241783,0.40888868702408115,26,Male,Metro,"hype, restock alert, limited stock",2
CUST01695,10,5,1040.0,10374.0,0.42993149600643243,0.3264942521044679,0.6583503384585839,0.3208458528588582,0.02080380868255782,0.8950720921428181,0.2819577782036416,24,Female,Tier2,"collab, streetwear, hype",2
CUST01696,13,10,1570.0,44105.0,0.28146481841676596,0.39004892759912013,0.549237539768688,0.06315130989639162,0.3876111503349203,0.8191468745957372,0.44086624625751125,23,Female,Tier2,"trending now, exchange, kurta, order tracking, hype",2
CUST01697,71,1,5990.0,4034.0,0.03888473890061229,0.26070374507831917,0.28022379264982805,0.45882304693359627,0.2609531604165758,0.04087124007766073,0.1280951174667327,42,Male,Metro,"exchange, curated, capsule collection, jeans",1
CUST01698,57,3,2640.0,9077.0,0.14289013653581864,0.3246824214405762,0.31393760366954104,0.36675772261241635,0.31930467371804266,0.64078893865874,0.6349386237474007,47,Male,Tier2,"cotton, ethnic wear, order tracking, family pack, occasion wear",5
CUST01699,9,12,520.0,6791.0,0.7096943237139486,0.2131738640690351,0.7749539485561805,0.10320097471589311,0.12184507672792641,0.6161253939718903,0.5269614033891777,21,Female,Tier2,"cashback, flat 50% off, lowest price",0
CUST01700,77,1,1400.0,3042.0,0.29201921624349614,0.7916618003439029,0.4055569123760476,0.4234466585706113,0.17099642905334111,0.5805319519582675,0.4463111631084492,39,Female,Tier2,"reviews, size guide, compare, exchange, size chart",3
CUST01701,59,2,1340.0,3519.0,0.27210021252213806,0.7565921967279361,0.26528670741241733,0.5621983157335422,0.17251497685404052,0.6880640674415267,0.16373599997333818,35,Female,Metro,"size chart, compare, return policy, reviews",3
CUST01702,20,3,830.0,5111.0,0.7407931903352487,0.3940105733682697,0.6826642593853449,0.2332529544956686,0.08408278611898648,0.6020311680504552,0.7512414189160611,34,Male,Tier2,"budget, collab, flat 50% off, bogo offer, sneaker match",0
CUST01703,79,1,1440.0,2107.0,0.3753725496956552,0.7023420758292354,0.18295559289142935,0.3245019384134015,0.49254246869516916,0.733815486074295,0.3403985294102271,34,Non-binary,Tier2,"reviews, wishlist, cod available",3
CUST01704,15,10,770.0,15422.0,0.728360286809291,0.3287775304948407,0.5345352616906168,0.41408424894991136,0.05138048935947183,0.6793953621208799,0.6358352132408001,33,Male,Tier2,"sale, size medium, lowest price, budget",0
CUST01705,111,1,3550.0,4163.0,0.28709768082193227,0.49560153083142333,0.22831919949040222,0.6394517698144723,0.13222903069512543,0.5147637348786064,0.5039393759608924,30,Male,Tier3,"festive, size medium, kurta set, jeans",5
CUST01706,79,2,2880.0,9807.0,0.26214571587922725,0.5307399395931163,0.3843709179426933,0.41967009052080384,0.19595899153650284,0.49499658731501023,0.3899097148192814,35,Female,Tier2,"gifting, kurta set, flat 50% off, family pack",5
CUST01707,31,2,820.0,1625.0,0.6546315906036901,0.698929356257144,0.25737645673372456,0.5143690903160245,0.22825445295025096,0.6565573913989236,0.5786215117450924,30,Female,Tier2,"delivery time, cod available, limited stock, return policy",3
CUST01708,32,1,3920.0,3098.0,0.03669219752576531,0.31753243876275855,0.05096334449671079,0.5256131175003614,0.42342353800292765,0.3051734034401385,0.0801067112952671,27,Female,Metro,"curated, exchange, exclusive collection, usual size, favorite brand",1
CUST01709,10,6,570.0,6552.0,0.7734949946485756,0.24678762033462387,0.8317554636975412,0.06507677095914442,0.1031677653433144,0.6752825811927867,0.7130313108677071,23,Female,Tier2,"coupon, flat 50% off, lowest price",0
CUST01710,55,3,3170.0,9864.0,0.2438276220323251,0.28580783871418924,0.2897182335123538,0.526500051300251,0.18378171518739508,0.4453900232695138,0.40824001227594675,35,Female,Tier3,"wedding collection, ethnic wear, sherwani, festive, size medium",5
CUST01711,9,20,1310.0,43287.0,0.18854549858933728,0.4486258986552792,0.5027400145568854,0.04823812068913436,0.4490218647539802,0.8278356993534031,0.47685907712053094,29,Female,Tier2,"kurta, hype, collab, free shipping, sneaker match",2
CUST01712,38,4,3330.0,34742.0,0.016594854280498922,0.07843089910378845,0.384570896514831,0.2899964300365453,0.32543267344862375,0.3181399619483829,0.2082662293711987,25,Male,Metro,"kurta, luxury, premium",1
CUST01713,11,12,1640.0,39350.0,0.08898240434235613,0.30183230543084916,0.6045222935991543,0.2784585098385802,0.11701919656226559,0.9045692203218756,0.23230647936683724,22,Female,Tier3,"oversized fit, premium, sneaker match, streetwear, limited stock",2
CUST01714,67,5,2460.0,13958.0,0.19249200459303756,0.0735190854285051,0.29229397326576523,0.33664028300478205,0.37106574372945267,0.3440836102013916,0.24241392199922024,28,Female,Tier2,"sherwani, my orders, restock, usual size, favorite brand",4
CUST01715,81,1,2930.0,4406.0,0.2012707731303348,0.3029875412438311,0.07754535944243768,0.6408416345102208,0.2816130060473415,0.35649392453810635,0.5997843596317676,42,Male,Tier2,"occasion wear, size medium, diwali sale",5
CUST01716,66,1,1340.0,2883.0,0.27272436167654845,0.7304098116265599,0.2803460067252444,0.3884757073890046,0.3311782858857511,0.7467294884745196,0.349478549297861,38,Male,Tier2,"cod available, new drop, wishlist, reviews",3
CUST01717,49,1,1350.0,2621.0,0.43008756489899425,0.6985691557961461,0.58161326920972,0.33797295278674233,0.08041377800353769,0.5508349863008539,0.5967029520273135,21,Female,Metro,"new user offer, order tracking, reels",6
CUST01718,67,1,1420.0,2678.0,0.5260212309460608,0.338284606257027,0.5811381441796927,0.14256458987440104,0.27629726594590615,0.5732871436066073,0.4492886079070984,20,Male,Tier3,"insta finds, first order discount, trending",6
CUST01719,10,14,1450.0,28010.0,0.2152363202372829,0.1918523233865542,0.8813000223340096,0.0986959804427096,0.020003997223280685,0.7920697996610409,0.4990950610662589,24,Male,Metro,"drop alert, restock alert, hype",2
CUST01720,49,1,1430.0,1588.0,0.2814663033169228,0.7862852764643321,0.05052008645336391,0.5315064124852217,0.4179735010614144,0.5383594245129477,0.3268192203224916,31,Male,Tier3,"return policy, repeat order, size guide",3
CUST01721,44,1,1330.0,3137.0,0.3949037797237078,0.5475015600850283,0.44446677229717446,0.3093636883985225,0.24616953930430305,0.7353500619857499,0.6288549641808653,21,Female,Metro,"t-shirt, still deciding, delivery time, size chart",3
CUST01722,43,1,1260.0,1344.0,0.23504296625776996,0.5395542552868816,0.4551559762173993,0.058386365693724594,0.4864576580888762,0.636531652954984,0.40469753575328976,26,Female,Metro,"cod available, order tracking, free shipping, fit check",3
CUST01723,60,2,1850.0,2755.0,0.12370095234000669,0.10411709759288508,0.5635813287060607,0.3739949960062506,0.06242367528768865,0.1314360857024563,0.1424842928147219,55,Male,Tier3,"exchange, order history, membership",4
CUST01724,87,1,2570.0,4278.0,0.40420101044829637,0.5364744173269493,0.07908392434478882,0.48496522951756593,0.4359508461376453,0.22180922552055934,0.5781824281154612,40,Female,Tier3,"jeans, family pack, sherwani, gifting, full price",5
CUST01725,13,9,1450.0,31403.0,0.35958773392912335,0.4206548358472977,0.7392814739888749,0.12155388021349595,0.13916464579762916,0.4860761276283043,0.2440216057634803,18,Male,Tier2,"budget, jeans, collab, trending now",2
CUST01726,75,1,1500.0,2677.0,0.4068609554961616,0.5750126566651224,0.32947576600392636,0.4212998858651004,0.24922434813097324,0.5719229500857798,0.3666391751670881,30,Male,Tier3,"cod available, compare, size chart",3
CUST01727,57,1,940.0,1634.0,0.5323816951053649,0.46632443709936966,0.605157007548295,0.22991438130045236,0.16492861115125268,0.8457511075746353,0.50086075095147,20,Female,Tier3,"kurta, trending, order tracking, welcome offer",6
CUST01728,32,6,1550.0,11885.0,0.24230553735052351,0.019477496055128305,0.35438143944502354,0.39905310297292446,0.24656545758205203,0.4692394415905216,0.17737823930757765,37,Male,Tier2,"my orders, favorite brand, size medium",4
CUST01729,63,1,1290.0,1629.0,0.37625790555406075,0.42958147870970487,0.5655059737289839,0.15764618939774308,0.2768478368732731,0.8433960472068996,0.6843452912805291,18,Female,Tier3,"cotton, jeans, wedding collection, trending, welcome offer",6
CUST01730,16,7,860.0,13581.0,0.70531561369203,0.5746671650198378,0.8652572221643196,0.12835741130896283,0.006385366526717538,0.5262241815503897,0.66822214414001,18,Male,Tier3,"kurta, bogo offer, budget",0
CUST01731,49,8,2250.0,24927.0,0.2006777385436409,0.15253150249967468,0.24353628193731464,0.21939242349081098,0.5370712945718744,0.26481648098337374,0.14086156273781308,29,Male,Tier2,"streetwear, my orders, restock, favorite brand",4
CUST01732,61,1,2100.0,1838.0,0.3403806799237054,0.08194928438320945,0.48344311178756777,0.1673348228157617,0.34922206539667056,0.33316098859913695,0.21639468898675407,27,Female,Tier2,"favorite brand, repeat order, new arrivals, my orders",4
CUST01733,16,3,700.0,4269.0,0.6380146858241603,0.36970934293605506,0.5360962654552546,0.16189980527131587,0.3020039292734296,0.5017295224123154,0.5809577191796881,27,Female,Tier3,"coupon, sale, size medium, welcome offer, bogo offer",0
CUST01734,44,6,1460.0,21624.0,0.2614263990663413,0.3443048891340591,0.48589430949712725,0.37823936578802436,0.13586632471484836,0.4759882179829292,0.399684522384285,28,Female,Metro,"restock, flat 50% off, membership, new arrivals, my orders",4
CUST01735,54,1,2270.0,1551.0,0.19112443350595595,0.16489427051428152,0.399792875052575,0.5169280135387521,0.08327911140867307,0.40953182062589766,0.17026040289121824,34,Female,Tier2,"usual size, repeat order, order history, jeans",4
CUST01736,16,6,1730.0,11822.0,0.3734844970642188,0.20317963117057436,0.7946629010942832,0.16744660412175733,0.03789049478395935,0.7221309748896576,0.32315960003059874,18,Female,Metro,"limited stock, new drop, oversized fit, premium",2
CUST01737,47,1,1240.0,2676.0,0.5128037935425407,0.6396974583121184,0.23575821708971972,0.42415419974980245,0.34008758316047794,0.6202714394134506,0.6337636003318364,20,Female,Metro,"reels, first order discount, welcome offer, try first order",6
CUST01738,14,1,1660.0,2316.0,0.39952663865312177,0.37604415045448963,0.4076899830047138,0.47103832239060245,0.12127169460468369,0.7605394479167982,0.31041391265657053,21,Female,Metro,"oversized fit, exchange, restock alert, hype",2
CUST01739,10,4,1360.0,7003.0,0.45939378960193306,0.35634020805376354,0.8280922471454779,0.15832776327887185,0.01357998957565023,0.7445309621804947,0.3348276115547818,36,Male,Tier3,"streetwear, trending now, drop alert, oversized fit, insta finds",2
CUST01740,17,17,660.0,19800.0,0.80755906444691,0.274460813811806,0.6927492940210622,0.1715027571706214,0.13574794880831645,0.6489353392317552,0.5999574060718238,24,Female,Metro,"repeat order, budget, clearance",0
CUST01741,17,5,610.0,3687.0,0.9026466954428404,0.2518917428376174,0.6549558182763668,0.3120260473169063,0.03301813440672688,0.6441267256336471,0.5880786691295594,29,Male,Tier3,"clearance, budget, bogo offer, discount, coupon",0
CUST01742,57,8,1890.0,20450.0,0.17618837109976054,0.06166446165013615,0.46477948993147106,0.3200530917210935,0.21516741834743539,0.4272627876335691,0.07868338335026269,31,Female,Metro,"new arrivals, restock, usual size, membership",4
CUST01743,58,5,1780.0,17983.0,0.26686101346173585,0.08401974687199462,0.34705927871255676,0.5829391399670145,0.07000158132042883,0.22048835379772272,0.18370990513576127,26,Female,Metro,"favorite brand, membership, repeat order, new arrivals, flat 50% off",4
CUST01744,18,12,590.0,4501.0,0.7703230729377891,0.46431132276523523,0.6909537573452345,0.2986783260793085,0.010367916575457024,0.5185997330577649,0.5115339482282031,32,Male,Tier2,"coupon, luxury, lowest price, budget, cashback",0
CUST01745,41,10,1720.0,10076.0,0.293011551558501,0.04983123919161716,0.4678224727162957,0.38503470871387263,0.1471428185698316,0.368536189534351,0.10616747994317291,23,Female,Tier2,"t-shirt, membership, new arrivals, favorite brand, usual size",4
CUST01746,41,3,1830.0,14117.0,0.2397534693537941,0.1280387384113505,0.6825483161126317,0.1890579221176296,0.12839376176973855,0.32466282583264716,0.08191705915292505,18,Female,Metro,"favorite brand, my orders, early access, repeat order, limited stock",4
CUST01747,19,10,1000.0,20001.0,0.7844335332650367,0.18871053499778603,0.45531171036307494,0.1191232807095534,0.4255650089273716,0.6199905576892618,0.6379300526556072,21,Female,Tier2,"premium, bogo offer, luxury",0
CUST01748,42,1,880.0,1518.0,0.4060976504547815,0.32129811188574664,0.49867775798312797,0.23936647752874063,0.26195576448813146,0.5581509336350525,0.3862789013456856,21,Male,Tier2,"insta finds, influencer recommended, exchange, sale",6
CUST01749,71,1,1490.0,3180.0,0.3882589379731944,0.7914216653453071,0.3729989945244778,0.25154717990420106,0.37545382557132123,0.6460576851757036,0.38820340579889046,36,Male,Tier2,"sale, size medium, return policy",3
CUST01750,40,2,1090.0,3880.0,0.5970210889066712,0.7238791934417678,0.3009198143233202,0.6245967518671685,0.07448343380951136,0.6440577718837308,0.4394743093540172,27,Male,Tier2,"wishlist, cod available, free shipping, size guide, exchange",3
CUST01751,56,4,2450.0,14924.0,0.21065845547580295,0.2594358297756739,0.5936667986512851,0.31172238896502497,0.09461081238368997,0.32964808982209326,0.10649028005263955,29,Male,Metro,"favorite brand, usual size, membership, exchange, order history",4
CUST01752,38,5,3000.0,39922.0,0.259092279172488,0.06368690636144747,0.23282215212207666,0.5087124022020086,0.2584654456759145,0.29665030445752955,0.0715680014153152,30,Female,Metro,"luxury, festive, exchange",1
CUST01753,8,16,1010.0,22718.0,0.23795119138984622,0.41304959870490987,0.9242667675152095,0.07303240355939696,0.002700828925393611,0.8845597573117818,0.223328014917898,27,Male,Tier2,"oversized fit, collab, hype",2
CUST01754,19,2,840.0,3603.0,0.8219779065215472,0.3628219237858602,0.6931617196385568,0.25760067812934645,0.049237602232096694,0.5414757138684999,0.5531528889543721,29,Female,Tier2,"t-shirt, budget, lowest price, cotton, clearance",0
CUST01755,61,1,1420.0,2709.0,0.5456337941515835,0.45570627320585205,0.4956236523470588,0.25356191413503826,0.2508144335179028,0.6179699993777394,0.4809988106645583,25,Female,Tier2,"jeans, first order discount, reels, size medium",6
CUST01756,58,3,2630.0,8566.0,0.4323062332585481,0.30125312056986797,0.3702882066176105,0.4476983747213382,0.18201341866105128,0.4877569627983794,0.5856674527506647,26,Female,Tier2,"wedding collection, family pack, cotton, gifting",5
CUST01757,14,4,570.0,4245.0,0.805687858500612,0.3924859358753153,0.7560583165268541,0.11953299703140131,0.12440868644174458,0.5528800660945454,0.6687900818366832,35,Male,Tier3,"bogo offer, kurta, size medium",0
CUST01758,13,21,620.0,23049.0,0.8350226170745273,0.3242182839727675,0.7448704971629251,0.18981420816295447,0.06531529467412052,0.45851365351759493,0.654972518925127,31,Male,Tier2,"bogo offer, kurta, cashback, flat 50% off, free shipping",0
CUST01759,64,1,1160.0,2256.0,0.33625409451583155,0.6620161936605901,0.4295397710371616,0.2194886144785956,0.3509716144842426,0.5002113225424071,0.3182424693306911,25,Male,Metro,"cod available, delivery time, cotton, compare",3
CUST01760,10,9,1610.0,31057.0,0.31766821063879136,0.29381315990326895,0.7872703350616868,0.07038559991750055,0.14234406502081276,0.7606051373367483,0.4209292290771736,28,Male,Metro,"trending now, new drop, drop alert, limited stock",2
CUST01761,15,16,1550.0,40904.0,0.1867298583136295,0.21270610917168536,0.5415150942359476,0.290011224259753,0.16847368150429937,0.7574867198660994,0.3561747042930905,23,Female,Metro,"collab, new drop, streetwear, size medium, limited stock",2
CUST01762,12,3,510.0,3631.0,0.7677888786619066,0.1944024237620182,0.818578509474013,0.1376177403180367,0.0438037502079502,0.629095306765872,0.7247889778895601,28,Male,Tier3,"combo offer, bogo offer, clearance, budget",0
CUST01763,29,2,3180.0,8743.0,0.1401320252325674,0.13117822651613278,0.09955059459674455,0.5614681350708779,0.33898127033237757,0.23707825856636833,0.1211906396990338,27,Male,Tier2,"curated, size medium, exclusive collection",1
CUST01764,21,3,610.0,2391.0,0.7858842178352063,0.19346952522830152,0.6213117346235403,0.21794912467424357,0.16073914070221612,0.5221552320248076,0.5089536836482481,26,Female,Tier3,"clearance, cashback, lowest price, flat 50% off, sale",0
CUST01765,61,1,5050.0,4040.0,0.0962056848071631,0.16487008650187485,0.31413253627308446,0.23843180629275276,0.44743565743416275,0.4146489780986047,0.03567961628783913,35,Male,Metro,"full price, family pack, premium fabric",1
CUST01766,61,1,980.0,1253.0,0.4793185103313282,0.5223792687817821,0.2861998036624042,0.5137577289271786,0.20004246741041717,0.6936691593159753,0.36349182762494076,21,Male,Tier3,"referral code, try first order, reels",6
CUST01767,12,12,540.0,3502.0,0.6481863001237788,0.2767702853685673,0.4366899241513829,0.5075788993671115,0.05573117648150559,0.6983990559645905,0.6090339141894944,18,Female,Tier2,"discount, sale, budget, size medium",0
CUST01768,71,2,3000.0,12134.0,0.21078923276601233,0.45597348618848554,0.16329947239143458,0.7240575079479934,0.11264301966057211,0.31987354189091877,0.5441612977111483,27,Female,Metro,"kurta set, family pack, gifting, diwali sale",5
CUST01769,11,2,1280.0,4297.0,0.4080744647131184,0.27084602797083407,0.874322576152965,0.11856978363454047,0.007107640212494406,0.6037295138760985,0.29163472937166224,23,Male,Metro,"sneaker match, collab, oversized fit",2
CUST01770,55,1,1090.0,710.0,0.35356290937668106,0.5587629766084529,0.26740167264750236,0.46780248899710464,0.2647958383553929,0.6191123696313686,0.3289939609478234,24,Female,Metro,"influencer recommended, size guide, cod available",3
CUST01771,14,6,560.0,8304.0,0.6988565791735997,0.48287005085778933,0.8246046212938862,0.17197615521432663,0.0034192234917872592,0.7228891982036167,0.8453318248868817,19,Female,Tier3,"combo offer, discount, sale",0
CUST01772,14,4,1620.0,14652.0,0.3777002284369668,0.39085755817544615,0.5417434160669556,0.33499887244136783,0.12325771149167673,0.6936399793109496,0.3851480836040937,18,Non-binary,Tier2,"sneaker match, restock alert, collab",2
CUST01773,8,6,1430.0,19393.0,0.38417573297107666,0.10505381573488566,0.5536892040613642,0.37637438912025867,0.06993640681837711,0.6346049382642887,0.42930366908337997,26,Male,Tier2,"new drop, streetwear, trending now",2
CUST01774,41,1,5070.0,5359.0,0.042696926157244346,0.42049965452765886,0.21017529276653035,0.32825956924005756,0.4615651379934121,0.1050621056257124,0.21248123695057483,32,Male,Metro,"luxury, jeans, full price, designer drop, curated",1
CUST01775,49,1,1230.0,2510.0,0.3108284247951035,0.6533799760579508,0.5038902752256473,0.32628958006622066,0.16982014470813192,0.6294938711698207,0.30704924550195944,39,Female,Tier3,"reviews, cotton, delivery time, size chart",3
CUST01776,19,2,730.0,2225.0,0.7694170517153371,0.5048452880594215,0.7218120602329949,0.2078497645780748,0.07033817518893029,0.40199076689045676,0.5736175486544038,29,Female,Tier3,"new drop, streetwear, jeans, discount, sale",0
CUST01777,43,3,910.0,5339.0,0.41388088257580846,0.6552805145883681,0.4111365920902176,0.16485190977037195,0.4240114981394104,0.5571205439675043,0.3620650661656421,19,Female,Metro,"kurta, reviews, cod available",3
CUST01778,9,7,570.0,4849.0,0.8873381118810705,0.3780439711225846,0.7965427499472485,0.15130587347114477,0.05215137658160658,0.5650627415302838,0.4392243233393572,31,Female,Tier3,"coupon, budget, order tracking, cashback, limited stock",0
CUST01779,104,1,1350.0,1433.0,0.6063316304274841,0.6554727759560796,0.5082774908882619,0.253349428136458,0.23837308097528004,0.5784479686636083,0.7103136775036303,20,Male,Metro,"size medium, try first order, first order discount, welcome offer, usual size",6
CUST01780,55,6,2690.0,19345.0,0.22048512170478596,0.6847253262894463,0.45667724533598947,0.4959655879585279,0.04735716670548247,0.3366102101821759,0.44465400507187536,22,Male,Tier2,"saree, sherwani, occasion wear, gifting",5
CUST01781,83,13,2260.0,46039.0,0.17719848290850712,0.39012058134245603,0.1337459149205718,0.6628928352059844,0.20336124987344373,0.525754383016538,0.31600816102758245,47,Male,Metro,"ethnic wear, kurta set, wedding collection",5
CUST01782,54,1,2610.0,5100.0,0.18395152150348038,0.12137433199841223,0.5338253213266253,0.22347295237300976,0.2427017263003649,0.42189323772076875,0.2440779965866129,36,Female,Metro,"loyalty points, order history, early access, repeat order",4
CUST01783,11,16,630.0,11132.0,0.6313590967484347,0.35294962300989663,0.7673726054729928,0.1803679902549886,0.05225940427201871,0.6764850314172915,0.5541823587835735,25,Female,Tier2,"flat 50% off, clearance, budget, usual size",0
CUST01784,53,1,990.0,750.0,0.4780736660461607,0.38132049676138297,0.39231534250168787,0.4815730716183484,0.12611158587996385,0.742889407522811,0.361695937242839,21,Female,Tier3,"insta finds, size medium, loyalty points",6
CUST01785,24,5,660.0,2141.0,0.7773907496469531,0.3629675082740662,0.623804267977954,0.25133077100293083,0.1248649610191152,0.5850256983220582,0.5095491547772795,31,Female,Tier3,"bogo offer, coupon, discount, sale, lowest price",0
CUST01786,87,3,1610.0,4631.0,0.30098260883921324,0.8001359248510259,0.39171648670154774,0.13645338493298864,0.47183012836546356,0.3165975940550767,0.24318462904046373,36,Male,Tier2,"sherwani, fit check, cod available, reviews, size guide",3
CUST01787,36,9,2610.0,61692.0,0.14712927490516384,0.058985749370659625,0.32530981942894566,0.4634010424307375,0.21128913814031683,0.3186293559024764,0.08045092257606015,42,Male,Metro,"premium, limited edition, curated",1
CUST01788,8,9,1320.0,28862.0,0.47616681574812786,0.40349765617572586,0.8551589895753292,0.05908331591154147,0.08575769451312948,0.8389266440109482,0.3193993681381388,29,Female,Tier2,"oversized fit, trending now, limited stock, sneaker match",2
CUST01789,105,2,3250.0,3780.0,0.3197159645032192,0.4386862835306533,0.504063999786388,0.0530001737529768,0.4429358264606351,0.38774082689927364,0.4643496413677046,34,Male,Tier3,"sherwani, diwali sale, wishlist, free shipping",5
CUST01790,40,5,970.0,6663.0,0.6433127901920687,0.3697154649163364,0.8147960474290611,0.01124333586535809,0.17396061670558097,0.7291221428316976,0.7108730773035304,20,Female,Tier2,"first order discount, welcome offer, unboxing, try first order, trending",6
CUST01791,16,4,550.0,5075.0,0.7903801438021743,0.2526333546702263,0.5253323388638306,0.01598541526472651,0.458682245871443,0.3619521314193583,0.8297468534755399,27,Female,Tier2,"bogo offer, cashback, flat 50% off, jeans, budget",0
CUST01792,13,4,750.0,6164.0,0.7052102211108336,0.4170584604078067,0.730106449808507,0.17339468529008994,0.09649886490140301,0.5948031999233858,0.7725334182689398,21,Female,Tier2,"lowest price, clearance, coupon",0
CUST01793,10,12,1620.0,10499.0,0.234642279807809,0.24279697662743996,0.6449989855087498,0.2773281152741959,0.07767289921705424,0.8217035344286718,0.278928473680581,31,Male,Metro,"oversized fit, collab, hype",2
CUST01794,18,2,780.0,3757.0,0.6328465513233077,0.38529939351039816,0.8206288173588793,0.10060340778427218,0.07876777485684848,0.581331936709854,0.6234283959470042,23,Female,Tier3,"lowest price, flat 50% off, cashback, combo offer, sale",0
CUST01795,14,1,1890.0,1776.0,0.3945322791935889,0.356120606473596,0.5796517648736602,0.1736682755631027,0.24667995956323704,0.7828739170990294,0.16857049417795125,23,Female,Tier3,"trending now, sneaker match, streetwear, limited stock",2
CUST01796,80,1,3230.0,5248.0,0.29795923378686645,0.20393449352955448,0.6268959574997875,0.2660673763966421,0.10703666610357034,0.2636201659918009,0.3576458165831301,41,Female,Tier3,"t-shirt, saree, occasion wear, gifting",5
CUST01797,82,1,1270.0,1105.0,0.26999452674068475,0.6280868947407631,0.4262683434084841,0.2087969239455897,0.36493473264592613,0.5950286755380223,0.49066226063854074,28,Male,Tier3,"fit check, kurta, budget, clearance, size chart",3
CUST01798,10,4,1330.0,5467.0,0.45396018999166887,0.17816577380458487,0.7048006818207849,0.25472338827129976,0.04047592990791539,0.8812793832914364,0.28317667445354844,19,Male,Tier2,"new drop, loyalty points, size medium",2
CUST01799,73,1,1300.0,1507.0,0.2558086274408025,0.5895047970825554,0.5257099484272691,0.35422945106069165,0.12006060051203922,0.6815673777873696,0.306221841626085,33,Female,Tier2,"size guide, size chart, still deciding, return policy",3
CUST01800,12,11,690.0,15373.0,0.7991836193909027,0.5195002927631931,0.7110833192919109,0.24524507551757266,0.043671605190516424,0.6603261103697357,0.4528971573401181,34,Female,Tier3,"coupon, discount, cashback, budget, lowest price",0
CUST01801,9,8,1280.0,20781.0,0.3028091790056643,0.21118504580780925,0.8497253697521617,0.11133550812554656,0.03893912212229162,0.840456769468127,0.322568209123082,29,Male,Metro,"collab, drop alert, sneaker match, restock alert, streetwear",2
CUST01802,53,1,1040.0,1157.0,0.5945581303116546,0.6475967883434455,0.41801945631873677,0.32734140891147756,0.2546391347697857,0.6240762999283022,0.48154880930178295,25,Female,Metro,"free shipping, unboxing, trending",6
CUST01803,68,8,820.0,14099.0,0.32869166338888767,0.6803147777122392,0.2565522738587852,0.2989670929362485,0.4444806332049663,0.6143222640328717,0.23616746882483602,18,Female,Metro,"cod available, wishlist, return policy, compare",3
CUST01804,15,12,630.0,9220.0,0.6835929748138964,0.4505881488108413,0.5825110464190992,0.22784460856258557,0.18964434501831504,0.7730690820262937,0.5827205581128769,30,Male,Tier2,"cashback, lowest price, flat 50% off",0
CUST01805,41,1,1110.0,588.0,0.3906160316239632,0.63808782074126,0.41178551766755683,0.3573121787863717,0.23090230354607144,0.6694267460454557,0.6007383909426951,22,Female,Tier2,"wishlist, delivery time, cod available",3
CUST01806,64,1,1270.0,2733.0,0.3492062184224945,0.5676921894578231,0.4508659759699775,0.2953365367615405,0.25379748726848195,0.7515761647250945,0.45184356864032754,26,Female,Tier3,"compare, fit check, size guide, delivery time, reviews",3
CUST01807,41,3,2090.0,4835.0,0.3857089148418441,0.37823457068087835,0.5848896652081012,0.3076851551485858,0.10742517964331315,0.3928359910878942,0.44676681209232005,33,Male,Tier2,"kurta set, wedding collection, size guide, family pack, jeans",5
CUST01808,21,1,620.0,838.0,0.5799159388700731,0.3967016748934897,0.57830029333153,0.228428003055697,0.193271703612773,0.41989212746694166,0.7457032040295948,21,Male,Tier3,"coupon, cashback, clearance, discount",0
CUST01809,12,3,810.0,4272.0,0.7524968310533162,0.2954495261582448,0.5760349287704901,0.32026016253524375,0.10370490869426625,0.546741949649345,0.7364547263440177,31,Male,Tier2,"flat 50% off, coupon, cashback, wedding collection",0
CUST01810,68,1,1310.0,2613.0,0.571477125201911,0.5730819880211875,0.43605034585335856,0.49302392460443584,0.07092572954220559,0.641088112518168,0.3803834178068543,26,Male,Tier2,"still deciding, delivery time, return policy, cod available, reviews",3
CUST01811,16,1,530.0,636.0,0.8417328240912338,0.400319621458182,0.4976649604730083,0.28368387225015423,0.21865116727683756,0.4188725939091507,0.43495044988287074,34,Female,Tier2,"jeans, diwali sale, combo offer, exchange",0
CUST01812,21,7,750.0,10759.0,0.7745126410158638,0.448530809320249,0.7565883630469953,0.15897135879180008,0.08444027816120461,0.3289116777251741,0.7535173744982389,29,Male,Tier3,"cod available, kurta, fit check, clearance",0
CUST01813,10,12,1180.0,21520.0,0.37806188840978006,0.18469250556566588,0.5549819927672528,0.2305311555853603,0.21448685164738687,0.7691229290144965,0.4056927753559671,19,Male,Tier2,"hype, limited stock, sneaker match, oversized fit",2
CUST01814,13,22,540.0,23722.0,0.8991015208964335,0.24988665981230765,0.7370576043353874,0.18759879157190987,0.07534360409270267,0.5274859037741078,0.795358677240234,37,Female,Tier2,"size chart, kurta, lowest price",0
CUST01815,12,1,1810.0,4134.0,0.26208071290407636,0.302488789571795,0.851089346397957,0.05719839862644552,0.0917122549755974,0.8120185973339206,0.2228407903306491,24,Male,Tier2,"try first order, cotton, welcome offer, limited stock",2
CUST01816,10,8,1260.0,22627.0,0.29027856886437237,0.31222366174940674,0.7394101225020593,0.1715270295986637,0.08906284789927713,0.5816814794591079,0.34553627870543385,28,Female,Metro,"free shipping, drop alert, limited stock, streetwear, hype",2
CUST01817,64,3,1390.0,8787.0,0.40520648634330336,0.6623706168519803,0.44512763731123905,0.47205689388366795,0.08281546880509293,0.6286207490794925,0.36570993380993877,21,Male,Tier3,"free shipping, still deciding, budget, cod available, fit check",3
CUST01818,42,2,2740.0,12926.0,0.348228492764529,0.26840960885499887,0.057282818932632776,0.5232748394890773,0.41944234157828997,0.35301138778765323,0.47520209152402415,45,Female,Metro,"gifting, saree, size medium, diwali sale, reels",5
CUST01819,7,3,1080.0,4848.0,0.3348301647467883,0.40107495175975816,0.7311732396662086,0.142148687737325,0.12667807259646643,0.8970541629069728,0.27524516023142076,18,Female,Metro,"restock alert, oversized fit, restock, my orders, drop alert",2
CUST01820,76,1,4520.0,6710.0,0.020365725486238967,0.08386668681402328,0.44964412769819945,0.19750037461442563,0.3528554976873749,0.14985497032646947,0.12381627939731737,43,Female,Metro,"designer drop, premium fabric, cotton, capsule collection, luxury",1
CUST01821,7,4,1410.0,10978.0,0.23146839869408248,0.2811099802322141,0.6109728335518894,0.07475201788885287,0.3142751485592577,0.7423696828239602,0.4545224266009805,24,Male,Metro,"hype, full price, drop alert, exchange",2
CUST01822,14,5,570.0,3072.0,0.5875209308143026,0.2190236364916419,0.6916485516753936,0.22166589025585978,0.0866855580687466,0.4790675143690749,0.8506552648916172,22,Male,Tier3,"lowest price, bogo offer, clearance, discount, coupon",0
CUST01823,66,1,1020.0,1828.0,0.37315158220552713,0.6933703043486533,0.5471133009706932,0.12901115134587732,0.3238755476834293,0.6096849811383093,0.47646167880644513,32,Male,Tier2,"wishlist, size guide, delivery time",3
CUST01824,7,11,1110.0,8351.0,0.4876488854670504,0.14144241431164206,0.5534221416894236,0.4401985709476565,0.006379287362920027,0.7748707644399704,0.545982517160358,29,Male,Tier2,"streetwear, size medium, kurta set, oversized fit",2
CUST01825,9,1,1470.0,2481.0,0.30059366522551934,0.36739457605331316,0.851188988324269,0.04849628618350072,0.10031472549223028,0.8507620809895546,0.30897210551335547,26,Male,Metro,"collab, free shipping, hype",2
CUST01826,49,4,1950.0,13763.0,0.2780595617518853,0.1575315582466162,0.5036633832314253,0.3532064534813285,0.14313016328724623,0.3070273060776152,0.1962142974068021,44,Female,Tier2,"new arrivals, restock, early access",4
CUST01827,53,1,1360.0,2663.0,0.38573810442181194,0.7460309153827119,0.4860070240267977,0.36665999473441824,0.14733298123878394,0.6048553024438558,0.4352570267568011,30,Female,Metro,"delivery time, t-shirt, wishlist",3
CUST01828,77,3,3480.0,12637.0,0.3640148929074265,0.3129234002975224,0.2907917198633056,0.3639832716669263,0.3452250084697683,0.2544486368305124,0.4719907509374711,37,Male,Tier2,"diwali sale, ethnic wear, kurta set, drop alert",5
CUST01829,87,1,3420.0,6517.0,0.49355177013699497,0.25170827306435417,0.42385730723121146,0.4691606795057504,0.10698201326303818,0.2534499973529167,0.38525108592230467,28,Female,Metro,"family pack, order tracking, saree, ethnic wear",5
CUST01830,91,4,2690.0,13084.0,0.28912128749450944,0.5032183228621059,0.41829076337661847,0.2673828342065883,0.3143264024167932,0.5106647585563231,0.4178247893553239,26,Female,Tier2,"kurta set, saree, order tracking, sherwani",5
CUST01831,10,16,1400.0,40449.0,0.6611914833370904,0.3520620384107546,0.9599682219973151,0.036298208898762986,0.003733569103921778,0.7005039416611195,0.3557069099483264,27,Male,Tier2,"collab, hype, limited stock, influencer recommended, streetwear",2
CUST01832,36,1,1610.0,4131.0,0.5752173049369492,0.23731573492891858,0.6914801118323406,0.10716260426477185,0.20135728390288754,0.4601350053682379,0.26553141640618166,34,Female,Metro,"early access, repeat order, new arrivals, favorite brand",4
CUST01833,12,5,620.0,6379.0,0.9273060122294546,0.27843115102210825,0.5756473662120624,0.40630539400538196,0.018047239782555506,0.5841733059064413,0.5707705285761943,27,Male,Tier3,"flat 50% off, clearance, capsule collection",0
CUST01834,58,1,1370.0,1560.0,0.22553432160873743,0.772238752471827,0.5858104495823595,0.38095667564456775,0.033232874773072664,0.6594294725072315,0.32758239837187786,24,Female,Tier3,"reviews, size guide, fit check",3
CUST01835,30,3,3160.0,21225.0,0.2874896395995053,0.14710965905521378,0.3114753997107242,0.1467904776652306,0.5417341226240452,0.3849534729459111,0.16978059504122953,36,Male,Metro,"full price, made to order, exclusive collection, luxury",1
CUST01836,7,6,1440.0,3874.0,0.32432318987747744,0.19203718570825165,0.8043564233418581,0.09721241586850016,0.09843116078964183,0.9782501920595574,0.3189692427165909,20,Male,Tier3,"oversized fit, drop alert, sneaker match",2
CUST01837,48,1,940.0,1488.0,0.4983408256770699,0.2675212118208421,0.47298272313381934,0.3721454971815744,0.15487177968460616,0.781055526111451,0.5461975380389379,21,Male,Tier3,"referral code, influencer recommended, first order discount",6
CUST01838,59,10,2280.0,13708.0,0.11988846145391491,0.2272495995805518,0.32414778828632845,0.6238916947377957,0.051960516975875795,0.3233312360606858,0.1781985817013576,50,Male,Tier3,"usual size, kurta, repeat order",4
CUST01839,19,18,950.0,37656.0,0.6977697414424726,0.24771818059248654,0.6653867483614124,0.2738243036957244,0.06078894794286317,0.3521886551458124,0.7334651817446539,26,Female,Tier2,"lowest price, discount, kurta",0
CUST01840,46,1,4030.0,4077.0,0.21748307306221198,0.16060588737320897,0.22068997563919693,0.5514701953766201,0.2278398289841829,0.2819103170092014,0.1498270810915698,33,Female,Metro,"designer drop, try first order, exclusive collection, kurta",1
CUST01841,10,11,1240.0,24091.0,0.5528064003338626,0.2324260752731287,0.7894757886078096,0.12424471017530114,0.08627950121688932,0.6881511295141753,0.28541834319665615,19,Male,Tier2,"trending now, order tracking, new drop",2
CUST01842,9,12,1180.0,9127.0,0.3390362636792469,0.2158999026404074,0.6528464774450752,0.32751945826243284,0.01963406429249195,0.790244951274656,0.5000906319819229,31,Male,Tier2,"sneaker match, collab, limited stock, oversized fit",2
CUST01843,13,1,560.0,662.0,0.7382373543679206,0.25491726659396924,0.5338910875782427,0.2006655254296595,0.26544338699209785,0.4118368710154391,0.786003339789564,28,Female,Tier2,"coupon, lowest price, discount, clearance, sale",0
CUST01844,68,1,980.0,994.0,0.49739054868463234,0.4457334842635446,0.5130314220288148,0.14914986856073184,0.3378187094104533,0.6352565133902253,0.5295115821186266,26,Female,Tier3,"first order discount, trending, exchange",6
CUST01845,61,1,1070.0,783.0,0.6665440205271949,0.6111037105348246,0.740458348844058,0.18922983632297954,0.07031181483296235,0.5085562279545335,0.5149996963038457,24,Female,Tier2,"new user offer, referral code, unboxing",6
CUST01846,47,2,870.0,3006.0,0.49287458902831605,0.5424335417181647,0.8286576307299236,0.02590186539264462,0.14544050387743163,0.6140432404533653,0.42555479941076885,20,Male,Tier3,"cod available, influencer recommended, insta finds, referral code",6
CUST01847,58,1,2650.0,6241.0,0.348819793682496,0.40499040490749694,0.416017925096839,0.22712131106579878,0.35686076383736215,0.24425182520608058,0.5230149562791224,36,Female,Metro,"ethnic wear, occasion wear, kurta set",5
CUST01848,14,14,570.0,12453.0,0.7096277306780379,0.26116542744365406,0.30448971483579773,0.5717027220553614,0.12380756310884088,0.6040543582535701,0.41725312870071957,27,Female,Tier3,"budget, coupon, sale, size medium, combo offer",0
CUST01849,13,2,1640.0,4165.0,0.2738666763835903,0.40405992107719546,0.6366607121905706,0.09425478715595115,0.26908450065347833,0.7452680684998554,0.2875980917984433,18,Male,Tier2,"exchange, drop alert, size medium",2
CUST01850,56,1,1040.0,928.0,0.7653239636000424,0.28140667333717884,0.5855359464195853,0.276011141925315,0.13845291165509963,0.5638241392794919,0.6717232128368366,26,Female,Tier3,"new user offer, unboxing, insta finds, referral code, reels",6
CUST01851,72,1,2010.0,2307.0,0.3537541847973199,0.8296958885438078,0.45339380620041964,0.20217321213558095,0.34443298166399944,0.4782260181873929,0.16868969111797213,27,Male,Tier2,"jeans, cod available, compare",3
CUST01852,10,6,1220.0,18637.0,0.3592481479552863,0.20737525977220483,0.598236033729635,0.26429188923583774,0.13747207703452732,0.882999565797801,0.2041145025394587,25,Female,Metro,"streetwear, hype, t-shirt, restock alert",2
CUST01853,38,1,1090.0,591.0,0.44213219872545734,0.7231749528330642,0.4431133114919653,0.3622663897197619,0.1946202987882728,0.7200637451423519,0.41776281530455406,23,Female,Metro,"cod available, size chart, still deciding, compare, size medium",3
CUST01854,101,3,4790.0,13123.0,0.1584952770327659,0.5419322984305944,0.540671983885165,0.32146804972240856,0.13785996639242648,0.3022541487876298,0.5280159717685272,46,Female,Tier3,"family pack, wedding collection, kurta set, ethnic wear",5
CUST01855,81,1,3360.0,7495.0,0.42059238743671806,0.48636100047480063,0.12290625567959286,0.6553618188695098,0.22173192545089723,0.4259459732767825,0.35590287202628873,41,Female,Metro,"wedding collection, sherwani, occasion wear, ethnic wear",5
CUST01856,71,1,1110.0,1447.0,0.37631740453527535,0.7670379654740573,0.1532319345168352,0.25956965998267456,0.5871984055004902,0.5947701723950228,0.3974386699235025,25,Female,Metro,"still deciding, reviews, compare, return policy",3
CUST01857,63,5,1140.0,10573.0,0.5230139204606952,0.5774078204974084,0.3183664605231278,0.4967723361283373,0.18486120334853484,0.6172666142573119,0.6123138492429837,28,Male,Tier2,"return policy, size medium, coupon, compare",3
CUST01858,41,2,1460.0,2204.0,0.1883420492458475,0.026154898954209596,0.6150250988458884,0.3214647447327023,0.06351015642140931,0.4797061692106761,0.13555435509088584,34,Male,Tier3,"favorite brand, jeans, new user offer, loyalty points",4
CUST01859,14,11,600.0,9136.0,0.5981692448134815,0.4992442767733951,0.44071995806028036,0.5584768739345267,0.0008031680051929501,0.5942409457864717,0.6994705338427736,29,Female,Tier2,"kurta, exchange, discount, cashback, try first order",0
CUST01860,47,2,990.0,1412.0,0.37472514245862004,0.7009915400739896,0.32832525242095373,0.16198509937899283,0.5096896482000534,0.5238747866167259,0.3945480642591054,42,Female,Tier2,"return policy, cod available, size chart, delivery time, kurta",3
CUST01861,54,2,1260.0,1558.0,0.35134219357691754,0.7692140081215135,0.3023990188545198,0.5037840551525907,0.19381692599288944,0.6227623543434401,0.34773101636748854,48,Non-binary,Tier3,"still deciding, cod available, wishlist",3
CUST01862,18,4,650.0,2734.0,0.5925568815459987,0.4510904129685832,0.7134142220256151,0.19237299031101607,0.09421278766336857,0.6025026810065993,0.6300989587392076,30,Female,Tier3,"exchange, cashback, combo offer",0
CUST01863,11,5,1660.0,8648.0,0.41040186930176314,0.19001779029478602,0.7160066030455094,0.07357714502844967,0.21041625192604077,0.5975478389639168,0.19642046646746206,24,Female,Tier3,"hype, new drop, sneaker match, collab",2
CUST01864,6,17,940.0,21288.0,0.5260110139808186,0.15497703628093268,0.692877774690297,0.2982256447010835,0.008896580608619463,0.802773139609785,0.3058568622254176,18,Female,Metro,"restock alert, collab, ethnic wear, hype",2
CUST01865,83,1,1590.0,3223.0,0.5381416746607444,0.7090353048684492,0.6230905482430157,0.07118208606841869,0.3057273656885655,0.6116822950331681,0.3921040208649674,35,Female,Tier3,"welcome offer, return policy, still deciding, cotton",3
CUST01866,69,1,1370.0,2452.0,0.3020389095714993,0.5039159830438372,0.22098555494482683,0.5846459572787733,0.19436848777639987,0.6221283010118476,0.37131224642930954,18,Female,Metro,"return policy, t-shirt, still deciding, reviews, compare",3
CUST01867,57,1,1460.0,2327.0,0.556338599530063,0.8156825850558731,0.5237411730806248,0.14886233372210006,0.3273964931972752,0.4995162639532245,0.33483326243636635,38,Non-binary,Tier3,"size guide, cotton, cod available, wishlist, fit check",3
CUST01868,43,2,1020.0,2180.0,0.5776104362192144,0.33944657338533857,0.6795637067358701,0.24319451720613772,0.07724177605799229,0.5986731330283984,0.7578965963202862,19,Male,Tier2,"try first order, new user offer, referral code, capsule collection",6
CUST01869,6,3,1230.0,6584.0,0.4182303198950639,0.3935166012082604,0.7861470884103632,0.1720001149275291,0.041852796662107665,0.9344086181926641,0.29878024225156513,23,Male,Metro,"streetwear, favorite brand, hype, jeans, oversized fit",2
CUST01870,46,4,3700.0,10943.0,0.1964000089819505,0.41483832773141094,0.4358557951938708,0.31469039546597005,0.24945380934015898,0.2912773155761637,0.07109623079330392,38,Female,Metro,"luxury, exclusive collection, premium fabric",1
CUST01871,13,9,610.0,10793.0,0.6580735942577796,0.503412310374,0.3529725433897468,0.23411231919207795,0.41291513741817526,0.5311916850748346,0.5312236464931522,21,Female,Tier2,"jeans, combo offer, discount",0
CUST01872,14,5,580.0,5832.0,0.6264107060681522,0.3531277741635419,0.649208623844385,0.11249315545875975,0.23829822069685525,0.6562117020271034,0.7864194449005548,40,Male,Tier3,"premium, budget, bogo offer, sale, clearance",0
CUST01873,53,1,1220.0,2004.0,0.6111024163090776,0.5618074476451989,0.43309436177124017,0.44167240218032155,0.12523323604843814,0.6675400898140449,0.5313242702502408,20,Female,Tier3,"try first order, insta finds, new user offer",6
CUST01874,95,1,4070.0,4036.0,0.13630363511229757,0.4534569548863811,0.17225161366401212,0.7960388008224131,0.03170958551357481,0.48291254457719685,0.21440218940466954,29,Male,Metro,"ethnic wear, occasion wear, order tracking, gifting",5
CUST01875,12,12,500.0,12092.0,0.7376434807797029,0.21422383969671116,0.8215818656194492,0.1617432681165302,0.016674866264020587,0.5634262911114885,0.8313324236474541,23,Male,Tier3,"budget, free shipping, kurta, discount",0
CUST01876,48,1,1210.0,2666.0,0.4946829002606232,0.4331825547770586,0.5411616687307743,0.09652188614042921,0.36231644512879657,0.6403106293163345,0.4229551230304312,22,Male,Tier3,"restock alert, new user offer, reels, kurta",6
CUST01877,11,6,1560.0,11406.0,0.18151081836057878,0.5333485634788264,0.6165582423216053,0.2866326244692391,0.09680913320915559,0.803863594402619,0.3165744499865451,25,Male,Metro,"order tracking, limited stock, restock alert",2
CUST01878,49,2,990.0,4090.0,0.4333437470183909,0.6485812206273974,0.6629152596977265,0.07703100507086098,0.2600537352314125,0.6062068871790128,0.32422478053153975,29,Female,Tier2,"fit check, return policy, still deciding, reviews, delivery time",3
CUST01879,12,10,580.0,14414.0,0.6764070037050935,0.3726206190475108,0.8241663150215697,0.13534812677773342,0.04048555820069689,0.6535821539255559,0.5567670656353084,26,Male,Tier2,"sale, coupon, budget, bogo offer",0
CUST01880,25,4,880.0,4311.0,0.7968737127891332,0.3719601641563975,0.8553259842555591,0.1151603512998106,0.029513664444630428,0.4732783283417029,0.5415068114463468,30,Female,Metro,"combo offer, cashback, kurta",0
CUST01881,52,3,2630.0,12682.0,0.4103139260455618,0.15351572120096904,0.7346950859644584,0.12632653678793793,0.1389783772476037,0.3884275682301751,0.12290483133843307,37,Female,Metro,"exchange, early access, jeans",4
CUST01882,13,1,600.0,567.0,0.8220283863172926,0.3544607112003771,0.49785195780781905,0.3752811901824909,0.12686685200968997,0.5937625276093618,0.6619962078123396,29,Female,Tier2,"bogo offer, flat 50% off, clearance, size medium, kurta",0
CUST01883,47,17,1690.0,41822.0,0.3878543997314315,0.16109605510220096,0.22496471890236286,0.14465320601015372,0.6303820750874835,0.3545731573294517,0.1191187213470225,25,Female,Tier2,"repeat order, my orders, early access, loyalty points, favorite brand",4
CUST01884,46,1,1970.0,3687.0,0.32718794410596574,0.4911755912404904,0.5165613936045756,0.17511901005779912,0.30831959633762523,0.6690350918110151,0.5697938213507685,32,Female,Tier3,"kurta set, my orders, gifting, sherwani",5
CUST01885,49,8,1770.0,12460.0,0.17946699278145006,0.11360688168501246,0.6569068217636065,0.1433113445790285,0.19978183365736507,0.2315427326923065,0.20197790249920297,38,Non-binary,Metro,"my orders, order history, usual size, loyalty points",4
CUST01886,50,7,1760.0,10946.0,0.24963505137311687,0.454525552088728,0.7264226218052594,0.17094250662196644,0.10263487157277414,0.4582419658427828,0.14820254534894362,32,Male,Tier2,"order tracking, new arrivals, repeat order",4
CUST01887,64,1,3210.0,2475.0,0.41275409381359385,0.28333807823727075,0.3172377605570911,0.5774240556109953,0.10533818383191364,0.565823477766497,0.6561566373476689,32,Female,Tier2,"occasion wear, coupon, wedding collection, cotton",5
CUST01888,69,2,1290.0,1542.0,0.5101847113741762,0.7762608196614309,0.2758946853086436,0.390672912625075,0.3334324020662815,0.663021761793168,0.29016231251749275,26,Female,Tier3,"jeans, size medium, reviews",3
CUST01889,12,1,1910.0,2357.0,0.357358641381992,0.44361778691898923,0.4899651410398744,0.42600874054455967,0.08402611841556593,0.7864208748468363,0.40054854891248465,24,Male,Tier3,"limited stock, restock alert, drop alert",2
CUST01890,31,3,1440.0,7377.0,0.1925809617627665,0.22105669359931815,0.6342388610615641,0.31999641803163276,0.04576472090680305,0.5890557846927679,0.21610998993942018,40,Non-binary,Metro,"t-shirt, loyalty points, early access",4
CUST01891,73,1,1020.0,1798.0,0.588454171707437,0.37031930861265483,0.44133100265129854,0.16305254456958637,0.39561645277911506,0.568726572993953,0.5823138422897227,18,Female,Metro,"influencer recommended, reels, unboxing, try first order",6
CUST01892,45,5,1000.0,8801.0,0.6528704518451961,0.41610356838602514,0.13086665693699906,0.5764934580123844,0.2926398850506166,0.7739968286428758,0.31130052643472017,18,Female,Tier2,"free shipping, first order discount, size chart, trending",3
CUST01893,16,4,640.0,2317.0,0.7189158747350132,0.35958376475986903,0.47895678098858474,0.37339136971163517,0.1476518492997801,0.654907588013425,0.6635258043672527,28,Male,Tier3,"discount, clearance, bogo offer, t-shirt",0
CUST01894,9,17,1380.0,39890.0,0.5343997472370464,0.5169099766352098,0.7695265130489054,0.16546295960616178,0.06501052734493272,0.7536495394604411,0.31081825609331065,25,Female,Metro,"streetwear, hype, collab",2
CUST01895,67,1,2330.0,4889.0,0.23581854220173853,0.4052742195157066,0.3032412773901549,0.5545228237788121,0.1422358988310329,0.4102570431715021,0.633266908026032,41,Female,Tier2,"favorite brand, ethnic wear, free shipping, family pack",5
CUST01896,48,1,1350.0,3422.0,0.4548725456947491,0.6594167710582448,0.39204237425123656,0.4084344872614753,0.19952313848728812,0.5724378559893064,0.4241183997802259,28,Female,Metro,"delivery time, reviews, size chart, wishlist",3
CUST01897,51,1,2320.0,5845.0,0.3696706966277252,0.1382868007939652,0.38511482248010354,0.22642571130311184,0.3884594662167847,0.23013853321884442,0.12919632891417696,37,Female,Tier3,"usual size, full price, new arrivals, restock",4
CUST01898,80,2,1470.0,1788.0,0.22834764383424738,0.5573468210792402,0.7979674042491143,0.18572807164230745,0.016304524108578276,0.5418552666971928,0.49955488566084993,34,Male,Tier2,"compare, free shipping, still deciding, reviews",3
CUST01899,14,6,680.0,7743.0,0.6890424775173326,0.29654149643966576,0.731894461764418,0.1340129994802194,0.13409253875536256,0.43765282374854164,0.8083604952289908,27,Male,Metro,"lowest price, flat 50% off, curated, luxury, designer drop",0
CUST01900,15,11,700.0,6512.0,0.5790045649068889,0.26194172554474454,0.7424650124067164,0.17388396378494514,0.08365102380833843,0.5065435773867661,0.5181070041560998,18,Female,Tier3,"combo offer, sale, flat 50% off, cotton, t-shirt",0
CUST01901,11,5,1450.0,7770.0,0.2837953121632365,0.48895349040211405,0.6774058621896833,0.055852315105761996,0.26674182270455477,0.8175658413559606,0.3251546839682191,18,Male,Tier3,"occasion wear, collab, hype, streetwear, trending now",2
CUST01902,67,1,1160.0,2660.0,0.5101458130583808,0.7152266816010335,0.3786105701206151,0.2713849753646705,0.3500044545147144,0.5844799399284679,0.11676472921940187,48,Female,Tier2,"fit check, kurta, delivery time, reviews, wishlist",3
CUST01903,75,1,900.0,1458.0,0.5519662482109864,0.45920468032379996,0.5617627666915815,0.20970407613802455,0.22853315717039374,0.5920378520724944,0.5153698489580597,18,Male,Metro,"jeans, try first order, welcome offer",6
CUST01904,88,6,2830.0,9526.0,0.07924874083808402,0.43703636668148377,0.6662884694620322,0.1105939380799234,0.22311759245804436,0.2807735876956156,0.4516546686877492,47,Male,Tier3,"sherwani, restock alert, diwali sale, saree",5
CUST01905,41,1,840.0,1351.0,0.5391502215152689,0.5878812500140268,0.2576848817232108,0.4079945305492817,0.33432058772750756,0.6871245964754887,0.33219817317965095,25,Male,Metro,"usual size, return policy, wishlist, size guide, kurta",3
CUST01906,7,6,1130.0,7152.0,0.4839429787682312,0.3338288106139263,0.6076129873097125,0.17625921858947247,0.21612779410081484,0.8168956190832495,0.47709256521951987,27,Male,Tier2,"bogo offer, new drop, hype, oversized fit, drop alert",2
CUST01907,49,1,1210.0,2435.0,0.48853134869561143,0.40982618997597176,0.781486039532931,0.15716512669473454,0.06134883377233448,0.516193851353837,0.43567527545275786,19,Male,Tier2,"new user offer, influencer recommended, insta finds, try first order, kurta set",6
CUST01908,42,1,960.0,2144.0,0.538418873517782,0.31737253612452687,0.42856492719725736,0.37628298284057843,0.1951520899621643,0.883030836745595,0.7677222365221114,27,Female,Tier3,"cotton, try first order, coupon, new user offer, referral code",6
CUST01909,9,8,1460.0,20886.0,0.4312153918858656,0.20191954634553355,0.8602122044641155,0.04369852876228042,0.09608926677360417,0.9710331328283678,0.37692896725941,20,Male,Tier2,"hype, trending now, limited stock",2
CUST01910,71,1,1180.0,1334.0,0.2856046447775292,0.8083149956324787,0.5273467355379508,0.20568143589439516,0.266971828567654,0.7123296811840519,0.4802181461374045,27,Female,Tier2,"exchange, discount, size chart, reviews, cod available",3
CUST01911,11,8,750.0,5958.0,0.8540718893636343,0.3264809849864756,0.6408943012724839,0.3476143899005231,0.011491308826992955,0.45013704426076234,0.613472992681608,30,Male,Tier3,"flat 50% off, cod available, lowest price",0
CUST01912,7,16,1290.0,17395.0,0.2905521438834707,0.28608952633597023,0.649507967684715,0.29141895380742244,0.05907307850786257,0.8401335433717857,0.4218097977233559,28,Female,Metro,"t-shirt, repeat order, size medium",2
CUST01913,17,8,700.0,8617.0,0.6494580706000723,0.5280706399056492,0.5020155524378132,0.411012489063905,0.08697195849828185,0.5996173481486404,0.7014077002847021,31,Female,Tier3,"flat 50% off, budget, clearance, sale",0
CUST01914,57,1,2020.0,2465.0,0.3376825081557329,0.3412802244460098,0.35560074202623443,0.3816458775586578,0.2627533804151077,0.37127207806810614,0.5563552554806271,33,Male,Tier2,"occasion wear, sherwani, cashback",5
CUST01915,9,3,1260.0,4022.0,0.5088145707143568,0.3116204769666284,0.6232714714191054,0.31014687908184224,0.0665816494990522,0.7986239231863409,0.3066656197856047,20,Male,Metro,"collab, trending now, jeans, size medium",2
CUST01916,39,1,4160.0,10939.0,0.09874630537819905,0.1533485535387103,0.19892843488150302,0.4556456776023476,0.3454258875161492,0.2486766152285267,0.22205289527509328,42,Male,Metro,"luxury, delivery time, premium fabric, designer drop",1
CUST01917,92,1,3040.0,1773.0,0.3466258258741339,0.3033638291241599,0.5386294396222814,0.3019008832885157,0.15946967708920287,0.49439407543440583,0.4262961570249971,36,Male,Tier3,"kurta set, exchange, wedding collection",5
CUST01918,66,2,2400.0,2767.0,0.49575661151334505,0.16868363234761774,0.6157207031369041,0.28248013446450637,0.10179916239858967,0.6716130940264778,0.6925807536879106,29,Male,Metro,"ethnic wear, diwali sale, delivery time, exchange",5
CUST01919,51,1,880.0,1733.0,0.5623488312820176,0.3907881060110082,0.44981673323565513,0.43697543811611556,0.11320782864822916,0.6217657414900197,0.5899296933233161,25,Female,Metro,"try first order, insta finds, first order discount, new user offer, influencer recommended",6
CUST01920,9,3,1740.0,10160.0,0.5926041743142532,0.23927679725803025,0.510093660499998,0.14691110191619208,0.34299523758380995,0.854692916549627,0.31615310910538424,21,Male,Metro,"collab, sneaker match, size medium, hype, streetwear",2
CUST01921,18,8,820.0,5238.0,0.7836832957946156,0.4635163670551153,0.6783889850339399,0.25884283738177655,0.06276817758428364,0.5120606289048601,0.7283681064003854,30,Female,Tier3,"clearance, t-shirt, order tracking",0
CUST01922,14,19,570.0,7732.0,0.8721976647531744,0.33004324655091594,0.5045148253330363,0.35255626421909453,0.14292891044786923,0.7743000285078852,0.639548641365786,28,Female,Metro,"flat 50% off, fit check, bogo offer, t-shirt, clearance",0
CUST01923,60,1,1520.0,3407.0,0.29270127850404365,0.6074087081399984,0.3026203887320653,0.2870315608629422,0.4103480504049925,0.6572509997136599,0.2596383728575614,28,Non-binary,Metro,"order tracking, fit check, delivery time, reviews",3
CUST01924,47,7,1670.0,27879.0,0.459893223322844,0.07850627698727976,0.3210924874835119,0.46647385027188526,0.21243366224460292,0.21635178601589924,0.1406459399138145,38,Female,Tier3,"new arrivals, usual size, restock",4
CUST01925,55,1,2270.0,1411.0,0.19446173197338995,0.23616580089761793,0.22494797775244996,0.5971002432430611,0.17795177900448889,0.20968717898591877,0.05784079627442621,40,Female,Tier2,"early access, restock, new arrivals",4
CUST01926,46,3,2080.0,15389.0,0.21223770787704996,0.04377935333744271,0.3890524370572957,0.48133424557658255,0.12961331736612175,0.49001280127569635,0.1844366693606619,29,Female,Tier2,"restock, repeat order, early access",4
CUST01927,32,1,3040.0,3309.0,0.06541861993218263,0.2613765336362253,0.5733017762595042,0.10975047857327773,0.316947745167218,0.34099851781803026,0.20369211360709208,36,Female,Tier3,"exclusive collection, luxury, premium fabric",1
CUST01928,48,1,1240.0,779.0,0.6749569255879572,0.4961485872678675,0.42526410112629437,0.28646498506093365,0.28827091381277203,0.7041149157283658,0.6140510644310974,23,Female,Tier2,"try first order, influencer recommended, new user offer, jeans",6
CUST01929,13,5,490.0,1676.0,0.7929727843517023,0.32014862706790875,0.7952658957956423,0.18283528511511798,0.02189881908923984,0.6861368335493506,0.6978984816938405,24,Female,Tier2,"lowest price, combo offer, discount",0
CUST01930,61,6,1180.0,18313.0,0.3539866931833626,0.6316544286837714,0.2483240012178211,0.5816442962239552,0.1700317025582237,0.4638772525774238,0.23495097470457169,39,Male,Tier3,"compare, membership, return policy, delivery time, wishlist",3
CUST01931,70,1,1370.0,1730.0,0.31765745487130925,0.7876100559459794,0.5739311391328233,0.14060569107578058,0.28546316979139613,0.5596811210267694,0.4552527038856233,32,Male,Tier2,"still deciding, size guide, size medium",3
CUST01932,16,7,600.0,3485.0,0.7856468383395735,0.355869876247255,0.6990136495762588,0.2674730348354658,0.0335133155882754,0.45001496639941435,0.6662310577764067,21,Female,Tier3,"size medium, budget, saree, combo offer, sale",0
CUST01933,12,2,1730.0,5588.0,0.29024145308576793,0.2746647351311016,0.814854944860035,0.15075805656520266,0.034386998574762455,0.762055148424424,0.3455232793143094,27,Male,Metro,"wedding collection, streetwear, free shipping, hype",2
CUST01934,67,4,1190.0,7239.0,0.29874443873644946,0.6071648939777312,0.1716753056887959,0.7882001580621663,0.04012453624903788,0.4157864635762818,0.2706122453328435,40,Male,Tier2,"restock alert, fit check, delivery time",3
CUST01935,69,1,1220.0,2333.0,0.34227022955585573,0.45696409388216913,0.7492301870554612,0.10947340105968559,0.14129641188485328,0.7194893590990321,0.5103592150751628,26,Female,Metro,"size medium, welcome offer, insta finds, try first order, first order discount",6
CUST01936,78,1,1330.0,3235.0,0.4399279211176723,0.7846438107642787,0.21622503321386596,0.3412540258167192,0.44252094096941474,0.5145649579403434,0.2914497925264088,38,Female,Metro,"still deciding, jeans, occasion wear, size guide, cod available",3
CUST01937,24,3,3260.0,16825.0,0.09783330092764807,0.18591634138528104,0.026504002880327237,0.42088057592785844,0.5526154211918143,0.32104307879083266,0.05378295002148768,33,Female,Tier2,"made to order, designer drop, curated, exclusive collection",1
CUST01938,15,7,620.0,5183.0,0.7820511450580034,0.45319964547048636,0.792074579918423,0.18701652010484077,0.020908899976736207,0.4202295597947221,0.6400629134059215,28,Female,Tier3,"budget, sale, discount, lowest price, cashback",0
CUST01939,15,6,770.0,7772.0,0.7205349531732617,0.2928613483265037,0.8210142238629239,0.16619479624562553,0.012790979891450597,0.4246707905733605,0.7672811518903573,37,Male,Metro,"sale, streetwear, order tracking",0
CUST01940,61,1,3010.0,4656.0,0.4779328560569024,0.4625573927415893,0.13880358467314352,0.2634040951740604,0.597792320152796,0.3757245411361496,0.6457830828387213,40,Male,Tier3,"sherwani, family pack, kurta set",5
CUST01941,32,2,3030.0,14952.0,0.12564156570861226,0.20919498558152794,0.04792185912704249,0.6231245965644812,0.3289535443084765,0.08388387085648437,0.21480010131359814,30,Male,Metro,"cotton, limited edition, exclusive collection, delivery time, jeans",1
CUST01942,67,1,1300.0,642.0,0.5154120397063156,0.6116928428733106,0.5669268481813792,0.13931317565824655,0.2937599761603742,0.6006886193644132,0.29135174654594015,27,Female,Tier3,"wishlist, size medium, sale, fit check, t-shirt",3
CUST01943,60,2,2200.0,3612.0,0.27516678613655676,0.11531055436605687,0.31231735712630393,0.16664532122921638,0.5210373216444798,0.3459824861273322,0.28936914020166815,46,Male,Tier2,"membership, favorite brand, try first order, new arrivals",4
CUST01944,9,10,1430.0,18894.0,0.40738145534939835,0.2004859040627681,0.8826529330892973,0.10784755991986321,0.009499506990839533,0.9323393069767328,0.4434554376829268,25,Male,Tier2,"collab, trending now, restock alert",2
CUST01945,38,10,1230.0,13295.0,0.2758186836699924,0.276082824764675,0.49159506673968906,0.3960705211447842,0.11233441211552686,0.3019448318194127,0.18378126519154475,43,Female,Metro,"favorite brand, my orders, membership, usual size, early access",4
CUST01946,30,2,4190.0,14707.0,0.09972106473267617,0.16169796352299728,0.3856619960580325,0.33115688500051776,0.28318111894144976,0.24814525952239722,0.0351505602461018,24,Female,Metro,"capsule collection, luxury, premium",1
CUST01947,97,1,1360.0,1389.0,0.5552071284586131,0.6529738139007183,0.5615520917320171,0.11404037558180675,0.3244075326861761,0.5405263053862636,0.4195167266394035,28,Male,Metro,"size chart, flat 50% off, exchange",3
CUST01948,49,2,1070.0,1451.0,0.4531903940713845,0.35222296929996627,0.4438487828121581,0.21160479768922613,0.3445464194986158,0.6198120802303786,0.6394309886570245,18,Female,Tier2,"festive, trending, welcome offer",6
CUST01949,38,1,3670.0,5640.0,0.1941633867936928,0.24336317361261145,0.30272236546210407,0.4209745331247597,0.27630310141313624,0.16946261950460986,0.22957568340113121,32,Female,Metro,"designer drop, made to order, premium, limited edition, capsule collection",1
CUST01950,17,15,730.0,26598.0,0.6483388345459755,0.4202157377503381,0.7670472122659768,0.1307519474612061,0.10220084027281698,0.36021888794613033,0.7020833589174323,25,Female,Tier3,"cashback, cotton, discount, early access",0
CUST01951,45,2,960.0,1401.0,0.2603334938483686,0.6272579073229633,0.19362345161910297,0.4819772166133303,0.32439933176756675,0.6513961682042072,0.3022537516936035,35,Female,Tier2,"wishlist, delivery time, fit check, exchange, size guide",3
CUST01952,43,1,4600.0,4219.0,0.03398067174275424,0.2628171168398083,0.24638813041382104,0.5851822351702531,0.16842963441592573,0.3844245406757986,0.14120214157313554,27,Male,Metro,"premium, full price, size medium, exclusive collection",1
CUST01953,51,1,1220.0,1193.0,0.3822024594637091,0.6976747882355241,0.3385115671919482,0.21538513969770715,0.4461032931103447,0.4622591367486318,0.4055708368319231,32,Male,Tier2,"try first order, fit check, reviews, still deciding",3
CUST01954,12,8,720.0,9774.0,0.7680397786330346,0.4195118021641658,0.6790791905312078,0.19990656006990204,0.1210142493988902,0.529514689101565,0.390283933505097,27,Female,Tier2,"free shipping, designer drop, bogo offer",0
CUST01955,16,10,670.0,14380.0,0.5807762357019721,0.3823470362582928,0.7368122112555083,0.138708117322261,0.12447967142223064,0.4004614660575933,0.704140210503876,33,Female,Tier3,"return policy, reviews, lowest price",0
CUST01956,51,2,1750.0,5163.0,0.12021625078835564,0.07986497633588294,0.7862262816018867,0.07467115945825534,0.13910255893985798,0.43626303473724654,0.12719915632442647,30,Male,Tier3,"cotton, new arrivals, my orders, order history",4
CUST01957,45,4,1590.0,14888.0,0.35360388345895677,0.2495321322159764,0.4639823150925977,0.49073565312210976,0.04528203178529261,0.23065299947341883,0.3411616493615518,34,Female,Metro,"family pack, favorite brand, repeat order, usual size",4
CUST01958,50,7,1680.0,25146.0,0.25787321718222966,0.04264279806599253,0.19938358997217107,0.300478970198109,0.50013743982972,0.42678983037933166,0.1186520383166939,29,Female,Tier2,"restock alert, repeat order, early access, loyalty points, kurta",4
CUST01959,13,8,1270.0,6876.0,0.6476400197078245,0.4136746892775336,0.5767291650329943,0.19923725317333088,0.22403358179367477,0.7202059221813115,0.3081975237793145,30,Male,Tier2,"order tracking, restock alert, festive, size medium",2
CUST01960,9,2,1300.0,3769.0,0.5244751504690381,0.3310545827725464,0.5887679903476628,0.3518353502724253,0.05939665937991185,0.8183386964749155,0.4231202491091985,25,Male,Metro,"limited stock, trending now, fit check, sneaker match",2
CUST01961,11,8,570.0,9631.0,0.7550846710696295,0.506065278526518,0.8755233700480028,0.05875074834063744,0.06572588161135981,0.5646893591331731,0.729897204887718,18,Male,Metro,"sale, lowest price, bogo offer, hype, cashback",0
CUST01962,15,2,960.0,1294.0,0.7915393111289364,0.2745694246029251,0.4394148380133093,0.4748030002275319,0.08578216175915866,0.679372659493561,0.441485419955318,18,Female,Tier2,"flat 50% off, clearance, discount, bogo offer",0
CUST01963,37,5,1560.0,3389.0,0.4581410446289447,0.09672421830043688,0.18817943991468858,0.729472400167315,0.08234815991799645,0.45715348316077165,0.1515473026429169,37,Male,Tier2,"t-shirt, repeat order, wedding collection, cotton, loyalty points",4
CUST01964,15,2,530.0,807.0,0.7642669820017297,0.280186274357553,0.8210870680398783,0.11479649710804536,0.06411643485207622,0.5956378211973139,0.7247344843852765,27,Male,Tier3,"flat 50% off, exchange, budget, coupon, discount",0
CUST01965,32,1,1040.0,930.0,0.3952049833290741,0.6600032050543995,0.2972646980111041,0.46255718904591286,0.24017811294298308,0.6764147478039778,0.4876207447100401,34,Female,Metro,"favorite brand, return policy, order tracking, delivery time, size chart",3
CUST01966,8,1,1200.0,3227.0,0.44656992736064394,0.3083417079151824,0.6827714314482559,0.27541428354888803,0.04181428500285615,0.8102116559650461,0.4156878064650174,22,Male,Metro,"drop alert, kurta, collab",2
CUST01967,13,8,680.0,11039.0,0.716933146454807,0.32021473371109815,0.49488609818095386,0.3878409295344549,0.11727297228459115,0.6217632075691636,0.6985095122630458,22,Female,Tier3,"lowest price, cashback, clearance",0
CUST01968,22,5,780.0,7576.0,0.631815572497536,0.5006577844353335,0.3545465789287387,0.40669994419031275,0.23875347688094864,0.48185405356691385,0.7628234200178502,30,Female,Tier2,"flat 50% off, clearance, bogo offer, occasion wear, coupon",0
CUST01969,41,10,2520.0,49068.0,0.1040233029832854,0.2042791282082581,0.1929761101225309,0.32829292093466644,0.4787309689428027,0.2523740221947302,0.20401891744977407,27,Male,Metro,"curated, luxury, premium fabric, capsule collection, limited edition",1
CUST01970,72,2,2660.0,6253.0,0.1582277963136508,0.2758506293280994,0.3218119697297164,0.29729735742559,0.3808906728446935,0.5135047358337084,0.6983450110967682,34,Male,Tier2,"occasion wear, gifting, free shipping",5
CUST01971,51,2,2230.0,10717.0,0.214971926411989,0.14279151510817562,0.18374013199136743,0.3844856620023556,0.4317742060062769,0.2669366057169868,0.12638464517152415,34,Male,Tier3,"usual size, early access, membership, loyalty points",4
CUST01972,27,7,1050.0,7053.0,0.8091498828576088,0.4213922641038079,0.7782261399642034,0.20078759610147132,0.020986263934325393,0.31526412176484575,0.4645211715968856,23,Male,Tier3,"sale, clearance, budget, combo offer",0
CUST01973,98,7,2880.0,46447.0,0.39999785726141524,0.4579510532261019,0.19214356616460862,0.5251978104733689,0.2826586233620225,0.3050488547078015,0.6945236976303291,47,Male,Metro,"diwali sale, gifting, family pack",5
CUST01974,61,1,980.0,1052.0,0.3739573076862237,0.36030657410279765,0.43901475962364134,0.37986826964812725,0.18111697072823135,0.7623137442623005,0.3955682283388657,23,Male,Metro,"kurta, ethnic wear, referral code",6
CUST01975,13,5,590.0,5292.0,0.5705395734871295,0.23675068585754414,0.8136521584335703,0.17781693452725392,0.008530907039175731,0.6229118803247551,0.5934348239864201,26,Female,Tier2,"clearance, lowest price, flat 50% off",0
CUST01976,15,14,630.0,18128.0,0.8609776733906409,0.36311780524198556,0.7053158526692316,0.22483320214681135,0.06985094518395699,0.2861918839061969,0.7293556286939088,27,Female,Tier2,"sale, budget, clearance",0
CUST01977,71,1,3180.0,5383.0,0.34802624011167843,0.3678843783921286,0.46816808537717314,0.28941011136566264,0.24242180325716428,0.616104025822116,0.3800475806640774,31,Female,Metro,"saree, ethnic wear, wedding collection, fit check",5
CUST01978,17,10,770.0,21481.0,0.682445529044184,0.3827784727766522,0.6389777407620886,0.15422693495766807,0.20679532428024322,0.46014145826357566,0.554785801194929,24,Female,Tier3,"budget, t-shirt, sale, coupon, jeans",0
CUST01979,63,1,1250.0,1713.0,0.5612849004417321,0.544164891651088,0.37637748475103905,0.5304338456460655,0.09318866960289529,0.744347903987173,0.47916657942994406,31,Male,Metro,"reels, referral code, new user offer",6
CUST01980,97,1,3630.0,5591.0,0.17856011729215412,0.5085200681288383,0.32455047986196733,0.6543660613383103,0.021083458799722395,0.4007197639526747,0.6654107376405386,34,Female,Metro,"ethnic wear, sherwani, exchange",5
CUST01981,38,9,1690.0,19276.0,0.16731143593350847,0.14552040815138909,0.4824386078671725,0.25649338377416503,0.2610680083586625,0.3861602763276816,0.2519822117885105,35,Female,Tier2,"order history, restock, cotton, membership, favorite brand",4
CUST01982,90,1,3820.0,7751.0,0.31123748563479675,0.30361083996788185,0.4478257672919227,0.2565422319586987,0.2956320007493788,0.19833390935056538,0.6065139193395337,40,Female,Tier2,"t-shirt, free shipping, kurta set, diwali sale",5
CUST01983,31,5,3240.0,31859.0,0.31872572716828135,0.2115583397096559,0.33952631955782575,0.41425140387533554,0.2462222765668388,0.25102538560014975,0.19743981909137642,38,Female,Metro,"exclusive collection, premium fabric, kurta, free shipping, luxury",1
CUST01984,8,4,1200.0,14163.0,0.17661200237283547,0.43383632303425074,0.7119420206921142,0.1901318633938705,0.09792611591401514,0.7944891055111761,0.38984600387823354,21,Male,Tier3,"limited stock, size medium, hype, collab",2
CUST01985,63,1,3920.0,6483.0,0.015161816312131926,0.07742801708208989,0.21532671740399717,0.18164832458764635,0.6030249580083565,0.13911078703419577,0.13776143537922036,30,Male,Metro,"restock alert, jeans, luxury, streetwear",1
CUST01986,54,1,1140.0,2392.0,0.366756816060515,0.6782434467716996,0.6719895303341491,0.12032173774668031,0.2076887319191706,0.4614740626048387,0.29664869529716764,42,Female,Tier3,"size guide, still deciding, size chart, return policy",3
CUST01987,11,3,1340.0,5042.0,0.5908747934973244,0.4764684665883649,0.5111424473023393,0.20537079882546203,0.2834867538721986,0.7364085185202922,0.3214507202160823,26,Female,Tier2,"new drop, restock alert, exchange, order tracking, oversized fit",2
CUST01988,47,2,1820.0,2696.0,0.4593472034091356,0.3722119218489524,0.14334782780837535,0.5543688830867493,0.3022832891048755,0.32937793018510425,0.07125532148619305,32,Male,Tier3,"kurta, early access, free shipping, restock alert, favorite brand",4
CUST01989,60,1,2020.0,2113.0,0.24174360273580114,0.18846928401873472,0.19539872522762256,0.37390665237674564,0.4306946223956319,0.3729736578295225,0.14962169782064624,36,Male,Metro,"cotton, new arrivals, loyalty points",4
CUST01990,58,9,3060.0,15868.0,0.46903027606417913,0.2948433200242228,0.293213175917677,0.45249793214896916,0.2542888919333539,0.4575643247274851,0.2568696214951187,42,Male,Tier3,"ethnic wear, festive, curated, gifting",5
CUST01991,36,6,1630.0,14337.0,0.17096268950114563,0.2074444362989028,0.2692456202733714,0.47526121636343444,0.2554931633631941,0.4829216690850626,0.1874504155485965,37,Female,Tier2,"favorite brand, discount, restock, loyalty points, early access",4
CUST01992,14,2,670.0,1313.0,0.7990256972966175,0.3618435258074278,0.8428734742096258,0.14846702051973001,0.00865950527064427,0.6869480043764886,0.7119004449003468,27,Female,Tier2,"combo offer, discount, flat 50% off, clearance",0
CUST01993,27,5,2980.0,23083.0,0.18832726811899478,0.3114371114329074,0.2501654672986224,0.32733903480234955,0.42249549789902807,0.3596844876706957,0.22480958708583096,38,Male,Tier2,"designer drop, premium fabric, capsule collection, insta finds, curated",1
CUST01994,30,1,3240.0,3678.0,0.23650509957621302,0.18656202253296436,0.3092594498276634,0.3731826065575051,0.31755794361483136,0.24380360763711031,0.14624538729224396,39,Female,Tier2,"capsule collection, kurta, made to order, loyalty points",1
CUST01995,7,22,1050.0,37387.0,0.34871195825367324,0.21015241276690605,0.8695703610563554,0.09578342709554917,0.034646211848095375,0.8630492589944078,0.32380976680180273,27,Female,Tier2,"new drop, oversized fit, drop alert, trending now, limited stock",2
CUST01996,7,17,430.0,14291.0,0.8007869838089323,0.2950267231939168,0.8452302316414257,0.12036286892420273,0.03440689943437145,0.6588136371653549,0.5914736737048256,25,Female,Tier2,"discount, coupon, lowest price",0
CUST01997,34,16,1290.0,39797.0,0.28467842459812076,0.23411773253153179,0.39204569384535326,0.49984338348861623,0.10811092266603048,0.42937670249976395,0.18106192466778054,42,Male,Tier3,"size medium, jeans, new arrivals, oversized fit",4
CUST01998,12,9,1380.0,13602.0,0.4386707194186922,0.3020972559844176,0.6545012194722941,0.25952616235046483,0.08597261817724107,0.8948215542781527,0.38235384126784056,22,Female,Tier3,"hype, collab, streetwear, restock alert",2
CUST01999,11,12,600.0,8831.0,0.8425092127129928,0.14709334131706975,0.4378871594018505,0.461931306892633,0.1001815337055165,0.47826176538016757,0.5499083033180464,22,Male,Tier3,"budget, discount, coupon",0
CUST02000,15,7,660.0,3660.0,0.40635190668586196,0.49519215492627416,0.743844871333093,0.183429638176288,0.072725490490619,0.5182310070939037,0.6387224393911406,20,Female,Tier2,"budget, discount, bogo offer, combo offer",0
